field_id,crop,actual_et,actual_eto,actual_etof
CA_27267,61,1.8799255014326648,2.6191260744985674,0.7139369627507163
CA_297922,75,1.8955644699140402,4.543638968481376,0.4327936962750716
CA_297927,61,2.5586618911174783,4.902120343839541,0.5636991404011461
CA_297932,204,3.6831805157593127,4.810392550143266,0.7589398280802292
CA_297950,204,1.1576561604584528,4.531283667621776,0.3159942693409742
CA_297962,61,1.9891432664756448,4.655670487106017,0.4917793696275072
CA_298024,204,3.632893982808023,4.624404011461317,0.805948424068768
CA_298067,47,1.5811060171919773,4.485117478510029,0.4172234957020057
CA_298100,69,3.874232091690544,4.434426934097421,0.8818853868194843
CA_298141,72,1.7747650429799429,4.663484240687679,0.4667077363896848
CA_298142,72,1.7284785100286535,4.663484240687679,0.4607851002865329
CA_298159,72,1.761083094555874,4.767885386819484,0.35146704871060175
CA_298160,72,1.6694269340974213,4.767885386819484,0.3394613180515759
CA_298170,72,0.8863381088825215,4.9917335243553005,0.28298853868194845
CA_298175,72,2.123134670487106,4.813638968481375,0.37428080229226357
CA_298199,72,2.0288194842406875,4.663484240687679,0.49512034383954157
CA_298201,72,2.5309541547277936,4.663484240687679,0.5856275071633238
CA_298244,204,1.9834670487106019,4.813638968481375,0.4183438395415473
CA_298273,69,1.6029283667621776,4.803713467048711,0.4087478510028653
CA_298289,61,2.3150888252149,4.813638968481375,0.4745472779369627
CA_298291,75,1.4773037249283667,4.641212034383954,0.4043810888252149
CA_298316,204,3.3947077363896847,4.632770773638969,0.7799340974212035
CA_298318,72,2.346028653295129,4.813638968481375,0.5323266475644699
CA_298360,72,2.1065616045845275,4.4939512893982805,0.5005787965616045
CA_298397,75,1.4899054441260744,4.813638968481375,0.36444985673352437
CA_298463,75,3.672819484240688,4.583819484240688,0.8380085959885386
CA_298475,75,3.7608796561604585,4.56078223495702,0.8425902578796562
CA_298489,75,3.097532951289398,4.4902063037249285,0.7275558739255015
CA_298528,204,3.896699140401146,4.70152435530086,0.8414212034383954
CA_298529,75,3.6740716332378223,4.70152435530086,0.8222664756446991
CA_298568,75,3.2064183381088824,4.583819484240688,0.718702005730659
CA_298594,75,3.0153123209169057,4.583905444126074,0.597567335243553
CA_298601,75,2.8192750716332378,4.583819484240688,0.6189598853868195
CA_298612,75,1.6878022922636102,4.541733524355301,0.43589684813753576
CA_298656,75,2.5662836676217764,4.70152435530086,0.5595214899713467
CA_298674,75,2.661948424068768,4.434426934097421,0.6049512893982808
CA_298710,75,3.0534154727793696,4.583819484240688,0.6279255014326647
CA_298731,75,3.7455071633237824,4.583819484240688,0.8281289398280802
CA_298735,75,3.1741604584527217,4.5872349570200575,0.6865501432664757
CA_298752,75,3.323097421203438,4.610269340974212,0.727727793696275
CA_298803,75,2.980123209169055,4.501799426934097,0.6722750716332379
CA_298834,75,2.926968481375358,4.697372492836676,0.554163323782235
CA_298842,75,2.980779369627507,4.697372492836676,0.617266475644699
CA_298884,75,3.1914785100286536,4.518363896848138,0.6538968481375358
CA_298903,75,1.0482578796561604,4.7796848137535815,0.2719140401146132
CA_298948,75,2.9415444126074495,4.702369627507164,0.6116217765042979
CA_298952,75,3.8747765042979943,4.697372492836676,0.8514212034383954
CA_298992,75,2.989034383954155,4.598521489971347,0.602269340974212
CA_299018,75,2.838610315186246,4.957945558739255,0.4929598853868195
CA_299026,75,2.5936017191977077,4.800283667621777,0.5430028653295129
CA_299052,75,2.439060171919771,4.7796848137535815,0.5992722063037249
CA_299054,75,2.4387134670487107,4.7796848137535815,0.6019340974212034
CA_299075,75,3.4996934097421204,4.705767908309456,0.7671060171919771
CA_299081,75,1.9189312320916905,4.695558739255015,0.3915816618911175
CA_299085,75,2.8806676217765044,4.695558739255015,0.5530601719197707
CA_299086,75,2.9125186246418338,4.696690544412608,0.5908051575931232
CA_299125,75,2.2794985673352435,4.702369627507164,0.4248710601719198
CA_299136,75,2.9432091690544415,4.7796848137535815,0.569919770773639
CA_299151,75,3.014392550143266,4.583819484240688,0.6182091690544412
CA_299174,75,2.420899713467049,4.615134670487106,0.5038796561604585
CA_299176,75,3.0865759312320913,4.590381088825215,0.6680573065902579
CA_299213,75,2.865212034383954,4.8205902578796564,0.5414957020057306
CA_299233,75,2.242214899713467,5.021507163323783,0.3971146131805157
CA_299254,75,3.893292263610315,4.598521489971347,0.8684240687679082
CA_299256,75,1.6589312320916905,4.618825214899713,0.38539541547277933
CA_299259,75,4.068352435530086,4.618825214899713,0.8910028653295128
CA_299265,75,4.190028653295129,4.618825214899713,0.8993295128939828
CA_299268,61,1.9554469914040116,4.886315186246419,0.41014899713467046
CA_299271,75,2.900856733524355,4.83558452722063,0.5755386819484241
CA_299310,75,4.199530085959886,4.415432664756447,0.9551633237822349
CA_299328,75,3.485759312320917,4.48049570200573,0.8049226361031518
CA_299331,75,3.0737106017191973,4.489286532951289,0.7017707736389684
CA_299335,75,3.9336103151862463,4.489286532951289,0.8950916905444126
CA_299348,75,3.439570200573066,4.4143724928366765,0.7722263610315186
CA_299380,75,3.164696275071633,4.489286532951289,0.7016848137535817
CA_299395,75,3.87210888252149,4.489286532951289,0.8494699140401145
CA_299440,75,3.7201117478510026,4.405269340974212,0.8638338108882522
CA_299451,75,2.7493954154727795,4.489286532951289,0.5289111747851003
CA_299467,75,3.199724928366762,4.499277936962751,0.7264068767908309
CA_299488,75,3.1393352435530084,4.48049570200573,0.7328395415472779
CA_299502,75,1.183974212034384,4.415432664756447,0.3393667621776504
CA_299514,75,3.2024498567335242,4.4913495702005735,0.7506647564469913
CA_299515,75,1.1586045845272206,4.415432664756447,0.33249570200573064
CA_299528,75,3.063383954154728,4.5162550143266476,0.72421776504298
CA_299540,75,3.0622578796561606,4.489286532951289,0.6340974212034385
CA_299609,75,3.788432664756447,4.690478510028654,0.8328825214899713
CA_299634,75,1.1661404011461318,4.466595988538682,0.3513352435530086
CA_299653,75,3.005484240687679,4.297931232091691,0.6944412607449856
CA_299663,75,2.762022922636103,4.297931232091691,0.6577363896848137
CA_299675,75,4.08023782234957,4.756853868194843,0.8709541547277938
CA_299682,61,3.548163323782235,4.444541547277937,0.813942693409742
CA_299683,75,2.3025472779369625,4.767681948424069,0.5343524355300859
CA_299689,75,3.111873925501433,4.297931232091691,0.7056905444126075
CA_299691,75,2.2517736389684813,4.595793696275072,0.5217507163323782
CA_299700,75,1.5195014326647565,4.543020057306591,0.3508767908309456
CA_299715,75,1.40856446991404,4.543638968481376,0.3696361031518625
CA_299723,75,1.614166189111748,4.595793696275072,0.3867363896848138
CA_299735,75,2.5955472779369626,4.721097421203439,0.5740888252148997
CA_299818,75,3.145412607449857,4.618899713467049,0.736836676217765
CA_299837,75,0.7382492836676218,4.4019140401146135,0.20755873925501434
CA_299845,75,2.4574154727793696,4.482094555873926,0.5932636103151863
CA_299848,75,2.9933352435530085,4.788899713467049,0.6407679083094555
CA_299853,75,2.8686103151862463,4.432848137535816,0.6517593123209169
CA_299867,75,3.0034297994269337,4.481355300859598,0.6091002865329512
CA_299905,75,2.1474183381088823,4.4019140401146135,0.5130888252148997
CA_299959,75,1.7078968481375358,4.485117478510029,0.3990601719197707
CA_299961,75,2.9600974212034386,4.485117478510029,0.6917134670487106
CA_300029,75,2.8695300859598856,4.506120343839542,0.6540744985673352
CA_300034,75,2.0927707736389682,4.506120343839542,0.48765329512893985
CA_300065,75,3.329186246418338,4.672467048710602,0.7387621776504297
CA_300075,75,1.1039083094555875,4.65658452722063,0.3005157593123209
CA_300106,75,1.5110229226361032,4.168888252148997,0.38288538681948425
CA_300128,75,2.957272206303725,4.699386819484241,0.7044555873925501
CA_300161,75,3.363429799426934,4.168888252148997,0.8121117478510029
CA_300170,75,3.727160458452722,4.543638968481376,0.8163295128939828
CA_300235,75,1.8086217765042978,4.311057306590258,0.460352435530086
CA_300250,75,2.580696275071633,4.311057306590258,0.5778080229226361
CA_300251,75,2.4694097421203436,4.311057306590258,0.5448223495702006
CA_300256,75,1.523507163323782,4.12278223495702,0.35641260744985676
CA_300262,75,3.2535214899713467,4.31032664756447,0.7287650429799427
CA_300271,75,1.7468022922636104,4.685730659025788,0.4189398280802292
CA_300313,75,2.579644699140401,4.485117478510029,0.6010601719197708
CA_300320,75,4.044292263610315,4.543638968481376,0.8958624641833811
CA_300355,47,1.9005959885386818,4.451676217765043,0.45907163323782235
CA_300358,75,2.8224040114613183,4.653292263610315,0.5996790830945559
CA_300383,75,2.1787449856733523,4.451676217765043,0.5220315186246418
CA_300388,75,2.6602865329512895,4.4902063037249285,0.6421260744985674
CA_300396,75,3.032418338108883,4.327,0.7069684813753582
CA_300402,75,2.6860544412607448,4.451676217765043,0.6315472779369627
CA_300445,75,2.347426934097421,4.451676217765043,0.5705902578796561
CA_300446,75,2.0106561604584527,4.451676217765043,0.5059598853868196
CA_300462,75,1.3989856733524355,4.311057306590258,0.3772320916905444
CA_300472,75,1.501275071633238,4.451676217765043,0.3713896848137536
CA_300476,75,1.0889684813753582,4.678627507163323,0.302541547277937
CA_300528,75,4.010547277936963,4.6231719197707735,0.8708767908309455
CA_300533,75,3.6613266475644703,4.597767908309456,0.7756876790830944
CA_300549,75,2.3057106017191975,4.327,0.5603868194842406
CA_300567,75,1.8517220630372493,4.5950773638968485,0.42085100286532956
CA_300581,75,3.5155042979942697,4.597767908309456,0.7445902578796563
CA_300603,75,2.6145186246418337,4.327,0.6325272206303725
CA_300607,75,1.9510085959885388,4.327,0.49275644699140403
CA_300629,75,1.9994957020057305,4.600793696275072,0.4706189111747851
CA_300679,75,3.8210573065902578,4.403404011461318,0.8860716332378222
CA_300685,75,3.9661174785100286,4.5950429799426935,0.9097335243553009
CA_300687,75,3.2952292263610317,4.533785100286533,0.7716332378223496
CA_300693,75,1.3029885386819484,4.593283667621777,0.356
CA_300733,75,2.950300859598854,4.286965616045846,0.7082578796561604
CA_300738,75,3.5472779369627507,4.187905444126074,0.8214928366762179
CA_300753,75,3.8145300859598854,4.338492836676218,0.9042779369627507
CA_300805,75,3.420570200573066,4.286965616045846,0.7550200573065903
CA_300835,75,1.4946131805157594,4.250997134670487,0.45205444126074495
CA_300838,75,3.174487106017192,4.250997134670487,0.7628166189111748
CA_300869,75,2.863355300859599,4.286965616045846,0.6419856733524355
CA_300891,75,3.6585787965616046,4.37319770773639,0.8707478510028653
CA_300893,75,4.143908309455587,4.375263610315186,0.9360744985673353
CA_300962,75,3.0302607449856733,4.580432664756446,0.6869054441260745
CA_300983,75,2.8704871060171917,4.5162550143266476,0.6769169054441261
CA_300988,75,2.88058452722063,4.5162550143266476,0.6936303724928367
CA_300990,75,2.321667621776504,4.5162550143266476,0.565487106017192
CA_301003,75,3.839547277936963,4.559664756446992,0.8443724928366761
CA_301007,75,3.548051575931232,4.559664756446992,0.7861977077363896
CA_301013,75,2.8675415472779373,4.559664756446992,0.6559942693409743
CA_301016,75,2.2787220630372493,4.580432664756446,0.5387020057306591
CA_301018,75,2.455702005730659,4.580432664756446,0.5927736389684815
CA_301031,75,1.4406189111747851,4.5162550143266476,0.40198853868194845
CA_301049,75,3.9777392550143267,4.521406876790831,0.8757191977077363
CA_301104,75,2.6676561604584528,4.5162550143266476,0.6364928366762177
CA_301150,75,2.5560744985673356,4.5503467048710595,0.6129426934097422
CA_301162,75,2.0118767908309456,4.521406876790831,0.46840687679083093
CA_301202,75,1.9319799426934097,4.551759312320917,0.4836790830945559
CA_301206,75,3.5683008595988537,4.580879656160459,0.7346361031518625
CA_301250,75,3.0957421203438393,4.600435530085959,0.6536418338108883
CA_301269,75,3.1397163323782236,4.168888252148997,0.6770315186246418
CA_301283,75,2.967750716332378,4.595793696275072,0.6750372492836676
CA_301294,75,4.08143553008596,4.466595988538682,0.9150916905444126
CA_301305,75,2.4653724928366763,4.279163323782234,0.6161232091690545
CA_301316,75,1.5796647564469914,4.4019140401146135,0.4342865329512894
CA_301320,75,1.9884613180515758,4.4019140401146135,0.47880802292263613
CA_301339,75,1.9688108882521491,4.433570200573066,0.464974212034384
CA_301355,75,2.076131805157593,4.550997134670487,0.505243553008596
CA_301360,75,1.6263266475644698,4.595793696275072,0.42141260744985676
CA_301365,75,2.5191260744985673,4.167702005730659,0.5982865329512894
CA_301375,75,3.5319025787965614,4.167702005730659,0.8396676217765042
CA_301408,75,3.932616045845272,4.4019140401146135,0.8518939828080229
CA_301434,75,3.9067994269340973,4.297931232091691,0.8803696275071634
CA_301436,75,1.10476217765043,4.466595988538682,0.2770687679083095
CA_301445,75,3.8139656160458455,4.1518223495702005,0.9361461318051575
CA_301461,75,3.4295358166189107,4.450438395415473,0.7160085959885387
CA_301469,75,3.101028653295129,4.531283667621776,0.6509111747851003
CA_301471,61,1.9111117478510027,4.167702005730659,0.4498280802292264
CA_301507,75,3.5053925501432666,4.78023782234957,0.7750028653295129
CA_301513,75,3.585899713467049,4.466595988538682,0.822676217765043
CA_301518,75,2.1528252148997136,4.761383954154728,0.4943409742120344
CA_301520,75,2.5300085959885386,4.168888252148997,0.6039799426934098
CA_301523,75,3.0408853868194843,4.168888252148997,0.7069828080229226
CA_301532,75,2.0820716332378226,4.168888252148997,0.5317220630372492
CA_301565,75,1.9904498567335245,4.168888252148997,0.4854670487106017
CA_301582,75,2.076349570200573,4.311057306590258,0.5013839541547278
CA_301664,75,3.6464699140401144,4.679942693409742,0.8025501432664756
CA_301687,75,2.0646160458452725,4.327,0.48789111747851005
CA_301710,75,1.8661461318051575,4.230664756446991,0.5038022922636103
CA_301716,75,2.432948424068768,4.593389684813753,0.5500028653295129
CA_301726,75,2.678295128939828,4.593389684813753,0.5887535816618911
CA_301734,75,3.99210888252149,4.597767908309456,0.8184469914040114
CA_301791,75,1.848266475644699,4.327,0.4615186246418338
CA_301792,75,1.8452779369627506,4.327,0.44205444126074495
CA_301813,75,1.6512779369627508,4.593389684813753,0.41203438395415476
CA_301819,75,3.841166189111748,4.593389684813753,0.7502349570200573
CA_301826,75,2.2421203438395416,4.327,0.5476561604584528
CA_301837,75,1.669051575931232,4.327,0.4445644699140401
CA_301916,75,3.402343839541547,4.286965616045846,0.7943839541547278
CA_301927,75,2.6304985673352435,4.286965616045846,0.5707564469914039
CA_301940,75,3.403461318051576,4.533785100286533,0.7314240687679083
CA_301955,75,2.542277936962751,4.338492836676218,0.6186389684813753
CA_301982,75,2.486644699140401,4.403404011461318,0.614054441260745
CA_301986,75,2.47702005730659,4.315054441260745,0.5861260744985674
CA_302006,75,3.423338108882521,4.187905444126074,0.7617048710601718
CA_302091,75,1.8673065902578798,4.533785100286533,0.43857593123209165
CA_302106,75,1.2291776504297995,4.403404011461318,0.355702005730659
CA_302140,75,2.6014670487106017,4.064550143266476,0.7556389684813755
CA_302145,75,3.009246418338109,4.064550143266476,0.8272435530085961
CA_302155,75,1.65332664756447,4.064550143266476,0.48012320916905443
CA_302170,75,3.1928137535816616,4.185398280802292,0.8433123209169053
CA_302181,75,3.393323782234957,4.207406876790831,0.8831690544412607
CA_302206,75,2.9488166189111746,4.207951289398281,0.7773209169054442
CA_302215,75,3.3760544412607447,4.207951289398281,0.8550716332378224
CA_302336,75,3.084630372492837,4.207951289398281,0.8006762177650429
CA_302356,47,3.181441260744986,4.062160458452722,0.844269340974212
CA_302359,75,2.7310974212034385,4.060573065902579,0.7512693409742119
CA_302362,75,2.5525214899713466,4.064550143266476,0.7324469914040115
CA_302372,47,2.8235501432664756,4.12627793696275,0.7343524355300859
CA_302388,75,1.2871031518624643,4.433361031518625,0.35000286532951286
CA_302398,75,2.2499054441260746,4.286965616045846,0.5563266475644699
CA_302407,47,2.324997134670487,4.059575931232091,0.6583094555873925
CA_302421,47,2.910131805157593,4.060573065902579,0.780352435530086
CA_302470,75,2.9486934097421207,4.403404011461318,0.6518825214899714
CA_302476,75,2.6044269340974213,4.533785100286533,0.5388137535816618
CA_302481,75,2.626083094555874,4.119074498567335,0.6782206303724929
CA_302512,75,3.1008481375358166,4.060573065902579,0.8482636103151862
CA_302519,75,2.043060171919771,4.3445558739255015,0.5676618911174786
CA_302540,75,2.5054469914040114,4.403404011461318,0.5457936962750717
CA_302543,75,1.9712464183381089,4.403404011461318,0.4589684813753582
CA_302578,75,3.2100143266475647,4.119074498567335,0.8500888252148997
CA_302594,75,3.0365157593123207,4.060573065902579,0.8128252148997134
CA_302641,75,2.377793696275072,4.286965616045846,0.601269340974212
CA_302667,72,3.3620687679083097,4.782985673352435,0.6795931232091691
CA_302669,72,2.112498567335243,4.7913180515759315,0.47890830945558743
CA_302707,204,1.9522893982808025,4.608226361031519,0.49511747851002863
CA_302711,217,3.885971346704871,4.608226361031519,0.8601432664756447
CA_302735,69,2.123492836676218,4.655071633237822,0.4913323782234957
CA_302821,61,1.2681747851002867,4.6061088825214895,0.3664928366762178
CA_302848,217,2.308028653295129,4.580432664756446,0.5417363896848137
CA_302853,217,2.359358166189112,4.5879598853868195,0.5610315186246418
CA_302897,76,2.2070171919770774,4.230664756446991,0.5664813753581662
CA_302901,72,2.0577421203438395,4.168888252148997,0.4981575931232092
CA_302942,72,2.3057220630372495,4.168888252148997,0.5017478510028653
CA_302945,72,2.389765042979943,4.168888252148997,0.5658796561604584
CA_302968,72,3.1089111747851,4.684530085959886,0.6490744985673352
CA_302969,72,2.37423782234957,4.6231719197707735,0.5117908309455588
CA_302994,72,2.944323782234957,4.628487106017192,0.6590458452722063
CA_303045,72,2.961507163323782,4.645661891117479,0.6150687679083094
CA_303048,66,3.8810802292263613,4.645661891117479,0.8296561604584528
CA_303063,66,1.382464183381089,4.644126074498567,0.37218051575931227
CA_303072,61,2.7171919770773636,4.6245415472779365,0.5780687679083095
CA_303099,72,3.5096361031518626,4.698186246418338,0.7530085959885388
CA_303110,72,3.2450114613180516,4.621601719197708,0.701134670487106
CA_303115,72,3.3070343839541545,4.597767908309456,0.723
CA_303141,72,3.7354097421203436,4.652644699140401,0.8208853868194842
CA_303164,72,2.950667621776504,4.597767908309456,0.6170945558739255
CA_303175,217,2.5245071633237823,4.679942693409742,0.6255558739255014
CA_303182,72,3.607404011461318,4.597767908309456,0.7781461318051576
CA_303229,72,2.3108853868194843,4.594378223495703,0.5177421203438396
CA_303239,72,3.731868194842407,4.593131805157593,0.793429799426934
CA_303260,72,1.9890458452722064,4.80897994269341,0.43477363896848137
CA_303265,72,4.156375358166189,4.683727793696275,0.8775014326647564
CA_303270,72,1.7793180515759313,4.593389684813753,0.39126647564469913
CA_303293,72,3.2435759312320918,4.166532951289398,0.724541547277937
CA_303311,76,3.5517965616045846,4.353429799426934,0.7777736389684813
CA_303317,72,1.585406876790831,4.230664756446991,0.4257106017191977
CA_303328,72,3.7417908309455585,4.353429799426934,0.8926590257879656
CA_303344,72,1.483214899713467,4.230664756446991,0.38941260744985673
CA_303371,76,1.6045186246418337,4.126106017191977,0.42781948424068766
CA_303388,72,2.839785100286533,4.359252148997134,0.7003065902578797
CA_303396,72,2.1673896848137537,4.166532951289398,0.5295501432664756
CA_303433,72,1.6350114613180518,4.230664756446991,0.45271060171919775
CA_303463,72,2.264702005730659,4.230664756446991,0.5671232091690545
CA_303464,72,2.25323782234957,4.230664756446991,0.5727994269340975
CA_303482,72,3.275527220630373,4.207951289398281,0.8577965616045845
CA_303489,76,2.4157449856733524,4.448561604584527,0.6153724928366763
CA_303521,72,1.5779398280802293,4.280103151862464,0.49198280802292266
CA_303523,72,1.3595243553008596,4.280103151862464,0.4341805157593123
CA_303539,61,2.919650429799427,4.042977077363897,0.7765014326647565
CA_303590,72,3.3231891117478507,4.166532951289398,0.7776532951289399
CA_303597,72,3.866034383954155,4.367151862464183,0.9175272206303724
CA_303605,72,3.778962750716332,4.166532951289398,0.8230687679083094
CA_303712,72,3.021888252148997,4.448561604584527,0.7681690544412608
CA_303718,72,1.8374383954154727,4.217065902578796,0.5002063037249284
CA_303728,72,2.0211203438395415,4.159369627507163,0.5389169054441261
CA_303772,72,3.1456074498567337,4.187905444126074,0.7349484240687679
CA_303775,72,2.205868194842407,4.187905444126074,0.5270630372492836
CA_303798,72,3.5169025787965613,4.181275071633238,0.7931805157593123
CA_303862,72,3.3645530085959887,4.042977077363897,0.851618911174785
CA_303871,72,2.6800716332378225,4.324005730659025,0.671080229226361
CA_303874,66,2.9408538681948424,4.185398280802292,0.7636246418338108
CA_303878,204,2.407429799426934,4.166532951289398,0.5729856733524356
CA_303914,72,1.239426934097421,4.250997134670487,0.33056446991404015
CA_303915,72,1.2852234957020057,4.250997134670487,0.32207736389684816
CA_303927,72,2.4339684813753584,4.250997134670487,0.5490716332378224
CA_303949,72,1.9892578796561604,4.230664756446991,0.4992120343839541
CA_303957,72,2.5579426934097422,4.59889111747851,0.5821604584527221
CA_303959,72,3.0388825214899713,4.467183381088825,0.7063438395415473
CA_303969,72,3.677518624641834,4.597392550143266,0.8043810888252149
CA_303970,204,3.7456389684813756,4.59889111747851,0.8482922636103151
CA_303972,47,2.6987650429799426,4.59889111747851,0.6335530085959886
CA_303982,71,2.5199312320916905,4.524664756446991,0.6385128939828081
CA_303990,72,3.670647564469914,4.596183381088825,0.823002865329513
CA_303999,72,1.3706962750716332,4.467183381088825,0.42306017191977074
CA_304009,204,2.613183381088825,4.467183381088825,0.7030744985673352
CA_304037,72,1.81154441260745,4.596183381088825,0.5196647564469914
CA_304057,66,2.7172922636103154,4.490518624641834,0.7061232091690545
CA_304069,71,2.006025787965616,4.596183381088825,0.5491002865329513
CA_304113,72,3.969180515759312,4.367151862464183,0.9303295128939828
CA_304133,47,3.307873925501433,4.351710601719198,0.7833323782234957
CA_304147,72,2.0036905444126076,4.467183381088825,0.537650429799427
CA_304182,72,2.5335587392550143,4.596183381088825,0.5805014326647564
CA_304207,72,2.448833810888252,4.185398280802292,0.6557679083094556
CA_304209,72,2.139123209169054,4.207951289398281,0.5842836676217765
CA_304213,72,2.5684498567335243,4.207951289398281,0.6328853868194843
CA_304234,72,1.6362578796561604,4.207951289398281,0.484458452722063
CA_304236,72,3.022277936962751,4.185398280802292,0.7173438395415473
CA_304258,72,3.617157593123209,4.2191719197707735,0.9063266475644699
CA_304259,72,3.2653638968481378,4.212659025787966,0.8469627507163323
CA_304260,72,2.9532349570200576,4.207951289398281,0.7666590257879656
CA_304307,72,1.5593925501432664,4.596183381088825,0.4723295128939828
CA_304314,72,1.7113925501432663,4.25069340974212,0.4910200573065903
CA_304348,72,2.16623782234957,4.448561604584527,0.5347134670487106
CA_304355,72,2.3262578796561604,4.467183381088825,0.5708653295128939
CA_304360,72,1.8153610315186248,4.159369627507163,0.4292492836676218
CA_304372,72,2.768157593123209,4.467183381088825,0.6756418338108883
CA_304388,72,2.1664469914040114,4.324005730659025,0.5608997134670487
CA_304416,72,2.4253180515759314,4.324005730659025,0.5906876790830946
CA_304420,217,2.007845272206304,4.351710601719198,0.5407134670487106
CA_304429,72,3.3767822349570205,4.25069340974212,0.8049025787965616
CA_304465,72,2.62243553008596,4.429928366762178,0.6425472779369628
CA_304479,72,1.822432664756447,4.596183381088825,0.49151289398280806
CA_304512,72,3.076409742120344,4.420644699140401,0.707111747851003
CA_304580,72,2.4400085959885387,4.353429799426934,0.6374928366762177
CA_304631,72,2.0687163323782234,4.353429799426934,0.5719283667621776
CA_304640,72,2.7798022922636103,4.280103151862464,0.688378223495702
CA_304688,72,3.3607077363896845,4.420644699140401,0.7781203438395417
CA_304695,66,2.943464183381089,4.324005730659025,0.7035501432664757
CA_304718,66,2.4565243553008598,4.339412607449857,0.617916905444126
CA_304729,72,2.4305988538681946,4.467183381088825,0.6253581661891118
CA_304735,72,2.0868510028653295,4.159369627507163,0.5201404011461318
CA_304749,72,1.2092550143266474,4.478194842406877,0.33585386819484236
CA_304776,72,1.8705329512893984,4.491369627507163,0.4035845272206304
CA_304782,72,2.8254126074498567,4.50902005730659,0.6022865329512894
CA_304788,72,2.983398280802292,4.185398280802292,0.7926418338108883
CA_304789,72,3.3792492836676216,4.185398280802292,0.8664297994269341
CA_304808,72,3.189452722063037,4.2710744985673355,0.8213982808022923
CA_304835,72,3.003232091690544,4.185398280802292,0.7947020057306591
CA_304843,72,1.9872922636103154,4.25069340974212,0.5742779369627508
CA_304854,72,2.4108510028653294,4.159369627507163,0.5780200573065903
CA_304867,72,2.300785100286533,4.572750716332378,0.5652234957020057
CA_304877,72,2.551060171919771,4.6061088825214895,0.594865329512894
CA_304894,72,3.4001805157593123,4.570713467048711,0.7406819484240688
CA_304930,72,3.4671088825214897,4.572750716332378,0.8213237822349571
CA_304935,72,3.349553008595988,4.572750716332378,0.7663610315186246
CA_304942,72,2.096289398280802,4.6267707736389685,0.47646991404011463
CA_304954,66,2.034123209169054,4.636269340974212,0.48492836676217765
CA_304955,66,3.3361289398280802,4.6267707736389685,0.7285157593123209
CA_304983,66,2.7370458452722066,4.580722063037249,0.665106017191977
CA_304986,72,3.076916905444126,4.580879656160459,0.7256160458452723
CA_304992,72,3.720229226361031,4.597879656160459,0.8109770773638969
CA_305006,72,2.3779971346704873,4.580879656160459,0.48061604584527223
CA_305050,204,4.1360028653295124,4.764303724928367,0.883759312320917
CA_305068,72,3.4124555873925497,4.740868194842407,0.6905902578796561
CA_305094,72,4.074206303724928,4.733489971346705,0.8693381088825215
CA_305116,72,2.6820429799426933,4.740868194842407,0.5120830945558739
CA_305144,72,2.0226275071633237,4.6966991404011456,0.4711146131805158
CA_305146,72,3.0917679083094556,4.661830945558739,0.6700372492836676
CA_305197,72,2.9262779369627507,4.6966991404011456,0.6382464183381088
CA_305201,72,3.465702005730659,4.663510028653295,0.7530515759312321
CA_305216,72,3.5884813753581666,4.6249942693409745,0.7696704871060173
CA_305225,66,3.5842578796561604,4.685730659025788,0.7518510028653296
CA_305279,72,2.3709598853868195,4.6966991404011456,0.5494670487106017
CA_305282,72,2.093183381088825,4.69002005730659,0.4835558739255014
CA_305292,71,2.6898853868194843,4.6966991404011456,0.6136991404011461
CA_305309,66,3.016300859598854,4.6966991404011456,0.6749484240687679
CA_305323,72,2.9087965616045843,4.6966991404011456,0.6475530085959885
CA_305356,68,1.6952664756446991,4.611979942693409,0.39311461318051577
CA_305363,72,1.942650429799427,4.6928968481375355,0.4552492836676218
CA_305392,72,1.6240429799426932,4.538696275071634,0.39486246418338106
CA_305404,72,3.2931977077363896,4.6347936962750715,0.7553409742120343
CA_305409,72,3.139845272206304,4.699037249283667,0.720297994269341
CA_305410,72,3.6953896848137537,4.699037249283667,0.7829025787965617
CA_305417,211,2.4820143266475645,4.508587392550144,0.5171604584527221
CA_305420,72,2.9500343839541543,4.4647134670487105,0.6174527220630373
CA_305457,204,3.647991404011461,4.520736389684814,0.8122034383954155
CA_305466,204,3.417756446991404,4.623848137535816,0.7425816618911175
CA_305483,204,4.12574212034384,4.618699140401146,0.8923868194842406
CA_305524,204,3.3302979942693414,4.6005415472779365,0.7386446991404011
CA_305545,204,2.111401146131805,4.583349570200573,0.46892550143266476
CA_305552,204,3.303028653295129,4.613123209169054,0.7518280802292263
CA_305580,204,2.64832664756447,4.000567335243553,0.7182922636103152
CA_305597,204,3.579621776504298,4.096057306590258,0.7958424068767909
CA_305675,204,3.020303724928367,4.118123209169054,0.7620085959885387
CA_305684,204,2.9307908309455586,4.1554326647564475,0.776406876790831
CA_305739,204,3.211114613180516,3.997137535816619,0.8364756446991404
CA_305745,204,3.298922636103152,4.022266475644699,0.8403581661891119
CA_305752,204,1.9095759312320917,4.022266475644699,0.532810888252149
CA_305753,204,2.2334269340974213,4.022266475644699,0.5883839541547278
CA_305799,204,2.840570200573066,4.022266475644699,0.7544212034383955
CA_305805,204,2.8924441260744986,3.9997421203438397,0.7749140401146132
CA_305902,204,2.776404011461318,4.168573065902579,0.5976103151862464
CA_305920,204,2.6881833810888254,4.128111747851003,0.6591031518624642
CA_305947,204,2.986770773638969,4.128111747851003,0.7306189111747851
CA_305976,204,3.3405959885386816,4.105424068767908,0.8212292263610315
CA_305991,204,3.0542234957020056,4.118123209169054,0.7881002865329514
CA_305997,204,3.0344727793696276,4.165968481375359,0.6700773638968481
CA_306027,204,2.6888252148997136,4.128111747851003,0.6618510028653295
CA_306055,204,3.2103323782234954,4.105424068767908,0.7558481375358166
CA_306083,204,2.3899169054441263,4.052404011461318,0.5863495702005731
CA_306120,204,2.429567335243553,4.052404011461318,0.6148595988538682
CA_306154,204,3.5492893982808025,3.997137535816619,0.9276131805157594
CA_306156,204,3.315750716332378,3.9919025787965614,0.897865329512894
CA_306186,204,3.2281547277936964,4.022266475644699,0.8323610315186245
CA_306199,204,3.627879656160459,4.096057306590258,0.8567249283667622
CA_306203,204,3.2679426934097418,4.096057306590258,0.7564985673352437
CA_306211,204,3.748401146131805,4.161429799426934,0.836567335243553
CA_306231,204,3.0354785100286534,3.997137535816619,0.8186303724928367
CA_306273,204,1.1884183381088824,4.1904412607449855,0.32950716332378227
CA_306291,204,3.2675014326647562,4.143696275071633,0.8488022922636104
CA_306292,204,3.5416704871060167,4.131541547277937,0.8843667621776504
CA_306302,204,2.2831260744985675,3.9591719197707738,0.5488252148997135
CA_306345,204,2.300378223495702,4.044856733524355,0.6382349570200573
CA_306352,204,2.16856446991404,4.044856733524355,0.5693896848137536
CA_306363,204,3.286888252148997,4.0695386819484245,0.8361060171919771
CA_306387,204,2.8566103151862463,4.022266475644699,0.756733524355301
CA_306389,204,1.686464183381089,4.022266475644699,0.44945845272206303
CA_306411,204,3.696194842406877,4.175836676217765,0.9196246418338109
CA_306419,204,3.404730659025788,4.042137535816619,0.8776389684813753
CA_306432,204,1.5673323782234958,4.052404011461318,0.3836074498567335
CA_306442,204,2.8015100286532952,3.997137535816619,0.7396876790830946
CA_306443,204,3.0550114613180517,3.997137535816619,0.8065816618911176
CA_306458,204,2.18245558739255,3.997137535816619,0.5914412607449857
CA_306486,204,3.650487106017192,4.118123209169054,0.900868194842407
CA_306506,204,2.0608309455587395,4.161429799426934,0.500189111747851
CA_306521,204,3.0044985673352436,3.997137535816619,0.8020114613180516
CA_306548,204,2.0245530085959884,4.118123209169054,0.5298681948424069
CA_306553,204,3.13402005730659,4.022957020057307,0.7454498567335243
CA_306555,204,3.4439570200573066,4.105424068767908,0.8043810888252149
CA_306603,204,3.666191977077364,4.596255014326648,0.8116361031518625
CA_306620,204,3.5311031518624643,4.611853868194842,0.7516590257879656
CA_306627,204,3.8786733524355297,4.611853868194842,0.8593696275071634
CA_306653,204,3.7218853868194843,4.611853868194842,0.8075787965616047
CA_306673,204,4.141962750716333,4.596255014326648,0.912106017191977
CA_306675,204,2.273157593123209,4.598174785100286,0.5448939828080229
CA_306700,204,2.6264441260744986,4.596255014326648,0.6026160458452722
CA_306718,204,3.784713467048711,4.596255014326648,0.8286361031518625
CA_306733,204,2.762977077363897,4.586395415472779,0.6324097421203438
CA_306750,204,2.910051575931232,4.586395415472779,0.6308194842406877
CA_306762,204,3.398042979942693,4.596255014326648,0.7338595988538682
CA_306791,204,2.6827392550143263,4.611853868194842,0.587002865329513
CA_306793,204,3.6399083094555875,4.611853868194842,0.7962091690544413
CA_306904,204,2.4282607449856735,4.552558739255015,0.5914126074498567
CA_306930,204,2.950406876790831,4.548759312320917,0.6984011461318052
CA_306935,204,2.572948424068768,4.8800630372492835,0.5301489971346705
CA_306960,204,1.0015787965616045,4.863581661891118,0.2656905444126074
CA_306982,204,3.5762005730659028,4.845057306590258,0.6783753581661891
CA_306995,204,1.2812292263610314,4.855893982808023,0.3408223495702006
CA_307016,204,1.8684154727793696,4.862042979942694,0.4310171919770774
CA_307037,204,3.513641833810888,4.853114613180516,0.7211776504297994
CA_307054,204,3.8032521489971347,4.852690544412607,0.7269083094555874
CA_307087,204,4.273750716332378,4.872567335243553,0.8692177650429799
CA_307113,204,2.7251232091690545,4.861985673352436,0.541080229226361
CA_307129,204,1.0974097421203437,4.865985673352435,0.3111977077363897
CA_307130,204,1.7182779369627506,4.880037249283668,0.3854183381088825
CA_307151,204,1.4062406876790832,4.875234957020058,0.3204813753581662
CA_307194,204,2.9391833810888253,4.8800630372492835,0.5794957020057306
CA_307202,204,2.9217220630372496,4.868550143266476,0.5492292263610316
CA_307213,204,2.559429799426934,4.837982808022923,0.522349570200573
CA_307220,204,2.5442492836676216,4.833106017191977,0.5263123209169054
CA_307228,204,2.319080229226361,4.78110888252149,0.42361604584527224
CA_307273,204,3.911484240687679,4.623848137535816,0.8432063037249283
CA_307286,204,2.547808022922636,4.623848137535816,0.5610659025787966
CA_307307,204,2.7521690544412607,4.756664756446991,0.5887277936962751
CA_307363,204,3.2326361031518625,4.654071633237822,0.7146962750716332
CA_307370,204,4.355948424068767,4.641421203438395,0.9414097421203439
CA_307376,204,2.233724928366762,4.641421203438395,0.49265329512893985
CA_307395,204,3.539085959885387,4.629888252148997,0.7953982808022922
CA_307404,204,3.39936676217765,4.629888252148997,0.7649856733524356
CA_307414,204,3.540507163323782,4.639183381088825,0.7826103151862464
CA_307416,204,2.718567335243553,4.810114613180516,0.5674212034383954
CA_307443,204,2.8223696275071632,4.594750716332378,0.6445358166189112
CA_307459,204,2.6526790830945557,4.6005415472779365,0.6019226361031519
CA_307472,204,3.026358166189112,4.635968481375358,0.6576332378223496
CA_307499,204,4.295891117478511,4.641421203438395,0.9183868194842407
CA_307513,204,3.647085959885387,4.685438395415473,0.7190000000000001
CA_307598,72,2.5251948424068766,4.756111747851003,0.5564154727793696
CA_307606,204,2.7179369627507164,4.756111747851003,0.5598767908309455
CA_307619,75,3.5167449856733524,4.756111747851003,0.7315214899713467
CA_307628,75,2.63430659025788,4.731699140401147,0.610083094555874
CA_307638,75,2.782888252148997,4.695366762177651,0.5933724928366761
CA_307640,75,2.7536131805157593,4.643578796561604,0.6266790830945559
CA_307651,75,1.4098739255014325,4.704916905444127,0.3704297994269341
CA_307662,75,1.8183151862464182,3.997137535816619,0.49062464183381094
CA_307671,75,1.454194842406877,4.096057306590258,0.39502005730659023
CA_307679,75,3.0218624641833816,3.953828080229226,0.754487106017192
CA_307690,72,2.900819484240688,4.1904412607449855,0.7561461318051576
CA_307697,72,3.026191977077364,3.9538939828080233,0.8180744985673352
CA_307727,204,3.1921060171919775,4.096057306590258,0.7052550143266475
CA_307730,204,3.2914699140401145,3.953828080229226,0.8512005730659026
CA_307743,204,3.2324441260744985,4.1554326647564475,0.8272893982808023
CA_307774,204,2.5120916905444126,4.052404011461318,0.6041862464183381
CA_31028,241,2.9507134670487107,4.444636103151863,0.6542435530085959
CA_31029,241,3.576361031518625,4.444636103151863,0.7739083094555874
CA_31039,61,2.719191977077364,4.487939828080229,0.6160057306590258
CA_31062,241,3.0135300859598853,4.468578796561605,0.6289971346704871
CA_31086,61,3.627180515759312,4.628157593123209,0.7820257879656161
CA_31103,61,3.55223782234957,4.536759312320917,0.7297163323782234
CA_31126,47,2.4804756446991405,4.497472779369628,0.5198796561604584
CA_31169,61,2.7705530085959884,4.541885386819484,0.6116418338108882
CA_31195,75,2.2671489971346706,4.593750716332378,0.5187650429799427
CA_31238,36,3.6258538681948425,4.614859598853868,0.7649914040114613
CA_31239,36,2.9181031518624643,4.614859598853868,0.65210888252149
CA_31282,47,3.700160458452722,4.472277936962751,0.8093925501432665
CA_31288,47,3.299934097421203,4.545865329512894,0.7149111747851002
CA_31296,47,1.5053954154727796,4.435074498567335,0.41178223495702004
CA_31297,241,1.3967277936962752,4.436166189111748,0.3904097421203438
CA_31303,241,2.677303724928367,4.563381088825214,0.6078882521489971
CA_31325,36,2.5572263610315185,4.375083094555874,0.6377679083094555
CA_31335,36,2.560438395415473,4.283372492836676,0.596134670487106
CA_31383,47,2.9094126074498567,4.563381088825214,0.6068538681948424
CA_31440,61,1.9488481375358166,4.460340974212035,0.47338681948424066
CA_31477,61,1.3955472779369626,4.494464183381089,0.33067908309455585
CA_31505,61,2.5756361031518624,4.497472779369628,0.5203323782234958
CA_31523,47,3.467538681948424,4.494464183381089,0.762002865329513
CA_31528,61,2.9693094555873927,4.494464183381089,0.643134670487106
CA_31557,47,2.9103438395415475,4.488358166189111,0.6524469914040115
CA_31559,241,1.8419570200573065,4.488315186246418,0.456323782234957
CA_31579,241,3.2954527220630374,4.473538681948424,0.7233209169054441
CA_31597,47,3.2603610315186247,4.298361031518624,0.7517765042979943
CA_31616,37,2.2297392550143265,4.460340974212035,0.4511575931232092
CA_31679,241,2.6062578796561606,4.563381088825214,0.5222378223495702
CA_31690,61,3.352830945558739,4.272323782234957,0.7886647564469915
CA_31701,61,3.4702664756446993,4.354836676217765,0.787538681948424
CA_31718,47,2.843702005730659,4.460340974212035,0.6497134670487106
CA_31755,61,3.4731117478510027,4.494464183381089,0.7625100286532951
CA_31786,47,2.546085959885387,4.40289111747851,0.48822063037249286
CA_31820,241,3.2693151862464185,4.444636103151863,0.7146733524355301
CA_31840,47,1.5456275071633236,4.563381088825214,0.3515300859598854
CA_31844,36,2.2431518624641833,4.36763323782235,0.5453209169054442
CA_31913,47,3.3520859598853865,4.429618911174785,0.7507822349570201
CA_31934,61,3.170240687679083,4.563381088825214,0.6916962750716332
CA_31940,36,3.5799054441260743,4.2671031518624645,0.8461174785100287
CA_31969,241,2.0434498567335244,4.418507163323782,0.40365902578796564
CA_31972,47,2.06365329512894,4.40289111747851,0.4549025787965616
CA_31986,61,2.5944240687679083,4.429618911174785,0.5685358166189112
CA_31990,47,2.9970057306590254,4.429618911174785,0.6187535816618911
CA_31996,75,2.923323782234957,4.354836676217765,0.6553724928366762
CA_32028,61,2.621083094555874,4.4660257879656164,0.5973724928366763
CA_32040,61,3.6199111747851003,4.36763323782235,0.7971318051575932
CA_32043,61,3.079785100286533,4.36763323782235,0.6968968481375358
CA_32080,75,2.183114613180516,4.494464183381089,0.46031232091690544
CA_32082,61,3.7762091690544413,4.213805157593123,0.9149828080229226
CA_32084,241,2.303736389684814,4.444636103151863,0.5305902578796561
CA_32085,47,3.908183381088825,4.455272206303725,0.8516303724928367
CA_32109,36,3.0363352435530087,4.354836676217765,0.688919770773639
CA_32152,47,3.6250659025787964,4.40289111747851,0.8138882521489972
CA_32157,61,2.5571489971346706,4.429618911174785,0.6032091690544413
CA_32179,36,3.81736676217765,4.413553008595988,0.8318825214899713
CA_32226,61,2.5519971346704873,4.455283667621776,0.5750200573065902
CA_32249,36,3.657429799426934,4.466381088825215,0.8264441260744985
CA_32260,61,2.557868194842407,4.40289111747851,0.4909340974212035
CA_32269,61,2.7072607449856734,4.283372492836676,0.5304441260744985
CA_32282,47,2.6119598853868196,4.494464183381089,0.598080229226361
CA_32302,47,3.029214899713467,4.2189914040114616,0.7254097421203438
CA_32388,61,1.049484240687679,4.25932664756447,0.33337535816618913
CA_32404,47,0.9702263610315186,4.280925501432664,0.2796275071633238
CA_32411,61,3.279650429799427,4.232957020057306,0.790297994269341
CA_32417,61,2.7457822349570202,4.292819484240687,0.6553295128939828
CA_32418,47,2.494083094555874,4.310489971346705,0.6152263610315186
CA_32436,61,1.8088395415472778,4.052212034383954,0.5348395415472779
CA_32452,241,3.5210315186246417,4.521581661891117,0.7921690544412607
CA_32457,61,2.7738567335243554,4.472501432664757,0.6538710601719198
CA_32491,47,3.748063037249284,4.097323782234957,0.933621776504298
CA_32508,61,2.859169054441261,4.097323782234957,0.7179169054441261
CA_32521,61,3.326810888252149,4.59336676217765,0.7198395415472779
CA_32595,47,2.7742349570200573,4.472340974212035,0.6309054441260745
CA_32601,61,2.9234011461318055,4.431063037249284,0.6809340974212034
CA_32637,47,3.5800544412607453,4.626842406876791,0.7615644699140401
CA_32667,61,3.503446991404011,4.30254441260745,0.8530401146131805
CA_32686,61,3.5908796561604586,4.206845272206304,0.8761719197707736
CA_32692,61,2.094275071633238,4.206845272206304,0.5371404011461318
CA_32712,61,3.4778022922636103,4.350747851002866,0.8164068767908309
CA_32744,37,2.885103151862464,4.022719197707737,0.71510888252149
CA_32783,61,3.5673925501432664,4.244810888252149,0.8551690544412608
CA_32790,61,3.4515444126074497,4.450650429799427,0.7459512893982808
CA_32818,61,3.861670487106017,4.340919770773639,0.9115530085959885
CA_32828,61,3.906257879656161,4.345134670487106,0.9183467048710602
CA_32851,47,3.6670573065902583,4.536759312320917,0.7928739255014328
CA_32871,47,1.4752034383954156,4.628157593123209,0.3942607449856734
CA_32878,47,2.3684670487106017,4.536759312320917,0.5127822349570201
CA_32887,82,2.891028653295129,4.628157593123209,0.5786103151862464
CA_32900,61,3.574779369627507,4.290080229226361,0.8406876790830945
CA_32932,61,3.449381088825215,4.563381088825214,0.7554269340974212
CA_32968,61,2.8828452722063034,4.541885386819484,0.6143295128939829
CA_32969,47,2.4117507163323784,4.55743553008596,0.5473008595988539
CA_32989,47,2.2034383954154726,3.943409742120344,0.6390315186246418
CA_33008,75,3.3855014326647566,4.016372492836676,0.8607277936962751
CA_33012,61,3.0977163323782237,4.016372492836676,0.8089111747851003
CA_33042,204,3.367386819484241,3.9819541547277937,0.8600916905444127
CA_33056,61,2.720358166189112,4.293212034383954,0.6484527220630373
CA_33059,61,3.079727793696275,4.455664756446992,0.690080229226361
CA_33072,61,3.17965329512894,4.583441260744986,0.668919770773639
CA_33086,47,3.4073409742120346,4.016372492836676,0.8600429799426933
CA_33097,61,2.724796561604584,4.628157593123209,0.5803409742120345
CA_33118,47,3.72469340974212,4.494464183381089,0.7982922636103151
CA_33154,61,1.3039140401146132,3.9819541547277937,0.41378223495702005
CA_33163,36,3.1667564469914042,4.290080229226361,0.7527736389684814
CA_33179,37,3.008126074498567,4.468578796561605,0.6788538681948424
CA_33184,61,3.0413495702005733,4.033739255014327,0.7975071633237822
CA_33219,47,1.4390458452722061,4.040636103151862,0.43577936962750713
CA_33224,204,2.0877106017191975,4.040636103151862,0.5413438395415473
CA_33225,47,1.9784699140401145,3.9861977077363897,0.5546303724928366
CA_33234,204,3.01210888252149,4.040636103151862,0.7423295128939827
CA_33252,61,2.975280802292264,3.9861977077363897,0.7951977077363896
CA_33265,122,3.692266475644699,4.0708166189111745,0.9427535816618912
CA_33301,47,3.0740085959885386,4.444636103151863,0.6828051575931232
CA_33328,204,3.4149255014326645,4.363521489971347,0.7940659025787966
CA_33354,75,3.1547191977077365,4.13965329512894,0.7070458452722063
CA_33357,75,2.927077363896848,4.13965329512894,0.6654126074498568
CA_33359,61,2.858229226361032,4.13965329512894,0.6535931232091691
CA_33395,47,2.804091690544413,3.972220630372493,0.6991575931232091
CA_33420,47,2.967189111747851,4.460340974212035,0.6623810888252148
CA_33453,47,1.7086074498567334,4.257939828080229,0.5074183381088825
CA_33471,61,3.169971346704871,4.293212034383954,0.7632808022922636
CA_33486,61,3.4871977077363896,4.494464183381089,0.7638338108882521
CA_33489,61,1.685836676217765,3.993429799426934,0.49089971346704875
CA_33493,61,2.791862464183381,4.033739255014327,0.7217994269340974
CA_33498,61,2.236131805157593,4.016372492836676,0.5549340974212035
CA_33525,61,3.049386819484241,4.050532951289398,0.7147908309455587
CA_33557,61,3.1567965616045846,4.140017191977077,0.793214899713467
CA_33581,61,2.0433753581661893,4.2331117478510025,0.5614183381088825
CA_33611,61,2.1911690544412608,4.050532951289398,0.6358968481375358
CA_33629,61,3.5575787965616046,4.13965329512894,0.8829025787965615
CA_33638,37,2.363684813753582,4.220856733524355,0.5473896848137535
CA_33674,47,3.731879656160458,4.0970687679083095,0.9518595988538683
CA_33706,36,3.344277936962751,4.249137535816619,0.7779083094555874
CA_33710,0,3.588174785100286,4.241398280802293,0.8681289398280801
CA_33732,61,2.279160458452722,4.421461318051576,0.46318624641833805
CA_33809,36,1.4766618911174785,4.2329083094555875,0.40065042979942694
CA_33825,47,2.209687679083095,4.234707736389685,0.5538853868194843
CA_33854,37,3.7098825214899716,4.234707736389685,0.7887020057306591
CA_33889,61,3.6121719197707733,4.147232091690545,0.9192636103151862
CA_33893,61,1.4217908309455587,4.231283667621777,0.41284527220630374
CA_33928,61,3.3858510028653295,4.293212034383954,0.8274957020057306
CA_33940,241,2.0314412607449857,4.282065902578797,0.5310945558739255
CA_33941,36,2.1827421203438395,4.246404011461317,0.4753123209169055
CA_33976,61,3.506186246418338,4.277936962750716,0.8103438395415473
CA_34025,61,2.456489971346705,4.246404011461317,0.5811661891117479
CA_34035,47,2.4908968481375355,4.246404011461317,0.6183381088825215
CA_34079,61,2.738240687679083,4.246404011461317,0.6378739255014326
CA_34080,61,2.8752578796561608,4.246404011461317,0.6914957020057306
CA_34082,61,1.5199856733524355,4.246404011461317,0.46528653295128936
CA_34095,61,3.3619885386819486,4.246404011461317,0.7774040114613181
CA_34117,61,3.0779197707736388,4.333530085959885,0.7164985673352435
CA_34128,47,3.2265530085959884,4.313919770773639,0.7829598853868195
CA_34163,47,2.9870085959885384,4.36810888252149,0.6932320916905443
CA_34176,61,3.468401146131805,4.332830945558739,0.8770343839541547
CA_34187,47,3.0873381088825216,4.332830945558739,0.7657879656160458
CA_34188,47,3.6792005730659025,4.332830945558739,0.9066618911174785
CA_34217,61,3.3529025787965616,4.536275071633238,0.7304527220630372
CA_34221,47,3.0523037249283664,4.536275071633238,0.672647564469914
CA_34224,47,3.141005730659026,4.536275071633238,0.6870687679083095
CA_34225,61,3.2333610315186245,4.461813753581662,0.7512378223495703
CA_34226,69,3.3633810888252147,4.350747851002866,0.7434899713467049
CA_34235,47,3.2961518624641832,4.350747851002866,0.7889197707736388
CA_34281,61,3.0199942693409745,4.311401146131805,0.7090171919770774
CA_34296,47,1.8058825214899714,4.424638968481376,0.44955300859598857
CA_34388,36,3.6077478510028653,4.414598853868195,0.8293352435530086
CA_34433,47,2.653111747851003,4.365535816618911,0.6279627507163323
CA_34448,241,3.0629169054441263,4.472277936962751,0.679647564469914
CA_34456,241,3.490432664756447,4.4737421203438394,0.7453209169054442
CA_34482,241,1.5480315186246418,4.374312320916905,0.4204555873925502
CA_34494,47,2.507180515759312,4.439160458452722,0.6456704871060172
CA_34502,47,2.014300859598854,4.311401146131805,0.5351203438395415
CA_34505,61,2.9559312320916904,4.453252148997135,0.7174068767908309
CA_34506,61,2.4784212034383954,4.453252148997135,0.6307478510028653
CA_34559,47,1.7608968481375358,4.456724928366762,0.43435816618911177
CA_34561,241,3.2996647564469916,4.453252148997135,0.7669914040114614
CA_34583,241,2.7441719197707735,4.453252148997135,0.593650429799427
CA_34595,47,3.2888424068767907,4.372779369627507,0.7891060171919771
CA_34604,241,3.186859598853868,4.444853868194842,0.7362263610315186
CA_34644,241,2.5970458452722065,4.435074498567335,0.6128968481375359
CA_34664,36,2.482343839541547,4.435074498567335,0.6114498567335244
CA_34674,47,1.778922636103152,4.435074498567335,0.5297507163323782
CA_34711,61,3.1005300859598854,4.472277936962751,0.6845759312320917
CA_34718,47,2.599650429799427,4.472277936962751,0.6099025787965616
CA_34725,241,3.0728051575931237,4.453252148997135,0.7022722063037249
CA_34728,61,3.124510028653295,4.453252148997135,0.7112263610315186
CA_34748,47,1.526790830945559,4.541885386819484,0.40050143266475646
CA_34763,47,3.080699140401146,4.614859598853868,0.6635415472779369
CA_34773,36,3.74956446991404,4.563381088825214,0.8087020057306591
CA_34826,241,2.7723409742120344,4.210914040114613,0.6995272206303724
CA_34849,47,3.4428825214899716,4.2011346704871055,0.8439684813753582
CA_34874,37,3.9718997134670486,4.459702005730659,0.8429340974212034
CA_34925,241,3.105323782234957,4.473538681948424,0.729323782234957
CA_34927,241,3.2071146131805155,4.473538681948424,0.7563094555873926
CA_34962,47,4.117071633237822,4.48276217765043,0.9110888252148996
CA_34972,241,2.8061518624641835,4.39380229226361,0.6384928366762178
CA_34975,241,3.7325558739255014,4.439292263610316,0.8500974212034385
CA_35002,241,3.054561604584527,4.473538681948424,0.6834928366762177
CA_35030,36,3.241681948424069,4.187873925501433,0.733134670487106
CA_35040,241,3.491160458452722,4.210914040114613,0.8336819484240687
CA_35042,36,3.593369627507163,4.210914040114613,0.8357879656160458
CA_35048,61,3.363349570200573,4.2011346704871055,0.8451977077363897
CA_35049,47,3.4833209169054444,4.32404011461318,0.8199083094555875
CA_35058,47,2.885515759312321,4.36763323782235,0.618702005730659
CA_35059,61,3.9595501432664757,4.36763323782235,0.8428710601719197
CA_35070,61,3.580908309455588,4.210914040114613,0.8639598853868194
CA_35095,47,2.6941432664756446,4.3658739255014325,0.514512893982808
CA_35103,61,2.314833810888252,4.244424068767908,0.5612034383954154
CA_35123,61,3.401945558739255,4.337762177650429,0.7982378223495702
CA_35145,61,3.1097793696275073,4.327091690544412,0.7148767908309456
CA_35152,47,3.096756446991404,4.401189111747851,0.6816017191977077
CA_35208,47,3.4411977077363898,4.401189111747851,0.7425042979942694
CA_35235,241,3.7348968481375358,4.2337564469914035,0.8568739255014326
CA_35237,47,1.7380830945558738,4.298361031518624,0.3568624641833811
CA_35240,47,0.9876103151862464,4.298361031518624,0.3037707736389685
CA_35251,47,3.40767335243553,4.22523782234957,0.7863065902578796
CA_35252,241,2.999484240687679,4.327091690544412,0.6910630372492838
CA_35255,61,2.5818223495702006,4.327091690544412,0.5912750716332378
CA_35259,47,2.936664756446991,4.312994269340974,0.6792263610315187
CA_35266,61,3.175590257879656,4.312994269340974,0.7314871060171919
CA_35274,61,2.9410687679083094,4.312994269340974,0.6891719197707736
CA_35317,241,0.8622578796561604,4.327091690544412,0.24710888252148996
CA_35319,241,1.933080229226361,4.22523782234957,0.46285959885386824
CA_35321,61,3.508174785100287,4.22523782234957,0.8225501432664756
CA_35326,241,1.6243810888252148,4.327091690544412,0.39300859598853866
CA_35343,241,3.4556647564469913,4.327091690544412,0.7694212034383955
CA_35346,61,2.894432664756447,4.401189111747851,0.6603839541547277
CA_35351,47,3.215971346704871,4.327091690544412,0.7305730659025788
CA_35446,241,3.032252148997135,4.39380229226361,0.6933610315186246
CA_35449,47,2.7812750716332375,4.312994269340974,0.6812893982808024
CA_35459,61,3.516272206303725,4.312994269340974,0.7874842406876791
CA_35465,241,1.9984785100286535,4.39380229226361,0.5442922636103151
CA_35467,61,1.290378223495702,4.401189111747851,0.35544985673352436
CA_35490,61,1.2868997134670486,4.327091690544412,0.39087392550143263
CA_35502,47,2.680220630372493,4.222300859598854,0.6404957020057306
CA_35516,36,3.0559083094555874,4.301329512893982,0.6982750716332379
CA_35533,61,3.0503037249283667,4.2189914040114616,0.7087421203438395
CA_35539,47,3.3186246418338112,4.22523782234957,0.7876934097421203
CA_35553,47,3.256601719197708,4.25897994269341,0.759702005730659
CA_35623,47,1.4591260744985675,4.246404011461317,0.42321489971346704
CA_35645,47,2.7949598853868194,4.246404011461317,0.6766017191977077
CA_35662,47,0.9090630372492836,4.327091690544412,0.25123209169054445
CA_35664,47,3.2049598853868195,4.1977965616045845,0.7317220630372493
CA_35693,47,3.7240687679083098,4.224452722063037,0.8680372492836677
CA_35704,61,2.95497994269341,4.224452722063037,0.7002808022922636
CA_35735,61,2.509189111747851,4.2189914040114616,0.629240687679083
CA_35760,47,3.0102550143266473,4.298361031518624,0.7018452722063037
CA_35772,36,3.00212893982808,4.327091690544412,0.6608538681948424
CA_35798,241,2.9106045845272206,4.246404011461317,0.6935214899713467
CA_35824,61,3.3101719197707737,4.25897994269341,0.7953123209169055
CA_35855,61,2.787942693409742,4.1977965616045845,0.693893982808023
CA_35856,61,2.9220945558739255,4.2189914040114616,0.6706389684813754
CA_35858,47,3.207404011461318,4.277936962750716,0.6832206303724928
CA_35867,47,3.419051575931232,4.48343553008596,0.7715042979942693
CA_35897,61,2.540214899713467,4.444636103151863,0.5852034383954154
CA_35936,69,3.291879656160458,4.22523782234957,0.7888022922636102
CA_35938,61,3.3932034383954157,4.210914040114613,0.8043954154727793
CA_35987,69,2.874186246418338,4.19358452722063,0.700862464183381
CA_36013,61,2.7549111747851005,4.210914040114613,0.6660945558739254
CA_36086,47,2.8758825214899715,4.210914040114613,0.6651805157593124
CA_36093,241,2.9434183381088825,4.19358452722063,0.7054441260744986
CA_36095,61,3.1589713467048712,4.19358452722063,0.7532521489971347
CA_36112,47,2.6853839541547275,4.205017191977078,0.6644040114613181
CA_36121,47,3.633077363896848,4.204553008595989,0.851512893982808
CA_36127,61,1.363644699140401,4.5406045845272205,0.3930716332378223
CA_36250,61,2.800893982808023,4.210914040114613,0.6724699140401146
CA_36281,61,2.80902005730659,4.283372492836676,0.6576361031518625
CA_36311,61,2.8872521489971343,4.230604584527221,0.6988252148997134
CA_36312,47,2.9830372492836674,4.230604584527221,0.7082120343839542
CA_36323,47,3.1193151862464186,4.465959885386819,0.688704871060172
CA_36333,47,1.9939455587392552,4.36763323782235,0.5249684813753581
CA_36334,204,2.5268223495702005,4.2671031518624645,0.5878710601719198
CA_36338,61,2.284713467048711,4.2280429799426935,0.561214899713467
CA_36349,61,1.8051919770773641,4.175765042979943,0.49774785100286534
CA_36379,61,2.9852320916905444,4.1977965616045845,0.7052636103151863
CA_36380,47,2.865074498567335,4.1977965616045845,0.6753323782234957
CA_36396,61,3.0487793696275074,4.225799426934097,0.7169226361031519
CA_36489,61,2.297830945558739,4.444636103151863,0.476756446991404
CA_36491,47,2.703461318051576,4.244424068767908,0.6620114613180516
CA_36492,61,3.078530085959885,4.244424068767908,0.7116733524355301
CA_36572,69,3.429441260744986,4.244424068767908,0.8174154727793697
CA_36620,61,2.8170916905444123,4.244424068767908,0.6670630372492837
CA_36622,61,3.054338108882521,4.244424068767908,0.7185816618911175
CA_36642,47,2.916269340974212,4.213805157593123,0.7040888252148997
CA_36651,61,2.3876045845272205,4.354836676217765,0.5187965616045845
CA_36655,47,2.5612865329512893,4.2671031518624645,0.6040573065902579
CA_36672,61,3.125478510028653,4.19358452722063,0.7844212034383954
CA_36679,61,0.9034957020057306,4.36763323782235,0.2610916905444126
CA_36690,47,2.976785100286533,4.19358452722063,0.736240687679083
CA_36759,61,2.7197650429799425,4.175765042979943,0.636080229226361
CA_36800,47,2.5370315186246417,4.210914040114613,0.6146532951289398
CA_36802,69,2.771676217765043,4.210914040114613,0.6864555873925502
CA_36821,61,3.81689111747851,4.175765042979943,0.9000659025787965
CA_36830,47,2.6985873925501433,4.22523782234957,0.6610458452722063
CA_36850,61,2.5464469914040118,4.22523782234957,0.6481948424068767
CA_36884,47,2.4982979942693406,4.22523782234957,0.5864899713467049
CA_36898,37,2.9763381088825214,4.1977965616045845,0.6970687679083094
CA_36903,61,2.412057306590258,4.22523782234957,0.6028624641833811
CA_36905,61,2.6281174785100285,4.1977965616045845,0.6686704871060173
CA_36935,61,2.794575931232092,4.1977965616045845,0.6774727793696275
CA_36954,61,3.47097994269341,4.2189914040114616,0.8081833810888251
CA_36982,241,2.7067879656160456,4.22523782234957,0.6690916905444126
CA_36989,61,2.5850687679083095,4.1977965616045845,0.6388338108882522
CA_37007,122,3.814409742120344,4.22523782234957,0.895621776504298
CA_37032,47,2.3704154727793694,4.1977965616045845,0.6180945558739255
CA_37045,47,2.014186246418338,4.201051575931232,0.46188538681948427
CA_37080,47,1.7255873925501433,4.5303868194842405,0.4208968481375358
CA_37105,61,1.824888252148997,4.521581661891117,0.49597707736389685
CA_37110,47,1.3570916905444126,4.521581661891117,0.3805042979942693
CA_37141,61,1.6840257879656162,4.521581661891117,0.4611747851002865
CA_37166,61,3.215057306590258,4.33956446991404,0.7469426934097421
CA_37173,61,1.8948911174785101,4.497472779369628,0.4745014326647564
CA_37176,61,3.4845128939828083,4.497472779369628,0.7319426934097422
CA_37187,47,1.508702005730659,4.165957020057307,0.45683381088825215
CA_37219,47,2.269699140401146,4.59336676217765,0.52410888252149
CA_37221,47,1.5627249283667621,4.59336676217765,0.4017879656160458
CA_37227,61,2.0147679083094556,4.59336676217765,0.5071117478510029
CA_37296,61,3.0123381088825214,4.619558739255015,0.6479828080229226
CA_37301,47,3.1697220630372493,4.626842406876791,0.6952808022922636
CA_37311,47,2.4996876790830944,4.59336676217765,0.5868166189111748
CA_37328,47,2.538489971346705,4.323051575931232,0.650756446991404
CA_37338,61,2.541590257879656,4.4578452722063036,0.48922063037249286
CA_37363,61,1.4979541547277935,4.52619770773639,0.40434383954154735
CA_37390,61,2.7531747851002866,4.3259885386819485,0.7135272206303724
CA_37400,61,2.334134670487106,4.431063037249284,0.5487679083094557
CA_37429,36,1.4423409742120343,4.419581661891117,0.36903151862464184
CA_37449,61,1.4852578796561604,4.468578796561605,0.3109684813753582
CA_37463,47,2.100515759312321,4.477343839541548,0.45142120343839537
CA_37486,47,1.4256103151862465,4.521581661891117,0.40634097421203436
CA_37531,61,2.8982492836676217,4.626842406876791,0.6274727793696275
CA_37545,47,2.3656418338108884,4.165957020057307,0.5349340974212035
CA_37565,47,2.062833810888252,4.478240687679083,0.5516361031518624
CA_37586,47,4.111383954154728,4.277656160458453,0.9707679083094556
CA_37609,47,2.540323782234957,4.206845272206304,0.5905329512893983
CA_37635,47,3.5101031518624644,4.165957020057307,0.9038853868194843
CA_37652,47,1.6873409742120342,4.413553008595988,0.42039541547277937
CA_37668,47,2.8876905444126075,3.9855587392550142,0.7079226361031519
CA_37674,47,1.7400114613180515,4.0708166189111745,0.5291002865329513
CA_37683,61,2.0968825214899716,4.497472779369628,0.4493123209169054
CA_37690,241,1.7459083094555874,4.033739255014327,0.5535358166189112
CA_37692,47,2.369925501432665,4.315876790830946,0.5077650429799427
CA_37706,47,2.6781661891117476,4.0311002865329515,0.6137449856733525
CA_37715,61,2.0255530085959887,4.327747851002865,0.5209512893982808
CA_37791,61,2.4492521489971346,4.446214899713467,0.4838080229226361
CA_37802,241,3.15680229226361,4.557438395415473,0.7007335243553008
CA_37890,241,3.532704871060172,4.13965329512894,0.846650429799427
CA_37895,61,2.7324756446991403,4.497472779369628,0.5998882521489971
CA_37905,61,2.5194154727793694,4.413553008595988,0.47689111747851004
CA_37921,61,2.2364068767908307,4.315876790830946,0.560945558739255
CA_37932,61,2.532739255014327,4.301424068767909,0.6316332378223496
CA_37949,47,3.0260802292263613,4.543833810888252,0.6710687679083095
CA_37961,61,2.0455816618911173,4.033739255014327,0.5230630372492837
CA_37962,61,2.1888424068767907,4.033739255014327,0.5440659025787965
CA_37985,47,1.7078653295128938,4.040636103151862,0.4807679083094556
CA_37987,47,2.5006532951289397,4.040636103151862,0.6372234957020058
CA_37993,241,1.4593696275071633,3.9933954154727793,0.46062177650429803
CA_38017,47,2.569487106017192,3.9861977077363897,0.6386819484240688
CA_38027,61,2.258939828080229,3.9861977077363897,0.6195472779369627
CA_38060,61,2.5593954154727796,4.040636103151862,0.6430401146131804
CA_38090,61,1.3561862464183383,4.460340974212035,0.3854928366762178
CA_38115,69,2.160595988538682,4.354836676217765,0.46424641833810887
CA_38127,47,1.5653696275071631,4.351289398280802,0.4296618911174785
CA_38169,47,2.0966275071633236,4.363521489971347,0.5207048710601719
CA_38190,47,2.2940573065902576,4.097323782234957,0.6420916905444126
CA_38191,47,2.4693123209169054,4.2671031518624645,0.5943982808022923
CA_38270,37,2.630647564469914,4.257939828080229,0.7070601719197708
CA_38281,61,3.38332664756447,4.257071633237823,0.7674899713467048
CA_38330,61,1.6186590257879656,4.557438395415473,0.41250716332378223
CA_38344,37,2.366699140401146,4.327747851002865,0.5839283667621776
CA_38391,61,2.8006017191977075,4.050532951289398,0.7114212034383954
CA_38459,61,2.3799426934097423,4.050532951289398,0.5619971346704871
CA_38476,61,2.975919770773639,4.050532951289398,0.7641117478510029
CA_38485,61,2.9275358166189114,4.050532951289398,0.740269340974212
CA_38524,61,3.482699140401146,4.097323782234957,0.8756590257879656
CA_38532,61,1.4032550143266476,4.2671031518624645,0.3806074498567335
CA_38587,47,2.2369111747851003,4.315876790830946,0.5044871060171919
CA_38596,47,2.3174727793696275,4.297174785100286,0.5628681948424069
CA_38630,47,2.3176103151862466,4.413553008595988,0.44946418338108884
CA_38634,47,3.2557908309455588,4.077575931232092,0.8419885386819483
CA_38648,47,3.288269340974212,4.297174785100286,0.7356704871060172
CA_38650,47,1.3000343839541546,4.315876790830946,0.4326876790830946
CA_38670,47,1.898085959885387,4.383974212034384,0.5024469914040115
CA_38671,47,2.869223495702006,4.336065902578797,0.6937363896848138
CA_38691,47,1.5631805157593122,4.557438395415473,0.4501661891117479
CA_38708,61,2.7718882521489974,4.354836676217765,0.6505501432664756
CA_38709,204,2.674765042979943,4.354836676217765,0.6340888252148997
CA_38723,47,1.9486160458452721,4.504209169054441,0.4293925501432665
CA_38734,204,2.404080229226361,4.219100286532951,0.633515759312321
CA_38796,61,3.378736389684814,4.458343839541548,0.7532292263610315
CA_38806,61,3.197306590257879,4.53485100286533,0.7224813753581661
CA_38829,69,2.2457621776504295,4.504209169054441,0.5646504297994269
CA_38870,69,3.634183381088825,4.147232091690545,0.932813753581662
CA_38878,69,2.088681948424069,4.444636103151863,0.4554985673352435
CA_38912,69,2.7258252148997135,4.061532951289398,0.6145472779369627
CA_38957,69,3.399759312320917,4.478240687679083,0.7878194842406877
CA_38963,69,2.2539885386819485,4.53485100286533,0.4451919770773639
CA_38981,69,3.0659369627507163,4.496363896848138,0.6840229226361031
CA_38984,69,3.013297994269341,4.53485100286533,0.7144641833810889
CA_38996,69,1.1970372492836676,4.3658739255014325,0.3565014326647564
CA_39031,69,1.6782034383954154,4.016372492836676,0.5307650429799426
CA_39032,69,2.3315157593123206,4.0708166189111745,0.6386303724928367
CA_39064,69,3.3362005730659026,4.496363896848138,0.721702005730659
CA_39066,69,2.265404011461318,4.496363896848138,0.6206131805157593
CA_39068,69,3.0125730659025787,4.496538681948424,0.6408681948424069
CA_39093,69,2.3379169054441262,4.315876790830946,0.5921518624641834
CA_39130,69,2.660495702005731,4.297174785100286,0.624297994269341
CA_39152,69,3.1125673352435532,4.297174785100286,0.7296991404011461
CA_39196,69,2.5268825214899713,4.315876790830946,0.6350573065902578
CA_39204,69,4.207057306590258,4.502704871060172,0.92589111747851
CA_39252,69,3.6456905444126075,4.334808022922636,0.8509856733524356
CA_39300,69,3.425114613180516,4.3529856733524355,0.7902349570200572
CA_39316,69,1.9568481375358169,4.241398280802293,0.44982234957020056
CA_39374,69,1.2496103151862463,4.288991404011461,0.3975444126074498
CA_39397,69,3.983011461318051,4.386598853868195,0.894756446991404
CA_39430,69,1.3742120343839541,4.572965616045845,0.37367908309455583
CA_39434,69,2.800624641833811,4.572965616045845,0.5751404011461317
CA_39488,69,1.8462378223495701,4.264644699140401,0.5269283667621777
CA_39530,69,3.431888252148997,4.2615243553008595,0.8221518624641834
CA_39551,69,1.9794498567335244,4.2557765042979945,0.5584813753581662
CA_39558,69,1.8585959885386818,4.2615243553008595,0.4226275071633238
CA_39621,69,0.7838366762177651,4.282065902578797,0.2890773638968481
CA_39625,61,2.8439283667621775,4.334808022922636,0.6783896848137536
CA_39629,69,2.0664699140401144,4.334808022922636,0.44529512893982803
CA_39652,69,1.8917106017191976,4.282065902578797,0.529756446991404
CA_39660,69,3.525687679083094,4.311180515759313,0.8155071633237823
CA_39677,69,3.307323782234957,4.310593123209169,0.781214899713467
CA_39719,61,2.608134670487106,4.386598853868195,0.629756446991404
CA_39721,69,2.493071633237822,4.386598853868195,0.6006934097421204
CA_39733,69,2.400510028653295,4.3701518624641835,0.48423495702005726
CA_39758,69,2.231071633237822,4.5090229226361025,0.5984756446991404
CA_39770,69,3.0469083094555875,4.6149226361031515,0.6956045845272206
CA_39790,69,2.8855071633237825,4.5090229226361025,0.7046676217765043
CA_39806,69,2.7832234957020057,4.131461318051576,0.7428968481375359
CA_39812,69,3.2957220630372497,4.323051575931232,0.794
CA_39860,69,2.6993839541547278,4.323051575931232,0.6471977077363897
CA_39875,69,2.039699140401146,4.5303868194842405,0.49564756446991404
CA_39887,69,3.6094957020057303,4.5303868194842405,0.777647564469914
CA_39890,69,2.9986418338108884,4.626842406876791,0.672839541547278
CA_39891,69,2.814942693409742,4.622209169054441,0.6283381088825215
CA_39951,69,1.4228739255014327,4.366567335243553,0.41226074498567333
CA_39958,69,2.916080229226361,4.366567335243553,0.7047994269340974
CA_39978,61,2.5622836676217764,4.32836676217765,0.6672406876790831
CA_39982,69,2.5211805157593123,4.32836676217765,0.6182750716332378
CA_39997,69,3.2789971346704867,4.366567335243553,0.7847650429799427
CA_40009,69,3.3038194842406874,4.366567335243553,0.7807621776504298
CA_40014,69,2.746618911174785,4.363693409742121,0.6587392550143266
CA_40038,69,2.5275214899713467,4.2632779369627505,0.6619914040114613
CA_40156,69,3.4507306590257882,4.3343610315186245,0.8376103151862465
CA_40167,69,3.74252435530086,4.3343610315186245,0.8855816618911174
CA_40188,69,2.0144355300859598,4.430561604584527,0.5132951289398281
CA_40196,69,2.4736733524355303,4.351426934097421,0.6280544412607449
CA_40213,69,1.841295128939828,4.438295128939828,0.5137134670487106
CA_40249,69,3.2349169054441265,4.345134670487106,0.7547535816618911
CA_40259,69,2.970189111747851,4.322154727793697,0.7023467048710602
CA_40296,69,3.342845272206304,4.34752435530086,0.7660859598853867
CA_40319,69,2.2210257879656163,4.496363896848138,0.5727220630372493
CA_40349,69,2.2938051575931233,4.351426934097421,0.5060200573065903
CA_40365,69,3.2971318051575933,4.352819484240688,0.8060229226361032
CA_40382,69,2.274209169054441,4.34752435530086,0.5759770773638968
CA_40459,69,1.6731747851002865,4.218762177650429,0.5132464183381088
CA_40488,69,2.0154126074498566,4.420014326647564,0.5802464183381089
CA_40509,69,2.561137535816619,4.311031518624642,0.5282292263610315
CA_40528,69,3.698922636103152,4.3701518624641835,0.8591518624641834
CA_40533,69,1.8603065902578795,4.3701518624641835,0.5230888252148997
CA_40584,69,3.0832464183381094,4.306776504297995,0.7398853868194841
CA_40587,69,2.6728252148997136,4.278214899713467,0.6477535816618911
CA_40611,69,2.0740458452722064,4.294174785100286,0.387730659025788
CA_40618,69,0.9941203438395415,4.29650429799427,0.3110716332378224
CA_40691,69,2.2658911174785104,4.4196103151862465,0.6701547277936962
CA_40692,69,2.165868194842407,4.4196103151862465,0.5548166189111747
CA_40727,69,1.7755530085959885,4.386392550143266,0.5129942693409743
CA_40749,69,3.7613037249283665,4.399146131805157,0.8701117478510029
CA_40755,69,3.1496532951289398,4.391561604584527,0.7511575931232092
CA_40763,69,3.544504297994269,4.391561604584527,0.7946934097421203
CA_40765,69,3.487295128939828,4.391561604584527,0.808813753581662
CA_40774,69,2.086856733524355,4.450650429799427,0.55710888252149
CA_40778,69,2.7181232091690544,4.391561604584527,0.6618997134670487
CA_40796,69,3.6947793696275073,4.391561604584527,0.8455157593123208
CA_40815,69,2.0165272206303726,4.391561604584527,0.5978681948424069
CA_40856,69,3.518372492836676,4.391561604584527,0.8185759312320917
CA_40869,69,3.2511776504297996,4.433627507163324,0.7614813753581662
CA_40924,69,2.818223495702006,4.2011346704871055,0.7440343839541548
CA_40928,69,1.8226618911174786,4.408968481375358,0.4792320916905444
CA_40961,69,2.762154727793696,4.583441260744986,0.6371833810888252
CA_40963,69,2.5681489971346703,4.230765042979943,0.6258481375358166
CA_40969,69,2.124432664756447,4.583441260744986,0.5879283667621776
CA_40977,69,3.1060429799426936,4.583441260744986,0.6654813753581661
CA_40986,69,2.778074498567335,4.293212034383954,0.6815214899713467
CA_40995,69,1.9480687679083093,4.234707736389685,0.4729426934097421
CA_41005,69,2.9225329512893983,4.300659025787966,0.7635873925501433
CA_41016,69,3.2391346704871062,4.230765042979943,0.7703553008595988
CA_41027,69,3.387309455587393,4.293212034383954,0.7730286532951289
CA_41032,69,2.769787965616046,4.50502005730659,0.5322893982808024
CA_41039,69,3.412464183381089,4.5332378223495695,0.650595988538682
CA_41043,69,3.5369426934097423,4.290080229226361,0.8258595988538683
CA_41102,69,2.616378223495702,4.255498567335244,0.6641432664756447
CA_41104,69,2.6630372492836676,4.230765042979943,0.6919856733524354
CA_41138,69,2.568515759312321,4.234707736389685,0.5993954154727793
CA_41177,69,2.310163323782235,4.234707736389685,0.5813123209169054
CA_41183,69,2.7097650429799427,4.290080229226361,0.6601432664756447
CA_41197,69,3.8618166189111744,4.290080229226361,0.9281489971346705
CA_41199,69,3.134724928366762,4.583441260744986,0.6865730659025788
CA_41206,69,1.7534985673352437,4.583441260744986,0.4686361031518625
CA_41221,69,3.7784957020057304,4.255498567335244,0.8878882521489971
CA_41230,69,3.166547277936963,4.50502005730659,0.630541547277937
CA_41244,69,2.870309455587393,4.255498567335244,0.7103868194842408
CA_41255,69,2.2956876790830947,4.274040114613181,0.587458452722063
CA_41259,69,2.4938767908309454,4.274040114613181,0.6366303724928367
CA_41270,69,3.3248137535816618,4.230765042979943,0.8358137535816619
CA_41279,69,2.401057306590258,4.3090372492836675,0.5874326647564471
CA_41308,69,3.221280802292264,4.255498567335244,0.7961432664756447
CA_41321,69,2.6271404011461317,4.3090372492836675,0.646676217765043
CA_41367,69,3.310289398280802,4.374435530085959,0.7689426934097421
CA_41368,69,2.494189111747851,4.374435530085959,0.6860601719197708
CA_41400,69,3.3305157593123207,4.286424068767908,0.7906103151862465
CA_41404,69,2.5424297994269343,4.255498567335244,0.6477106017191977
CA_41409,69,3.0210716332378227,4.286424068767908,0.7389627507163324
CA_41456,69,3.6660888252148993,4.290080229226361,0.868785100286533
CA_41458,69,2.880813753581662,4.286424068767908,0.7166676217765042
CA_41480,69,2.9542148997134667,4.234707736389685,0.6952492836676217
CA_41505,69,3.359174785100287,4.203810888252149,0.8235759312320917
CA_41531,69,2.8091719197707734,4.255498567335244,0.70932664756447
CA_41541,69,2.3277650429799426,4.408968481375358,0.5682836676217765
CA_41555,69,3.890117478510029,4.2815644699140405,0.9069770773638969
CA_41581,69,1.7568481375358165,4.507323782234957,0.4308137535816619
CA_41596,69,3.2932063037249284,4.496363896848138,0.7604756446991404
CA_41643,69,3.0630888252149,4.347957020057306,0.7473782234957019
CA_41666,61,3.2053925501432667,4.347957020057306,0.7391489971346705
CA_41671,69,2.9149512893982807,4.347957020057306,0.7278252148997134
CA_41682,69,1.5414670487106017,4.408968481375358,0.4611547277936963
CA_41738,69,3.340412607449857,4.438295128939828,0.8011690544412607
CA_41741,69,2.9313810888252148,4.438295128939828,0.7262234957020057
CA_41760,69,2.7492034383954156,4.286424068767908,0.6484756446991404
CA_41764,69,3.0659369627507163,4.347957020057306,0.6783352435530086
CA_41773,69,2.671349570200573,4.29893123209169,0.6048252148997135
CA_41781,69,2.778716332378224,4.334808022922636,0.5467020057306591
CA_41788,69,2.4222836676217763,4.426756446991404,0.6510028653295129
CA_41822,69,1.6452808022922636,4.2615243553008595,0.41200000000000003
CA_41837,69,2.580991404011461,4.277174785100287,0.6306246418338108
CA_41841,69,2.2692865329512895,4.304283667621776,0.5515845272206304
CA_41850,69,1.8576848137535817,4.543057306590258,0.5031690544412607
CA_41862,69,2.5055472779369627,4.4684126074498565,0.5874641833810889
CA_41864,69,2.301570200573066,4.3701518624641835,0.4644727793696275
CA_41912,69,2.7258567335243553,4.412822349570201,0.5295530085959885
CA_41916,69,2.962358166189112,4.469071633237822,0.6467249283667622
CA_41917,69,2.753381088825215,4.469071633237822,0.586618911174785
CA_41924,69,1.876083094555874,4.373481375358166,0.5218022922636103
CA_41927,69,2.8723266475644698,4.423275071633237,0.5747134670487106
CA_41945,69,1.5913180515759313,4.373481375358166,0.47234383954154724
CA_41953,69,2.8471489971346706,4.393681948424069,0.6042664756446992
CA_42016,69,3.000083094555874,4.469071633237822,0.6353524355300859
CA_42021,69,3.126787965616046,4.423275071633237,0.6754670487106017
CA_42045,69,2.7171805157593125,4.423275071633237,0.5917965616045845
CA_42050,69,2.2125759312320916,4.469071633237822,0.5266131805157593
CA_42083,69,3.0682091690544415,4.373481375358166,0.7692292263610315
CA_42143,69,2.5938022922636104,4.131750716332379,0.5933381088825215
CA_42153,69,3.603401146131805,4.323051575931232,0.8505300859598853
CA_42159,69,2.999171919770774,4.373613180515759,0.6242607449856733
CA_42172,69,2.9991862464183376,4.373613180515759,0.6106848137535816
CA_42200,69,2.73187106017192,4.387114613180516,0.64556446991404
CA_42217,69,2.686790830945559,4.423275071633237,0.5865386819484241
CA_42224,69,2.543618911174785,4.387114613180516,0.6923409742120344
CA_42237,47,3.0035243553008595,4.373481375358166,0.6597736389684814
CA_42247,69,2.5845816618911175,4.387114613180516,0.6017134670487105
CA_42273,69,3.910372492836676,4.373481375358166,0.8935157593123209
CA_42274,69,2.8359054441260745,4.373481375358166,0.6830171919770773
CA_42289,47,2.9272005730659023,4.387114613180516,0.6157392550143267
CA_42338,47,2.661134670487106,4.373613180515759,0.5490372492836676
CA_42345,69,2.8508309455587395,4.482404011461318,0.58089111747851
