time,et
2016-01-01,0.975
2016-01-02,0.696
2016-01-03,0.557
2016-01-04,0.325
2016-01-05,0.325
2016-01-06,0.279
2016-01-07,0.279
2016-01-08,0.325
2016-01-09,0.279
2016-01-10,0.464
2016-01-11,0.464
2016-01-12,0.696
2016-01-13,0.65
2016-01-14,0.139
2016-01-15,0.325
2016-01-16,0.464
2016-01-17,0.511
2016-01-18,0.65
2016-01-19,1.021
2016-01-20,0.418
2016-01-21,0.511
2016-01-22,0.325
2016-01-23,0.882
2016-01-24,0.464
2016-01-25,0.65
2016-01-26,0.603
2016-01-27,0.289
2016-01-28,0.197
2016-01-29,0.3
2016-01-30,0.316
2016-01-31,0.892
2016-02-01,1.053
2016-02-02,0.597
2016-02-03,0.787
2016-02-04,0.923
2016-02-05,0.711
2016-02-06,0.996
2016-02-07,1.913
2016-02-08,1.625
2016-02-09,0.902
2016-02-10,0.974
2016-02-11,0.787
2016-02-12,0.972
2016-02-13,1.116
2016-02-14,1.893
2016-02-15,1.32
2016-02-16,1.333
2016-02-17,0.65
2016-02-18,1.781
2016-02-19,1.088
2016-02-20,1.146
2016-02-21,1.013
2016-02-22,1.314
2016-02-23,1.277
2016-02-24,0.942
2016-02-25,0.95
2016-02-26,0.807
2016-02-27,0.815
2016-02-28,0.976
2016-02-29,1.088
2016-03-01,1.622
2016-03-02,1.531
2016-03-03,0.905
2016-03-04,1.181
2016-03-05,0.974
2016-03-06,1.419
2016-03-07,1.376
2016-03-08,0.999
2016-03-09,0.951
2016-03-10,0.677
2016-03-11,0.796
2016-03-12,1.146
2016-03-13,1.386
2016-03-14,1.571
2016-03-15,1.536
2016-03-16,2.822
2016-03-17,2.853
2016-03-18,2.192
2016-03-19,2.259
2016-03-20,1.595
2016-03-21,1.435
2016-03-22,2.038
2016-03-23,2.959
2016-03-24,2.536
2016-03-25,3.182
2016-03-26,3.188
2016-03-27,1.846
2016-03-28,2.433
2016-03-29,2.472
2016-03-30,2.108
2016-03-31,1.614
2016-04-01,1.902
2016-04-02,2.307
2016-04-03,2.813
2016-04-04,3.368
2016-04-05,5.472
2016-04-06,6.089
2016-04-07,4.633
2016-04-08,3.746
2016-04-09,2.123
2016-04-10,2.182
2016-04-11,2.598
2016-04-12,3.441
2016-04-13,3.822
2016-04-14,3.591
2016-04-15,5.302
2016-04-16,5.277
2016-04-17,4.815
2016-04-18,4.424
2016-04-19,4.875
2016-04-20,5.72
2016-04-21,5.305
2016-04-22,3.262
2016-04-23,4.386
2016-04-24,5.283
2016-04-25,6.772
2016-04-26,5.224
2016-04-27,3.266
2016-04-28,6.267
2016-04-29,5.643
2016-04-30,8.054
2016-05-01,6.695
2016-05-02,5.676
2016-05-03,4.585
2016-05-04,4.44
2016-05-05,2.947
2016-05-06,3.418
2016-05-07,1.604
2016-05-08,4.216
2016-05-09,4.954
2016-05-10,6.575
2016-05-11,6.828
2016-05-12,6.057
2016-05-13,6.03
2016-05-14,4.854
2016-05-15,5.276
2016-05-16,7.202
2016-05-17,7.882
2016-05-18,7.844
2016-05-19,5.307
2016-05-20,4.27
2016-05-21,4.143
2016-05-22,4.583
2016-05-23,4.26
2016-05-24,5.3
2016-05-25,4.974
2016-05-26,5.908
2016-05-27,8.08
2016-05-28,8.659
2016-05-29,7.088
2016-05-30,9.116
2016-05-31,9.193
2016-06-01,7.4
2016-06-02,7.058
2016-06-03,8.683
2016-06-04,6.177
2016-06-05,6.889
2016-06-06,6.64
2016-06-07,6.035
2016-06-08,5.803
2016-06-09,5.575
2016-06-10,5.352
2016-06-11,8.147
2016-06-12,7.355
2016-06-13,5.694
2016-06-14,4.896
2016-06-15,3.937
2016-06-16,5.13
2016-06-17,3.395
2016-06-18,5.249
2016-06-19,6.642
2016-06-20,5.936
2016-06-21,6.924
2016-06-22,6.69
2016-06-23,6.55
2016-06-24,6.779
2016-06-25,8.913
2016-06-26,8.126
2016-06-27,7.869
2016-06-28,7.428
2016-06-29,6.135
2016-06-30,7.958
2016-07-01,6.807
2016-07-02,6.578
2016-07-03,6.717
2016-07-04,6.856
2016-07-05,6.202
2016-07-06,5.944
2016-07-07,6.164
2016-07-08,5.815
2016-07-09,6.4
2016-07-10,5.595
2016-07-11,7.708
2016-07-12,5.469
2016-07-13,7.089
2016-07-14,6.973
2016-07-15,6.945
2016-07-16,6.824
2016-07-17,6.149
2016-07-18,6.48
2016-07-19,6.348
2016-07-20,6.402
2016-07-21,7.288
2016-07-22,6.645
2016-07-23,10.751
2016-07-24,8.048
2016-07-25,6.173
2016-07-26,7.304
2016-07-27,7.113
2016-07-28,6.922
2016-07-29,7.17
2016-07-30,7.142
2016-07-31,6.829
2016-08-01,6.137
2016-08-02,6.073
2016-08-03,7.621
2016-08-04,6.602
2016-08-05,5.836
2016-08-06,5.86
2016-08-07,5.591
2016-08-08,5.898
2016-08-09,7.134
2016-08-10,5.834
2016-08-11,6.393
2016-08-12,6.125
2016-08-13,5.95
2016-08-14,6.3
2016-08-15,5.989
2016-08-16,6.295
2016-08-17,6.514
2016-08-18,6.287
2016-08-19,6.147
2016-08-20,5.822
2016-08-21,5.584
2016-08-22,5.115
2016-08-23,5.175
2016-08-24,4.482
2016-08-25,5.235
2016-08-26,4.711
2016-08-27,4.142
2016-08-28,4.152
2016-08-29,3.559
2016-08-30,5.301
2016-08-31,4.812
2016-09-01,4.259
2016-09-02,4.209
2016-09-03,4.539
2016-09-04,3.574
2016-09-05,5.901
2016-09-06,5.002
2016-09-07,5.044
2016-09-08,3.677
2016-09-09,4.982
2016-09-10,5.246
2016-09-11,4.132
2016-09-12,3.736
2016-09-13,3.462
2016-09-14,3.799
2016-09-15,4.274
2016-09-16,6.167
2016-09-17,4.597
2016-09-18,4.19
2016-09-19,4.339
2016-09-20,4.933
2016-09-21,3.939
2016-09-22,3.71
2016-09-23,3.501
2016-09-24,5.098
2016-09-25,7.038
2016-09-26,4.276
2016-09-27,3.042
2016-09-28,3.331
2016-09-29,3.917
2016-09-30,3.651
2016-10-01,2.887
2016-10-02,2.279
2016-10-03,0.849
2016-10-04,1.781
2016-10-05,2.972
2016-10-06,3.552
2016-10-07,3.276
2016-10-08,2.386
2016-10-09,3.071
2016-10-10,3.079
2016-10-11,2.261
2016-10-12,2.214
2016-10-13,2.823
2016-10-14,0.706
2016-10-15,0.377
2016-10-16,1.042
2016-10-17,1.317
2016-10-18,1.668
2016-10-19,3.614
2016-10-20,2.534
2016-10-21,1.407
2016-10-22,1.341
2016-10-23,1.972
2016-10-24,0.808
2016-10-25,0.23
2016-10-26,1.427
2016-10-27,0.284
2016-10-28,0.395
2016-10-29,0.73
2016-10-30,0.726
2016-10-31,0.722
2016-11-01,0.827
2016-11-02,0.932
2016-11-03,1.222
2016-11-04,0.956
2016-11-05,0.969
2016-11-06,0.981
2016-11-07,0.759
2016-11-08,0.828
2016-11-09,1.197
2016-11-10,0.844
2016-11-11,0.719
2016-11-12,0.734
2016-11-13,0.699
2016-11-14,0.662
2016-11-15,0.468
2016-11-16,1.006
2016-11-17,1.242
2016-11-18,1.32
2016-11-19,0.328
2016-11-20,0.488
2016-11-21,0.484
2016-11-22,0.374
2016-11-23,0.53
2016-11-24,0.473
2016-11-25,0.521
2016-11-26,0.207
2016-11-27,0.462
2016-11-28,0.356
2016-11-29,1.061
2016-11-30,0.501
2016-12-01,1.44
2016-12-02,1.785
2016-12-03,1.517
2016-12-04,0.333
2016-12-05,0.401
2016-12-06,0.375
2016-12-07,0.348
2016-12-08,0.071
2016-12-09,0.131
2016-12-10,0.089
2016-12-11,0.107
2016-12-12,0.19
2016-12-13,0.117
2016-12-14,0.069
2016-12-15,0.046
2016-12-16,0.158
2016-12-17,0.401
2016-12-18,0.549
2016-12-19,0.325
2016-12-20,0.4
2016-12-21,0.616
2016-12-22,0.374
2016-12-23,0.096
2016-12-24,0.172
2016-12-25,0.176
2016-12-26,0.386
2016-12-27,0.342
2016-12-28,0.699
2016-12-29,0.526
2016-12-30,0.315
2016-12-31,0.625
2017-01-01,0.325
2017-01-02,0.755
2017-01-03,0.482
2017-01-04,0.26
2017-01-05,0.391
2017-01-06,0.54
2017-01-07,0.365
2017-01-08,0.352
2017-01-09,0.678
2017-01-10,0.652
2017-01-11,0.715
2017-01-12,0.343
2017-01-13,0.984
2017-01-14,0.799
2017-01-15,0.597
2017-01-16,0.546
2017-01-17,0.234
2017-01-18,0.21
2017-01-19,0.396
2017-01-20,0.285
2017-01-21,0.313
2017-01-22,0.266
2017-01-23,0.235
2017-01-24,0.276
2017-01-25,0.207
2017-01-26,0.306
2017-01-27,0.565
2017-01-28,0.357
2017-01-29,0.403
2017-01-30,0.369
2017-01-31,0.229
2017-02-01,0.191
2017-02-02,0.17
2017-02-03,0.543
2017-02-04,0.426
2017-02-05,0.356
2017-02-06,0.543
2017-02-07,0.656
2017-02-08,0.426
2017-02-09,0.27
2017-02-10,0.466
2017-02-11,0.75
2017-02-12,1.099
2017-02-13,0.571
2017-02-14,0.695
2017-02-15,0.471
2017-02-16,0.899
2017-02-17,0.305
2017-02-18,0.496
2017-02-19,0.347
2017-02-20,0.512
2017-02-21,0.651
2017-02-22,0.562
2017-02-23,0.738
2017-02-24,0.715
2017-02-25,0.484
2017-02-26,0.842
2017-02-27,0.676
2017-02-28,0.866
2017-03-01,1.393
2017-03-02,1.355
2017-03-03,0.891
2017-03-04,0.913
2017-03-05,0.788
2017-03-06,0.697
2017-03-07,0.389
2017-03-08,0.599
2017-03-09,0.58
2017-03-10,0.655
2017-03-11,0.717
2017-03-12,1.174
2017-03-13,1.198
2017-03-14,1.093
2017-03-15,0.864
2017-03-16,1.106
2017-03-17,1.465
2017-03-18,1.272
2017-03-19,1.05
2017-03-20,0.959
2017-03-21,1.345
2017-03-22,0.824
2017-03-23,0.938
2017-03-24,0.637
2017-03-25,0.821
2017-03-26,0.649
2017-03-27,0.921
2017-03-28,1.945
2017-03-29,1.323
2017-03-30,1.542
2017-03-31,2.482
2017-04-01,2.949
2017-04-02,2.576
2017-04-03,2.806
2017-04-04,1.61
2017-04-05,2.196
2017-04-06,0.864
2017-04-07,1.306
2017-04-08,1.469
2017-04-09,1.859
2017-04-10,2.22
2017-04-11,1.479
2017-04-12,1.596
2017-04-13,1.909
2017-04-14,2.437
2017-04-15,2.929
2017-04-16,1.337
2017-04-17,1.524
2017-04-18,2.544
2017-04-19,2.861
2017-04-20,2.954
2017-04-21,4.716
2017-04-22,3.439
2017-04-23,3.695
2017-04-24,2.93
2017-04-25,2.768
2017-04-26,2.593
2017-04-27,4.55
2017-04-28,6.625
2017-04-29,7.537
2017-04-30,6.624
2017-05-01,8.589
2017-05-02,8.909
2017-05-03,8.736
2017-05-04,6.408
2017-05-05,5.434
2017-05-06,5.056
2017-05-07,8.157
2017-05-08,7.487
2017-05-09,8.714
2017-05-10,5.528
2017-05-11,5.042
2017-05-12,5.565
2017-05-13,5.759
2017-05-14,5.386
2017-05-15,6.312
2017-05-16,3.12
2017-05-17,5.963
2017-05-18,8.325
2017-05-19,7.138
2017-05-20,6.964
2017-05-21,7.509
2017-05-22,8.312
2017-05-23,7.798
2017-05-24,7.166
2017-05-25,6.096
2017-05-26,5.743
2017-05-27,6.241
2017-05-28,6.857
2017-05-29,6.841
2017-05-30,6.005
2017-05-31,4.86
2017-06-01,5.59
2017-06-02,6.465
2017-06-03,5.968
2017-06-04,6.059
2017-06-05,7.418
2017-06-06,7.122
2017-06-07,6.738
2017-06-08,1.564
2017-06-09,4.852
2017-06-10,5.52
2017-06-11,4.757
2017-06-12,5.11
2017-06-13,6.347
2017-06-14,6.615
2017-06-15,6.403
2017-06-16,8.69
2017-06-17,9.981
2017-06-18,12.375
2017-06-19,8.208
2017-06-20,7.277
2017-06-21,9.48
2017-06-22,9.921
2017-06-23,8.208
2017-06-24,6.395
2017-06-25,5.655
2017-06-26,5.702
2017-06-27,5.735
2017-06-28,6.035
2017-06-29,7.013
2017-06-30,6.379
2017-07-01,5.463
2017-07-02,5.664
2017-07-03,5.776
2017-07-04,6.22
2017-07-05,6.237
2017-07-06,5.924
2017-07-07,7.732
2017-07-08,7.846
2017-07-09,6.152
2017-07-10,6.513
2017-07-11,5.988
2017-07-12,6.442
2017-07-13,6.355
2017-07-14,6.823
2017-07-15,6.922
2017-07-16,8.188
2017-07-17,6.707
2017-07-18,6.796
2017-07-19,6.116
2017-07-20,5.918
2017-07-21,6.593
2017-07-22,7.749
2017-07-23,6.9
2017-07-24,7.106
2017-07-25,6.282
2017-07-26,6.018
2017-07-27,6.789
2017-07-28,7.186
2017-07-29,6.732
2017-07-30,6.465
2017-07-31,6.864
2017-08-01,6.461
2017-08-02,6.277
2017-08-03,7.065
2017-08-04,5.91
2017-08-05,5.727
2017-08-06,5.457
2017-08-07,5.363
2017-08-08,5.62
2017-08-09,5.425
2017-08-10,5.388
2017-08-11,5.81
2017-08-12,6.612
2017-08-13,5.924
2017-08-14,5.411
2017-08-15,5.271
2017-08-16,5.224
2017-08-17,5.78
2017-08-18,5.843
2017-08-19,5.818
2017-08-20,5.178
2017-08-21,4.893
2017-08-22,5.655
2017-08-23,6.496
2017-08-24,5.432
2017-08-25,5.136
2017-08-26,5.599
2017-08-27,7.609
2017-08-28,6.921
2017-08-29,5.953
2017-08-30,4.724
2017-08-31,6.36
2017-09-01,6.647
2017-09-02,5.741
2017-09-03,5.963
2017-09-04,4.586
2017-09-05,4.328
2017-09-06,4.739
2017-09-07,3.208
2017-09-08,4.003
2017-09-09,4.831
2017-09-10,6.472
2017-09-11,5.983
2017-09-12,5.74
2017-09-13,3.938
2017-09-14,2.955
2017-09-15,5.01
2017-09-16,4.765
2017-09-17,4.028
2017-09-18,4.286
2017-09-19,3.489
2017-09-20,3.237
2017-09-21,3.07
2017-09-22,3.047
2017-09-23,4.649
2017-09-24,4.429
2017-09-25,4.26
2017-09-26,3.986
2017-09-27,2.851
2017-09-28,2.626
2017-09-29,2.202
2017-09-30,2.757
2017-10-01,4.46
2017-10-02,3.932
2017-10-03,3.804
2017-10-04,2.924
2017-10-05,4.085
2017-10-06,4.589
2017-10-07,2.915
2017-10-08,5.643
2017-10-09,4.643
2017-10-10,2.375
2017-10-11,2.976
2017-10-12,2.861
2017-10-13,2.722
2017-10-14,3.578
2017-10-15,2.584
2017-10-16,2.14
2017-10-17,1.697
2017-10-18,1.867
2017-10-19,2.359
2017-10-20,0.979
2017-10-21,1.026
2017-10-22,2.091
2017-10-23,4.686
2017-10-24,3.648
2017-10-25,2.309
2017-10-26,2.709
2017-10-27,2.896
2017-10-28,2.174
2017-10-29,1.515
2017-10-30,1.017
2017-10-31,1.934
2017-11-01,1.315
2017-11-02,1.611
2017-11-03,1.1
2017-11-04,0.583
2017-11-05,0.934
2017-11-06,0.84
2017-11-07,1.154
2017-11-08,0.943
2017-11-09,1.276
2017-11-10,0.814
2017-11-11,0.486
2017-11-12,0.603
2017-11-13,0.617
2017-11-14,0.627
2017-11-15,0.435
2017-11-16,0.298
2017-11-17,0.56
2017-11-18,0.687
2017-11-19,0.365
2017-11-20,0.085
2017-11-21,0.259
2017-11-22,0.304
2017-11-23,0.294
2017-11-24,0.312
2017-11-25,0.461
2017-11-26,0.277
2017-11-27,0.328
2017-11-28,0.344
2017-11-29,0.616
2017-11-30,0.467
2017-12-01,0.335
2017-12-02,0.195
2017-12-03,0.338
2017-12-04,1.002
2017-12-05,1.157
2017-12-06,1.096
2017-12-07,1.081
2017-12-08,0.6
2017-12-09,0.747
2017-12-10,0.779
2017-12-11,0.841
2017-12-12,0.874
2017-12-13,0.819
2017-12-14,1.088
2017-12-15,0.444
2017-12-16,1.491
2017-12-17,1.442
2017-12-18,0.424
2017-12-19,0.518
2017-12-20,0.522
2017-12-21,0.897
2017-12-22,0.342
2017-12-23,0.47
2017-12-24,0.347
2017-12-25,0.54
2017-12-26,0.448
2017-12-27,0.516
2017-12-28,0.454
2017-12-29,0.359
2017-12-30,0.559
2017-12-31,0.199
2018-01-01,0.595
2018-01-02,0.504
2018-01-03,0.444
2018-01-04,0.319
2018-01-05,0.321
2018-01-06,0.226
2018-01-07,0.228
2018-01-08,0.164
2018-01-09,0.297
2018-01-10,0.365
2018-01-11,0.3
2018-01-12,0.604
2018-01-13,0.608
2018-01-14,0.238
2018-01-15,0.239
2018-01-16,0.275
2018-01-17,0.173
2018-01-18,0.209
2018-01-19,0.42
2018-01-20,0.775
2018-01-21,0.425
2018-01-22,0.178
2018-01-23,0.358
2018-01-24,0.144
2018-01-25,0.471
2018-01-26,0.328
2018-01-27,0.586
2018-01-28,1.068
2018-01-29,0.482
2018-01-30,0.484
2018-01-31,0.787
2018-02-01,1.4
2018-02-02,2.218
2018-02-03,2.787
2018-02-04,1.811
2018-02-05,2.037
2018-02-06,2.484
2018-02-07,2.102
2018-02-08,1.541
2018-02-09,1.682
2018-02-10,1.958
2018-02-11,1.297
2018-02-12,1.663
2018-02-13,1.717
2018-02-14,1.226
2018-02-15,2.008
2018-02-16,1.835
2018-02-17,1.325
2018-02-18,1.267
2018-02-19,1.355
2018-02-20,1.136
2018-02-21,1.114
2018-02-22,1.144
2018-02-23,1.902
2018-02-24,1.319
2018-02-25,1.764
2018-02-26,1.357
2018-02-27,2.441
2018-02-28,1.247
2018-03-01,1.045
2018-03-02,0.902
2018-03-03,0.768
2018-03-04,0.901
2018-03-05,1.422
2018-03-06,1.211
2018-03-07,1.203
2018-03-08,1.275
2018-03-09,1.148
2018-03-10,0.904
2018-03-11,1.211
2018-03-12,1.202
2018-03-13,0.809
2018-03-14,0.842
2018-03-15,0.722
2018-03-16,0.981
2018-03-17,0.862
2018-03-18,1.005
2018-03-19,1.145
2018-03-20,0.77
2018-03-21,1.093
2018-03-22,1.157
2018-03-23,1.292
2018-03-24,1.069
2018-03-25,1.026
2018-03-26,1.79
2018-03-27,2.578
2018-03-28,2.524
2018-03-29,2.668
2018-03-30,1.803
2018-03-31,1.758
2018-04-01,1.894
2018-04-02,2.107
2018-04-03,2.506
2018-04-04,1.596
2018-04-05,1.208
2018-04-06,0.52
2018-04-07,1.782
2018-04-08,2.059
2018-04-09,2.644
2018-04-10,1.725
2018-04-11,1.238
2018-04-12,1.731
2018-04-13,2.825
2018-04-14,2.892
2018-04-15,2.035
2018-04-16,1.572
2018-04-17,2.133
2018-04-18,2.205
2018-04-19,3.068
2018-04-20,3.003
2018-04-21,3.156
2018-04-22,3.452
2018-04-23,4.696
2018-04-24,4.07
2018-04-25,3.966
2018-04-26,4.121
2018-04-27,3.952
2018-04-28,3.326
2018-04-29,2.792
2018-04-30,4.842
2018-05-01,6.454
2018-05-02,5.945
2018-05-03,5.309
2018-05-04,5.724
2018-05-05,5.244
2018-05-06,5.871
2018-05-07,6.205
2018-05-08,5.953
2018-05-09,5.889
2018-05-10,6.021
2018-05-11,10.324
2018-05-12,8.84
2018-05-13,6.198
2018-05-14,6.436
2018-05-15,6.905
2018-05-16,5.641
2018-05-17,5.847
2018-05-18,7.172
2018-05-19,6.812
2018-05-20,5.676
2018-05-21,7.321
2018-05-22,6.743
2018-05-23,6.499
2018-05-24,6.179
2018-05-25,3.274
2018-05-26,4.776
2018-05-27,9.285
2018-05-28,9.823
2018-05-29,8.86
2018-05-30,7.02
2018-05-31,5.694
2018-06-01,7.22
2018-06-02,8.972
2018-06-03,7.737
2018-06-04,7.81
2018-06-05,6.153
2018-06-06,6.307
2018-06-07,5.875
2018-06-08,6.62
2018-06-09,6.657
2018-06-10,7.891
2018-06-11,9.139
2018-06-12,10.097
2018-06-13,9.136
2018-06-14,6.939
2018-06-15,6.668
2018-06-16,6.703
2018-06-17,5.939
2018-06-18,6.777
2018-06-19,7.358
2018-06-20,6.939
2018-06-21,6.717
2018-06-22,9.342
2018-06-23,11.6
2018-06-24,9.282
2018-06-25,6.816
2018-06-26,7.551
2018-06-27,8.13
2018-06-28,5.935
2018-06-29,9.518
2018-06-30,12.399
2018-07-01,10.332
2018-07-02,8.338
2018-07-03,7.424
2018-07-04,6.009
2018-07-05,7.115
2018-07-06,5.404
2018-07-07,7.327
2018-07-08,7.299
2018-07-09,7.087
2018-07-10,7.33
2018-07-11,7.126
2018-07-12,7.643
2018-07-13,5.243
2018-07-14,6.033
2018-07-15,6.005
2018-07-16,6.06
2018-07-17,6.694
2018-07-18,7.215
2018-07-19,7.408
2018-07-20,6.493
2018-07-21,6.641
2018-07-22,5.284
2018-07-23,5.207
2018-07-24,5.589
2018-07-25,6.108
2018-07-26,6.758
2018-07-27,5.757
2018-07-28,6.839
2018-07-29,6.114
2018-07-30,5.761
2018-07-31,6.143
2018-08-01,6.022
2018-08-02,5.81
2018-08-03,6.019
2018-08-04,6.883
2018-08-05,5.743
2018-08-06,6.779
2018-08-07,6.076
2018-08-08,6.156
2018-08-09,6.321
2018-08-10,6.313
2018-08-11,6.306
2018-08-12,6.19
2018-08-13,5.826
2018-08-14,5.307
2018-08-15,5.284
2018-08-16,5.18
2018-08-17,4.845
2018-08-18,5.424
2018-08-19,5.163
2018-08-20,5.826
2018-08-21,5.122
2018-08-22,5.277
2018-08-23,5.702
2018-08-24,5.143
2018-08-25,5.208
2018-08-26,5.55
2018-08-27,5.15
2018-08-28,4.7
2018-08-29,4.945
2018-08-30,4.367
2018-08-31,4.7
2018-09-01,6.554
2018-09-02,5.887
2018-09-03,5.405
2018-09-04,5.193
2018-09-05,5.151
2018-09-06,4.431
2018-09-07,5.518
2018-09-08,4.876
2018-09-09,4.728
2018-09-10,5.161
2018-09-11,5.513
2018-09-12,3.94
2018-09-13,3.938
2018-09-14,3.404
2018-09-15,4.506
2018-09-16,3.349
2018-09-17,3.314
2018-09-18,2.982
2018-09-19,4.21
2018-09-20,5.745
2018-09-21,4.031
2018-09-22,2.951
2018-09-23,2.423
2018-09-24,4.202
2018-09-25,5.333
2018-09-26,3.505
2018-09-27,2.585
2018-09-28,2.524
2018-09-29,3.321
2018-09-30,3.035
2018-10-01,2.35
2018-10-02,1.704
2018-10-03,1.824
2018-10-04,1.037
2018-10-05,1.518
2018-10-06,2.636
2018-10-07,3.385
2018-10-08,3.353
2018-10-09,2.242
2018-10-10,2.057
2018-10-11,2.221
2018-10-12,3.02
2018-10-13,3.065
2018-10-14,3.898
2018-10-15,3.87
2018-10-16,3.752
2018-10-17,2.181
2018-10-18,1.263
2018-10-19,1.97
2018-10-20,1.867
2018-10-21,1.456
2018-10-22,1.446
2018-10-23,1.174
2018-10-24,0.95
2018-10-25,2.013
2018-10-26,1.616
2018-10-27,1.224
2018-10-28,1.13
2018-10-29,1.869
2018-10-30,2.926
2018-10-31,2.302
2018-11-01,1.897
2018-11-02,1.32
2018-11-03,2.33
2018-11-04,1.458
2018-11-05,2.074
2018-11-06,2.154
2018-11-07,1.646
2018-11-08,2.533
2018-11-09,1.638
2018-11-10,1.683
2018-11-11,3.466
2018-11-12,2.332
2018-11-13,1.218
2018-11-14,2.026
2018-11-15,1.513
2018-11-16,0.904
2018-11-17,0.801
2018-11-18,0.826
2018-11-19,1.011
2018-11-20,0.871
2018-11-21,0.426
2018-11-22,0.567
2018-11-23,0.407
2018-11-24,0.253
2018-11-25,0.387
2018-11-26,0.378
2018-11-27,0.1
2018-11-28,0.359
2018-11-29,0.095
2018-11-30,0.247
2018-12-01,0.342
2018-12-02,0.327
2018-12-03,0.312
2018-12-04,0.476
2018-12-05,0.254
2018-12-06,0.455
2018-12-07,0.253
2018-12-08,0.238
2018-12-09,0.134
2018-12-10,0.313
2018-12-11,0.392
2018-12-12,0.521
2018-12-13,0.377
2018-12-14,0.293
2018-12-15,0.076
2018-12-16,0.052
2018-12-17,0.217
2018-12-18,0.28
2018-12-19,0.318
2018-12-20,0.208
2018-12-21,0.123
2018-12-22,0.347
2018-12-23,0.227
2018-12-24,0.267
2018-12-25,0.616
2018-12-26,0.808
2018-12-27,1.109
2018-12-28,1.488
2018-12-29,1.066
2018-12-30,0.76
2018-12-31,0.759
2019-01-01,1.818
2019-01-02,0.908
2019-01-03,0.579
2019-01-04,0.673
2019-01-05,0.408
2019-01-06,0.251
2019-01-07,0.345
2019-01-08,0.243
2019-01-09,0.764
2019-01-10,0.469
2019-01-11,0.277
2019-01-12,0.498
2019-01-13,0.534
2019-01-14,0.48
2019-01-15,0.257
2019-01-16,0.421
2019-01-17,0.701
2019-01-18,0.283
2019-01-19,0.357
2019-01-20,0.543
2019-01-21,0.532
2019-01-22,1.153
2019-01-23,0.655
2019-01-24,1.351
2019-01-25,1.147
2019-01-26,1.052
2019-01-27,0.762
2019-01-28,0.677
2019-01-29,0.449
2019-01-30,0.423
2019-01-31,0.539
2019-02-01,0.578
2019-02-02,0.505
2019-02-03,0.728
2019-02-04,0.567
2019-02-05,0.533
2019-02-06,0.542
2019-02-07,0.598
2019-02-08,0.515
2019-02-09,0.713
2019-02-10,0.677
2019-02-11,0.835
2019-02-12,0.549
2019-02-13,0.101
2019-02-14,0.979
2019-02-15,1.046
2019-02-16,0.955
2019-02-17,1.024
2019-02-18,1.749
2019-02-19,1.608
2019-02-20,0.954
2019-02-21,1.401
2019-02-22,1.439
2019-02-23,0.716
2019-02-24,0.757
2019-02-25,0.443
2019-02-26,0.397
2019-02-27,0.877
2019-02-28,0.742
2019-03-01,0.783
2019-03-02,0.476
2019-03-03,0.516
2019-03-04,0.813
2019-03-05,0.554
2019-03-06,1.271
2019-03-07,0.8
2019-03-08,0.916
2019-03-09,0.741
2019-03-10,1.016
2019-03-11,1.727
2019-03-12,1.547
2019-03-13,1.724
2019-03-14,1.896
2019-03-15,1.566
2019-03-16,1.647
2019-03-17,1.281
2019-03-18,1.436
2019-03-19,1.312
2019-03-20,1.03
2019-03-21,1.145
2019-03-22,0.63
2019-03-23,0.902
2019-03-24,1.211
2019-03-25,0.74
2019-03-26,0.931
2019-03-27,1.315
2019-03-28,0.886
2019-03-29,1.267
2019-03-30,1.837
2019-03-31,1.83
2019-04-01,0.864
2019-04-02,1.099
2019-04-03,0.98
2019-04-04,1.254
2019-04-05,1.252
2019-04-06,1.056
2019-04-07,1.406
2019-04-08,1.014
2019-04-09,1.91
2019-04-10,2.466
2019-04-11,1.859
2019-04-12,2.676
2019-04-13,2.232
2019-04-14,1.935
2019-04-15,1.242
2019-04-16,2.101
2019-04-17,2.856
2019-04-18,3.292
2019-04-19,3.297
2019-04-20,2.836
2019-04-21,4.552
2019-04-22,6.79
2019-04-23,7.379
2019-04-24,5.9
2019-04-25,5.349
2019-04-26,5.059
2019-04-27,5.138
2019-04-28,5.217
2019-04-29,4.903
2019-04-30,4.379
2019-05-01,6.469
2019-05-02,6.361
2019-05-03,6.106
2019-05-04,5.89
2019-05-05,5.678
2019-05-06,4.798
2019-05-07,4.701
2019-05-08,5.248
2019-05-09,5.588
2019-05-10,7.938
2019-05-11,6.676
2019-05-12,6.036
2019-05-13,6.541
2019-05-14,4.454
2019-05-15,2.48
2019-05-16,4.021
2019-05-17,4.012
2019-05-18,2.053
2019-05-19,3.379
2019-05-20,5.005
2019-05-21,3.669
2019-05-22,6.405
2019-05-23,7.405
2019-05-24,5.667
2019-05-25,5.149
2019-05-26,3.525
2019-05-27,3.617
2019-05-28,6.445
2019-05-29,6.554
2019-05-30,5.211
2019-05-31,6.758
2019-06-01,6.594
2019-06-02,5.183
2019-06-03,5.109
2019-06-04,6.879
2019-06-05,6.994
2019-06-06,5.986
2019-06-07,7.037
2019-06-08,10.07
2019-06-09,9.629
2019-06-10,7.196
2019-06-11,7.503
2019-06-12,6.719
2019-06-13,6.317
2019-06-14,5.73
2019-06-15,5.335
2019-06-16,5.502
2019-06-17,7.06
2019-06-18,10.459
2019-06-19,8.668
2019-06-20,7.441
2019-06-21,9.871
2019-06-22,10.193
2019-06-23,8.356
2019-06-24,7.233
2019-06-25,6.874
2019-06-26,7.332
2019-06-27,5.986
2019-06-28,6.407
2019-06-29,6.492
2019-06-30,6.884
2019-07-01,5.811
2019-07-02,5.99
2019-07-03,7.05
2019-07-04,7.811
2019-07-05,7.107
2019-07-06,6.407
2019-07-07,5.737
2019-07-08,5.649
2019-07-09,5.951
2019-07-10,6.156
2019-07-11,6.264
2019-07-12,6.568
2019-07-13,6.481
2019-07-14,6.546
2019-07-15,6.998
2019-07-16,6.189
2019-07-17,6.061
2019-07-18,6.317
2019-07-19,6.189
2019-07-20,5.872
2019-07-21,5.747
2019-07-22,6.56
2019-07-23,7.278
2019-07-24,6.959
2019-07-25,7.21
2019-07-26,6.689
2019-07-27,7.917
2019-07-28,8.377
2019-07-29,6.558
2019-07-30,6.296
2019-07-31,6.259
2019-08-01,5.777
2019-08-02,5.561
2019-08-03,6.616
2019-08-04,5.855
2019-08-05,5.372
2019-08-06,5.073
2019-08-07,6.21
2019-08-08,5.769
2019-08-09,5.067
2019-08-10,4.753
2019-08-11,6.018
2019-08-12,5.934
2019-08-13,5.351
2019-08-14,6.549
2019-08-15,7.141
2019-08-16,7.41
2019-08-17,5.5
2019-08-18,4.671
2019-08-19,4.202
2019-08-20,4.268
2019-08-21,5.379
2019-08-22,6.929
2019-08-23,6.041
2019-08-24,5.051
2019-08-25,5.137
2019-08-26,7.574
2019-08-27,7.521
2019-08-28,6.294
2019-08-29,5.572
2019-08-30,4.918
2019-08-31,5.042
2019-09-01,5.913
2019-09-02,5.309
2019-09-03,5.728
2019-09-04,5.49
2019-09-05,5.819
2019-09-06,5.096
2019-09-07,4.457
2019-09-08,4.199
2019-09-09,4.732
2019-09-10,3.665
2019-09-11,4.873
2019-09-12,5.221
2019-09-13,4.954
2019-09-14,4.773
2019-09-15,4.822
2019-09-16,2.765
2019-09-17,3.775
2019-09-18,2.87
2019-09-19,3.317
2019-09-20,4.484
2019-09-21,4.899
2019-09-22,2.754
2019-09-23,4.513
2019-09-24,5.735
2019-09-25,5.661
2019-09-26,3.706
2019-09-27,1.635
2019-09-28,2.062
2019-09-29,2.201
2019-09-30,1.694
2019-10-01,3.272
2019-10-02,2.749
2019-10-03,2.446
2019-10-04,3.061
2019-10-05,3.896
2019-10-06,4.148
2019-10-07,2.282
2019-10-08,1.867
2019-10-09,3.528
2019-10-10,4.04
2019-10-11,2.977
2019-10-12,2.023
2019-10-13,1.672
2019-10-14,2.606
2019-10-15,2.194
2019-10-16,2.552
2019-10-17,2.862
2019-10-18,2.121
2019-10-19,1.654
2019-10-20,2.561
2019-10-21,4.257
2019-10-22,4.453
2019-10-23,5.036
2019-10-24,4.28
2019-10-25,2.337
2019-10-26,2.793
2019-10-27,3.26
2019-10-28,2.125
2019-10-29,2.237
2019-10-30,2.434
2019-10-31,1.939
2019-11-01,1.491
2019-11-02,1.562
2019-11-03,1.546
2019-11-04,2.11
2019-11-05,2.201
2019-11-06,1.514
2019-11-07,1.171
2019-11-08,1.174
2019-11-09,1.133
2019-11-10,2.01
2019-11-11,2.615
2019-11-12,0.976
2019-11-13,1.104
2019-11-14,1.358
2019-11-15,1.321
2019-11-16,3.004
2019-11-17,3.035
2019-11-18,1.563
2019-11-19,1.918
2019-11-20,2.574
2019-11-21,1.339
2019-11-22,1.015
2019-11-23,1.396
2019-11-24,0.862
2019-11-25,1.619
2019-11-26,0.884
2019-11-27,0.499
2019-11-28,0.328
2019-11-29,0.405
2019-11-30,0.24
2019-12-01,0.082
2019-12-02,0.161
2019-12-03,0.398
2019-12-04,0.157
2019-12-05,0.233
2019-12-06,0.344
2019-12-07,0.528
2019-12-08,0.26
2019-12-09,0.33
2019-12-10,0.181
2019-12-11,0.107
2019-12-12,0.175
2019-12-13,0.138
2019-12-14,0.204
2019-12-15,0.301
2019-12-16,0.494
2019-12-17,0.324
2019-12-18,0.064
2019-12-19,0.094
2019-12-20,0.216
2019-12-21,0.091
2019-12-22,0.06
2019-12-23,0.234
2019-12-24,0.172
2019-12-25,0.169
2019-12-26,0.691
2019-12-27,0.813
2019-12-28,0.691
2019-12-29,0.193
2019-12-30,0.63
2019-12-31,0.237
2020-01-01,0.289
2020-01-02,0.806
2020-01-03,0.555
2020-01-04,0.413
2020-01-05,0.36
2020-01-06,0.776
2020-01-07,0.274
2020-01-08,0.208
2020-01-09,0.422
2020-01-10,0.464
2020-01-11,0.434
2020-01-12,0.44
2020-01-13,0.557
2020-01-14,0.602
2020-01-15,0.343
2020-01-16,0.347
2020-01-17,0.273
2020-01-18,0.553
2020-01-19,0.64
2020-01-20,0.486
2020-01-21,0.819
2020-01-22,0.539
2020-01-23,0.419
2020-01-24,0.339
2020-01-25,0.386
2020-01-26,0.824
2020-01-27,0.658
2020-01-28,0.71
2020-01-29,1.345
2020-01-30,1.45
2020-01-31,1.053
2020-02-01,0.886
2020-02-02,1.317
2020-02-03,1.756
2020-02-04,2.096
2020-02-05,1.683
2020-02-06,1.645
2020-02-07,1.5
2020-02-08,1.883
2020-02-09,2.603
2020-02-10,3.136
2020-02-11,3.008
2020-02-12,2.221
2020-02-13,1.012
2020-02-14,1.118
2020-02-15,1.105
2020-02-16,1.291
2020-02-17,2.775
2020-02-18,1.833
2020-02-19,1.583
2020-02-20,1.249
2020-02-21,1.863
2020-02-22,1.715
2020-02-23,0.825
2020-02-24,2.334
2020-02-25,2.557
2020-02-26,1.147
2020-02-27,1.277
2020-02-28,0.904
2020-02-29,0.991
2020-03-01,1.537
2020-03-02,2.163
2020-03-03,2.539
2020-03-04,1.673
2020-03-05,1.639
2020-03-06,1.342
2020-03-07,1.116
2020-03-08,1.046
2020-03-09,1.458
2020-03-10,2.0
2020-03-11,1.595
2020-03-12,2.764
2020-03-13,2.233
2020-03-14,1.184
2020-03-15,1.211
2020-03-16,0.769
2020-03-17,0.917
2020-03-18,0.58
2020-03-19,1.366
2020-03-20,1.72
2020-03-21,2.039
2020-03-22,1.596
2020-03-23,2.17
2020-03-24,1.307
2020-03-25,1.382
2020-03-26,2.093
2020-03-27,1.993
2020-03-28,1.262
2020-03-29,1.394
2020-03-30,1.458
2020-03-31,1.637
2020-04-01,1.925
2020-04-02,2.434
2020-04-03,2.497
2020-04-04,1.252
2020-04-05,1.434
2020-04-06,1.518
2020-04-07,2.085
2020-04-08,3.329
2020-04-09,1.949
2020-04-10,2.216
2020-04-11,2.204
2020-04-12,3.012
2020-04-13,4.183
2020-04-14,5.093
2020-04-15,4.382
2020-04-16,4.066
2020-04-17,4.174
2020-04-18,4.441
2020-04-19,4.804
2020-04-20,3.569
2020-04-21,4.843
2020-04-22,5.64
2020-04-23,7.225
2020-04-24,8.528
2020-04-25,6.299
2020-04-26,6.422
2020-04-27,5.643
2020-04-28,7.738
2020-04-29,5.467
2020-04-30,6.274
2020-05-01,5.999
2020-05-02,5.42
2020-05-03,4.344
2020-05-04,5.935
2020-05-05,6.74
2020-05-06,8.936
2020-05-07,10.84
2020-05-08,8.368
2020-05-09,7.384
2020-05-10,6.896
2020-05-11,4.205
2020-05-12,4.312
2020-05-13,4.219
2020-05-14,3.723
2020-05-15,6.248
2020-05-16,6.157
2020-05-17,4.55
2020-05-18,4.659
2020-05-19,5.173
2020-05-20,5.385
2020-05-21,6.774
2020-05-22,8.129
2020-05-23,10.109
2020-05-24,8.589
2020-05-25,8.671
2020-05-26,9.267
2020-05-27,8.418
2020-05-28,7.447
2020-05-29,6.7
2020-05-30,5.164
2020-05-31,5.231
2020-06-01,5.683
2020-06-02,7.455
2020-06-03,7.262
2020-06-04,7.159
2020-06-05,7.835
2020-06-06,6.78
2020-06-07,6.991
2020-06-08,8.521
2020-06-09,8.329
2020-06-10,7.525
2020-06-11,8.655
2020-06-12,6.626
2020-06-13,4.389
2020-06-14,6.217
2020-06-15,6.512
2020-06-16,7.823
2020-06-17,11.767
2020-06-18,11.648
2020-06-19,8.293
2020-06-20,6.765
2020-06-21,7.158
2020-06-22,7.414
2020-06-23,6.691
2020-06-24,6.348
2020-06-25,7.905
2020-06-26,8.367
2020-06-27,6.025
2020-06-28,5.7
2020-06-29,8.461
2020-06-30,6.509
2020-07-01,6.378
2020-07-02,5.821
2020-07-03,4.873
2020-07-04,6.289
2020-07-05,7.416
2020-07-06,7.235
2020-07-07,6.973
2020-07-08,7.417
2020-07-09,5.804
2020-07-10,7.528
2020-07-11,7.257
2020-07-12,8.666
2020-07-13,7.076
2020-07-14,6.429
2020-07-15,6.916
2020-07-16,6.603
2020-07-17,6.685
2020-07-18,6.672
2020-07-19,6.944
2020-07-20,6.36
2020-07-21,6.158
2020-07-22,6.808
2020-07-23,6.039
2020-07-24,6.641
2020-07-25,6.699
2020-07-26,7.037
2020-07-27,7.278
2020-07-28,6.773
2020-07-29,7.473
2020-07-30,7.431
2020-07-31,7.297
2020-08-01,6.085
2020-08-02,6.211
2020-08-03,6.692
2020-08-04,5.836
2020-08-05,5.52
2020-08-06,4.862
2020-08-07,5.592
2020-08-08,6.477
2020-08-09,6.377
2020-08-10,6.349
2020-08-11,5.428
2020-08-12,5.808
2020-08-13,5.859
2020-08-14,5.367
2020-08-15,6.168
2020-08-16,5.238
2020-08-17,5.207
2020-08-18,6.502
2020-08-19,6.273
2020-08-20,4.77
2020-08-21,4.968
2020-08-22,5.017
2020-08-23,5.833
2020-08-24,5.269
2020-08-25,4.342
2020-08-26,4.417
2020-08-27,4.266
2020-08-28,4.985
2020-08-29,4.256
2020-08-30,5.152
2020-08-31,5.875
2020-09-01,6.565
2020-09-02,4.324
2020-09-03,4.469
2020-09-04,4.694
2020-09-05,6.288
2020-09-06,7.307
2020-09-07,7.517
2020-09-08,9.956
2020-09-09,6.346
2020-09-10,4.108
2020-09-11,3.698
2020-09-12,4.388
2020-09-13,4.448
2020-09-14,4.507
2020-09-15,4.102
2020-09-16,4.393
2020-09-17,4.758
2020-09-18,4.103
2020-09-19,4.229
2020-09-20,5.614
2020-09-21,4.656
2020-09-22,4.362
2020-09-23,4.752
2020-09-24,4.014
2020-09-25,3.349
2020-09-26,6.326
2020-09-27,9.91
2020-09-28,7.679
2020-09-29,4.6
2020-09-30,4.846
2020-10-01,4.767
2020-10-02,4.18
2020-10-03,3.924
2020-10-04,3.055
2020-10-05,3.362
2020-10-06,2.949
2020-10-07,2.896
2020-10-08,2.388
2020-10-09,2.121
2020-10-10,1.971
2020-10-11,2.899
2020-10-12,3.496
2020-10-13,2.829
2020-10-14,5.108
2020-10-15,6.308
2020-10-16,5.755
2020-10-17,3.24
2020-10-18,2.779
2020-10-19,2.889
2020-10-20,3.273
2020-10-21,2.116
2020-10-22,2.843
2020-10-23,2.067
2020-10-24,0.992
2020-10-25,1.526
2020-10-26,2.722
2020-10-27,2.596
2020-10-28,2.074
2020-10-29,1.963
2020-10-30,1.291
2020-10-31,2.134
2020-11-01,2.019
2020-11-02,1.908
2020-11-03,1.404
2020-11-04,1.349
2020-11-05,1.968
2020-11-06,1.358
2020-11-07,0.943
2020-11-08,1.665
2020-11-09,1.505
2020-11-10,0.886
2020-11-11,0.983
2020-11-12,0.813
2020-11-13,0.735
2020-11-14,0.389
2020-11-15,0.592
2020-11-16,0.702
2020-11-17,0.696
2020-11-18,0.5
2020-11-19,0.557
2020-11-20,1.206
2020-11-21,1.344
2020-11-22,0.632
2020-11-23,0.688
2020-11-24,0.909
2020-11-25,0.634
2020-11-26,1.215
2020-11-27,0.802
2020-11-28,0.554
2020-11-29,0.472
2020-11-30,0.583
2020-12-01,1.266
2020-12-02,0.865
2020-12-03,0.491
2020-12-04,0.751
2020-12-05,0.492
2020-12-06,1.043
2020-12-07,1.21
2020-12-08,0.731
2020-12-09,0.784
2020-12-10,0.792
2020-12-11,0.374
2020-12-12,0.207
2020-12-13,0.214
2020-12-14,0.277
2020-12-15,0.229
2020-12-16,0.236
2020-12-17,0.365
2020-12-18,0.784
2020-12-19,0.484
2020-12-20,0.498
2020-12-21,0.307
2020-12-22,0.806
2020-12-23,0.971
2020-12-24,0.505
2020-12-25,0.611
2020-12-26,0.562
2020-12-27,0.391
2020-12-28,0.647
2020-12-29,1.136
2020-12-30,0.689
2020-12-31,0.775
2021-01-01,0.705
2021-01-02,0.361
2021-01-03,0.426
2021-01-04,0.598
2021-01-05,0.468
2021-01-06,0.242
2021-01-07,0.432
2021-01-08,0.191
2021-01-09,0.702
2021-01-10,0.291
2021-01-11,0.361
2021-01-12,0.343
2021-01-13,0.425
2021-01-14,0.686
2021-01-15,0.379
2021-01-16,0.92
2021-01-17,1.722
2021-01-18,2.001
2021-01-19,2.113
2021-01-20,1.456
2021-01-21,0.936
2021-01-22,0.468
2021-01-23,1.028
2021-01-24,0.451
2021-01-25,1.059
2021-01-26,0.935
2021-01-27,1.086
2021-01-28,1.019
2021-01-29,0.741
2021-01-30,0.94
2021-01-31,1.184
2021-02-01,1.831
2021-02-02,0.959
2021-02-03,0.946
2021-02-04,2.412
2021-02-05,2.431
2021-02-06,2.502
2021-02-07,2.045
2021-02-08,0.93
2021-02-09,0.814
2021-02-10,0.901
2021-02-11,0.542
2021-02-12,0.824
2021-02-13,1.24
2021-02-14,0.891
2021-02-15,0.599
2021-02-16,1.268
2021-02-17,1.958
2021-02-18,1.104
2021-02-19,0.657
2021-02-20,1.129
2021-02-21,2.24
2021-02-22,2.35
2021-02-23,3.051
2021-02-24,1.513
2021-02-25,1.973
2021-02-26,1.444
2021-02-27,2.499
2021-02-28,2.593
2021-03-01,1.904
2021-03-02,1.656
2021-03-03,2.024
2021-03-04,1.815
2021-03-05,2.047
2021-03-06,1.229
2021-03-07,1.257
2021-03-08,1.427
2021-03-09,1.123
2021-03-10,0.874
2021-03-11,1.401
2021-03-12,2.488
2021-03-13,1.593
2021-03-14,0.749
2021-03-15,0.922
2021-03-16,1.4
2021-03-17,1.046
2021-03-18,0.695
2021-03-19,1.341
2021-03-20,1.207
2021-03-21,2.318
2021-03-22,1.582
2021-03-23,2.878
2021-03-24,2.667
2021-03-25,2.256
2021-03-26,3.122
2021-03-27,2.943
2021-03-28,2.303
2021-03-29,2.385
2021-03-30,3.637
2021-03-31,3.347
2021-04-01,2.441
2021-04-02,2.647
2021-04-03,2.424
2021-04-04,1.938
2021-04-05,2.087
2021-04-06,2.616
2021-04-07,2.422
2021-04-08,2.339
2021-04-09,2.456
2021-04-10,2.897
2021-04-11,3.762
2021-04-12,3.568
2021-04-13,2.651
2021-04-14,2.778
2021-04-15,2.31
2021-04-16,3.577
2021-04-17,4.247
2021-04-18,4.476
2021-04-19,4.131
2021-04-20,3.189
2021-04-21,4.093
2021-04-22,5.178
2021-04-23,4.642
2021-04-24,3.836
2021-04-25,3.419
2021-04-26,3.559
2021-04-27,6.577
2021-04-28,7.026
2021-04-29,6.232
2021-04-30,5.241
2021-05-01,5.226
2021-05-02,8.782
2021-05-03,9.971
2021-05-04,8.71
2021-05-05,7.325
2021-05-06,6.844
2021-05-07,7.109
2021-05-08,9.149
2021-05-09,9.093
2021-05-10,9.753
2021-05-11,8.435
2021-05-12,7.797
2021-05-13,6.963
2021-05-14,6.44
2021-05-15,6.387
2021-05-16,6.702
2021-05-17,6.552
2021-05-18,7.157
2021-05-19,7.225
2021-05-20,9.283
2021-05-21,9.592
2021-05-22,7.655
2021-05-23,6.589
2021-05-24,7.604
2021-05-25,7.796
2021-05-26,8.995
2021-05-27,6.899
2021-05-28,6.761
2021-05-29,5.87
2021-05-30,9.067
2021-05-31,10.192
2021-06-01,8.221
2021-06-02,6.925
2021-06-03,6.666
2021-06-04,7.553
2021-06-05,6.622
2021-06-06,9.249
2021-06-07,7.06
2021-06-08,6.796
2021-06-09,5.945
2021-06-10,5.644
2021-06-11,4.715
2021-06-12,6.197
2021-06-13,7.214
2021-06-14,5.795
2021-06-15,5.859
2021-06-16,8.402
2021-06-17,10.863
2021-06-18,8.801
2021-06-19,7.685
2021-06-20,7.757
2021-06-21,8.634
2021-06-22,7.835
2021-06-23,7.345
2021-06-24,6.486
2021-06-25,6.79
2021-06-26,9.473
2021-06-27,8.407
2021-06-28,8.3
2021-06-29,7.885
2021-06-30,8.388
2021-07-01,7.573
2021-07-02,6.903
2021-07-03,7.816
2021-07-04,7.274
2021-07-05,7.012
2021-07-06,6.327
2021-07-07,6.335
2021-07-08,6.172
2021-07-09,8.222
2021-07-10,8.229
2021-07-11,7.784
2021-07-12,6.246
2021-07-13,6.505
2021-07-14,7.191
2021-07-15,6.765
2021-07-16,6.082
2021-07-17,6.426
2021-07-18,7.714
2021-07-19,7.481
2021-07-20,6.962
2021-07-21,6.616
2021-07-22,6.706
2021-07-23,7.58
2021-07-24,7.147
2021-07-25,7.15
2021-07-26,6.455
2021-07-27,4.45
2021-07-28,7.944
2021-07-29,7.161
2021-07-30,7.339
2021-07-31,7.691
2021-08-01,7.314
2021-08-02,6.381
2021-08-03,6.639
2021-08-04,7.047
2021-08-05,5.802
2021-08-06,6.925
2021-08-07,5.988
2021-08-08,6.124
2021-08-09,5.923
2021-08-10,6.144
2021-08-11,6.368
2021-08-12,5.281
2021-08-13,6.577
2021-08-14,5.239
2021-08-15,6.39
2021-08-16,6.499
2021-08-17,4.747
2021-08-18,8.572
2021-08-19,7.145
2021-08-20,5.927
2021-08-21,4.394
2021-08-22,4.214
2021-08-23,4.805
2021-08-24,4.681
2021-08-25,4.226
2021-08-26,4.304
2021-08-27,6.556
2021-08-28,6.635
2021-08-29,6.129
2021-08-30,5.195
2021-08-31,4.898
2021-09-01,4.79
2021-09-02,4.256
2021-09-03,4.668
2021-09-04,5.185
2021-09-05,4.982
2021-09-06,6.291
2021-09-07,6.925
2021-09-08,6.138
2021-09-09,5.167
2021-09-10,4.415
2021-09-11,4.967
2021-09-12,4.693
2021-09-13,5.307
2021-09-14,6.137
2021-09-15,4.315
2021-09-16,3.395
2021-09-17,3.512
2021-09-18,2.087
2021-09-19,2.162
2021-09-20,5.874
2021-09-21,4.531
2021-09-22,3.714
2021-09-23,5.507
2021-09-24,4.694
2021-09-25,3.286
2021-09-26,2.905
2021-09-27,2.002
2021-09-28,2.616
2021-09-29,3.741
2021-09-30,4.65
2021-10-01,3.448
2021-10-02,2.851
2021-10-03,2.72
2021-10-04,2.802
2021-10-05,3.756
2021-10-06,2.145
2021-10-07,2.111
2021-10-08,2.524
2021-10-09,2.436
2021-10-10,3.203
2021-10-11,4.504
2021-10-12,4.255
2021-10-13,1.883
2021-10-14,3.92
2021-10-15,2.997
2021-10-16,2.739
2021-10-17,2.904
2021-10-18,1.254
2021-10-19,1.908
2021-10-20,0.968
2021-10-21,1.571
2021-10-22,1.792
2021-10-23,0.492
2021-10-24,0.297
2021-10-25,1.958
2021-10-26,1.152
2021-10-27,1.898
2021-10-28,0.722
2021-10-29,0.942
2021-10-30,0.589
2021-10-31,1.022
2021-11-01,0.578
2021-11-02,0.998
2021-11-03,1.36
2021-11-04,1.349
2021-11-05,0.884
2021-11-06,0.612
2021-11-07,1.122
2021-11-08,1.267
2021-11-09,0.935
2021-11-10,0.736
2021-11-11,1.609
2021-11-12,0.604
2021-11-13,1.076
2021-11-14,0.606
2021-11-15,0.472
2021-11-16,1.149
2021-11-17,1.488
2021-11-18,0.557
2021-11-19,0.59
2021-11-20,1.963
2021-11-21,2.022
2021-11-22,0.856
2021-11-23,1.139
2021-11-24,1.924
2021-11-25,0.78
2021-11-26,0.938
2021-11-27,0.95
2021-11-28,0.557
2021-11-29,1.231
2021-11-30,1.973
2021-12-01,1.577
2021-12-02,0.685
2021-12-03,0.562
2021-12-04,0.446
2021-12-05,0.816
2021-12-06,0.371
2021-12-07,0.538
2021-12-08,0.216
2021-12-09,0.334
2021-12-10,0.635
2021-12-11,0.393
2021-12-12,0.253
2021-12-13,0.073
2021-12-14,0.259
2021-12-15,0.375
2021-12-16,0.228
2021-12-17,0.576
2021-12-18,0.272
2021-12-19,0.196
2021-12-20,0.199
2021-12-21,0.121
2021-12-22,0.366
2021-12-23,0.821
2021-12-24,0.789
2021-12-25,0.462
2021-12-26,0.509
2021-12-27,0.514
2021-12-28,0.217
2021-12-29,0.087
2021-12-30,0.221
2021-12-31,0.357
2022-01-01,0.806
2022-01-02,0.471
2022-01-03,0.825
2022-01-04,0.617
2022-01-05,0.313
2022-01-06,0.272
2022-01-07,0.78
2022-01-08,0.698
2022-01-09,0.801
2022-01-10,0.859
2022-01-11,0.852
2022-01-12,0.563
2022-01-13,0.605
2022-01-14,1.89
2022-01-15,1.051
2022-01-16,0.543
2022-01-17,0.583
2022-01-18,0.622
2022-01-19,1.101
2022-01-20,0.92
2022-01-21,1.787
2022-01-22,2.254
2022-01-23,1.423
2022-01-24,0.729
2022-01-25,1.663
2022-01-26,1.272
2022-01-27,1.358
2022-01-28,1.077
2022-01-29,0.962
2022-01-30,0.798
2022-01-31,1.305
2022-02-01,2.312
2022-02-02,2.084
2022-02-03,2.218
2022-02-04,1.606
2022-02-05,2.166
2022-02-06,2.397
2022-02-07,1.697
2022-02-08,3.144
2022-02-09,3.45
2022-02-10,2.908
2022-02-11,2.041
2022-02-12,1.864
2022-02-13,1.239
2022-02-14,1.193
2022-02-15,2.386
2022-02-16,3.326
2022-02-17,2.975
2022-02-18,2.001
2022-02-19,1.612
2022-02-20,1.217
2022-02-21,2.042
2022-02-22,1.302
2022-02-23,2.207
2022-02-24,1.458
2022-02-25,2.445
2022-02-26,1.688
2022-02-27,0.101
2022-02-28,1.638
2022-03-01,1.749
2022-03-02,1.834
2022-03-03,0.71
2022-03-04,1.544
2022-03-05,1.227
2022-03-06,1.977
2022-03-07,2.582
2022-03-08,2.378
2022-03-09,2.111
2022-03-10,2.363
2022-03-11,2.103
2022-03-12,2.18
2022-03-13,1.599
2022-03-14,1.508
2022-03-15,1.206
2022-03-16,2.075
2022-03-17,1.604
2022-03-18,1.928
2022-03-19,1.644
2022-03-20,3.148
2022-03-21,4.673
2022-03-22,4.86
2022-03-23,2.588
2022-03-24,2.455
2022-03-25,2.472
2022-03-26,2.238
2022-03-27,2.377
2022-03-28,1.314
2022-03-29,2.341
2022-03-30,1.605
2022-03-31,3.085
2022-04-01,3.169
2022-04-02,3.521
2022-04-03,4.118
2022-04-04,2.667
2022-04-05,3.476
2022-04-06,6.699
2022-04-07,4.494
2022-04-08,4.6
2022-04-09,3.867
2022-04-10,4.431
2022-04-11,2.553
2022-04-12,3.15
2022-04-13,2.697
2022-04-14,2.003
2022-04-15,3.035
2022-04-16,4.206
2022-04-17,5.075
2022-04-18,4.066
2022-04-19,4.043
2022-04-20,3.111
2022-04-21,3.493
2022-04-22,3.654
2022-04-23,5.874
2022-04-24,6.007
2022-04-25,5.587
2022-04-26,5.709
2022-04-27,5.097
2022-04-28,5.115
2022-04-29,6.739
2022-04-30,5.339
2022-05-01,6.99
2022-05-02,5.456
2022-05-03,8.228
2022-05-04,7.273
2022-05-05,4.158
2022-05-06,3.192
2022-05-07,4.959
2022-05-08,4.745
2022-05-09,3.933
2022-05-10,3.593
2022-05-11,5.571
2022-05-12,4.001
2022-05-13,5.352
2022-05-14,6.944
2022-05-15,6.746
2022-05-16,5.133
2022-05-17,7.117
2022-05-18,9.196
2022-05-19,8.361
2022-05-20,9.191
2022-05-21,8.097
2022-05-22,7.545
2022-05-23,9.635
2022-05-24,10.682
2022-05-25,8.941
2022-05-26,6.637
2022-05-27,5.322
2022-05-28,3.69
2022-05-29,6.725
2022-05-30,9.0
2022-05-31,8.793
2022-06-01,6.605
2022-06-02,4.837
2022-06-03,5.826
2022-06-04,3.327
2022-06-05,3.702
2022-06-06,5.59
2022-06-07,7.234
2022-06-08,6.383
2022-06-09,9.411
2022-06-10,9.108
2022-06-11,7.7
2022-06-12,4.905
2022-06-13,7.741
2022-06-14,9.899
2022-06-15,9.277
2022-06-16,6.739
2022-06-17,5.548
2022-06-18,4.98
2022-06-19,7.143
2022-06-20,7.501
2022-06-21,10.434
2022-06-22,8.399
2022-06-23,7.312
2022-06-24,7.184
2022-06-25,7.659
2022-06-26,7.325
2022-06-27,7.807
2022-06-28,7.225
2022-06-29,7.107
2022-06-30,6.434
2022-07-01,6.396
2022-07-02,6.61
2022-07-03,4.798
2022-07-04,4.605
2022-07-05,4.881
2022-07-06,6.332
2022-07-07,6.203
2022-07-08,6.847
2022-07-09,6.525
2022-07-10,9.355
2022-07-11,9.402
2022-07-12,9.07
2022-07-13,7.144
2022-07-14,6.707
2022-07-15,6.396
2022-07-16,7.22
2022-07-17,7.685
2022-07-18,7.372
2022-07-19,6.977
2022-07-20,7.263
2022-07-21,6.873
2022-07-22,6.469
2022-07-23,6.448
2022-07-24,7.426
2022-07-25,6.822
2022-07-26,5.355
2022-07-27,5.918
2022-07-28,5.972
2022-07-29,5.938
2022-07-30,4.053
2022-07-31,5.066
2022-08-01,2.704
2022-08-02,6.07
2022-08-03,6.299
2022-08-04,8.143
2022-08-05,6.948
2022-08-06,6.006
2022-08-07,5.897
2022-08-08,6.392
2022-08-09,6.947
2022-08-10,5.943
2022-08-11,5.559
2022-08-12,5.348
2022-08-13,5.615
2022-08-14,6.712
2022-08-15,6.107
2022-08-16,6.367
2022-08-17,6.158
2022-08-18,6.413
2022-08-19,6.173
2022-08-20,6.767
2022-08-21,7.119
2022-08-22,5.858
2022-08-23,6.431
2022-08-24,6.396
2022-08-25,6.445
2022-08-26,6.066
2022-08-27,5.94
2022-08-28,5.811
2022-08-29,5.679
2022-08-30,5.896
2022-08-31,5.625
2022-09-01,6.492
2022-09-02,7.167
2022-09-03,5.576
2022-09-04,6.488
2022-09-05,8.427
2022-09-06,8.233
2022-09-07,6.306
2022-09-08,7.295
2022-09-09,6.603
2022-09-10,5.888
2022-09-11,4.329
2022-09-12,3.911
2022-09-13,4.983
2022-09-14,4.148
2022-09-15,3.918
2022-09-16,3.993
2022-09-17,4.306
2022-09-18,0.952
2022-09-19,1.752
2022-09-20,2.167
2022-09-21,2.236
2022-09-22,3.106
2022-09-23,4.32
2022-09-24,4.196
2022-09-25,3.39
2022-09-26,2.898
2022-09-27,2.869
2022-09-28,3.046
2022-09-29,3.507
2022-09-30,5.044
2022-10-01,3.786
2022-10-02,3.605
2022-10-03,4.331
2022-10-04,3.992
2022-10-05,4.693
2022-10-06,4.077
2022-10-07,4.025
2022-10-08,4.063
2022-10-09,3.653
2022-10-10,3.173
2022-10-11,3.029
2022-10-12,3.376
2022-10-13,3.652
2022-10-14,4.564
2022-10-15,3.405
2022-10-16,2.742
2022-10-17,2.428
2022-10-18,3.792
2022-10-19,4.92
2022-10-20,3.413
2022-10-21,3.066
2022-10-22,3.034
2022-10-23,3.884
2022-10-24,3.302
2022-10-25,1.744
2022-10-26,2.246
2022-10-27,2.517
2022-10-28,1.282
2022-10-29,2.645
2022-10-30,3.385
2022-10-31,1.665
2022-11-01,1.386
2022-11-02,1.226
2022-11-03,1.663
2022-11-04,1.094
2022-11-05,0.614
2022-11-06,1.133
2022-11-07,0.782
2022-11-08,0.201
2022-11-09,0.437
2022-11-10,0.794
2022-11-11,0.59
2022-11-12,0.441
2022-11-13,1.112
2022-11-14,0.787
2022-11-15,1.846
2022-11-16,1.785
2022-11-17,0.75
2022-11-18,1.41
2022-11-19,1.113
2022-11-20,0.745
2022-11-21,0.731
2022-11-22,0.574
2022-11-23,1.715
2022-11-24,1.583
2022-11-25,0.555
2022-11-26,1.291
2022-11-27,0.93
2022-11-28,0.895
2022-11-29,1.344
2022-11-30,1.083
2022-12-01,0.256
2022-12-02,0.342
2022-12-03,0.14
2022-12-04,0.576
2022-12-05,0.505
2022-12-06,0.438
2022-12-07,0.338
2022-12-08,0.176
2022-12-09,0.066
2022-12-10,0.277
2022-12-11,0.285
2022-12-12,0.21
2022-12-13,0.151
2022-12-14,0.157
2022-12-15,0.682
2022-12-16,0.713
2022-12-17,0.724
2022-12-18,0.683
2022-12-19,0.328
2022-12-20,0.519
2022-12-21,0.775
2022-12-22,0.267
2022-12-23,0.379
2022-12-24,0.535
2022-12-25,0.167
2022-12-26,0.365
2022-12-27,0.388
2022-12-28,0.269
2022-12-29,0.218
2022-12-30,0.847
2022-12-31,0.164
2023-01-01,0.3
2023-01-02,0.254
2023-01-03,0.246
2023-01-04,0.476
2023-01-05,0.197
2023-01-06,0.127
2023-01-07,0.458
2023-01-08,0.147
2023-01-09,0.085
2023-01-10,0.513
2023-01-11,0.233
2023-01-12,0.099
2023-01-13,0.094
2023-01-14,0.492
2023-01-15,0.276
2023-01-16,0.22
2023-01-17,0.321
2023-01-18,0.266
2023-01-19,0.347
2023-01-20,0.4
2023-01-21,0.199
2023-01-22,0.313
2023-01-23,0.596
2023-01-24,0.661
2023-01-25,0.636
2023-01-26,0.621
2023-01-27,0.258
2023-01-28,0.414
2023-01-29,0.245
2023-01-30,0.668
2023-01-31,0.725
2023-02-01,0.294
2023-02-02,0.334
2023-02-03,0.43
2023-02-04,0.309
2023-02-05,0.498
2023-02-06,0.884
2023-02-07,0.694
2023-02-08,0.848
2023-02-09,0.707
2023-02-10,0.556
2023-02-11,0.86
2023-02-12,1.77
2023-02-13,1.177
2023-02-14,1.132
2023-02-15,1.323
2023-02-16,0.672
2023-02-17,1.274
2023-02-18,1.055
2023-02-19,0.0
2023-02-20,1.989
2023-02-21,1.652
2023-02-22,1.232
2023-02-23,1.056
2023-02-24,0.468
2023-02-25,0.666
2023-02-26,0.606
2023-02-27,0.895
2023-02-28,0.783
2023-03-01,1.4
2023-03-02,1.378
2023-03-03,1.0
2023-03-04,1.046
2023-03-05,1.183
2023-03-06,1.002
2023-03-07,1.002
2023-03-08,1.23
2023-03-09,0.775
2023-03-10,1.323
2023-03-11,0.502
2023-03-12,0.959
2023-03-13,1.416
2023-03-14,0.823
2023-03-15,1.418
2023-03-16,1.693
2023-03-17,1.74
2023-03-18,1.328
2023-03-19,0.687
2023-03-20,1.055
2023-03-21,0.78
2023-03-22,1.01
2023-03-23,1.24
2023-03-24,1.378
2023-03-25,1.793
2023-03-26,1.932
2023-03-27,1.754
2023-03-28,0.665
2023-03-29,0.812
2023-03-30,1.41
2023-03-31,1.549
2023-04-01,1.483
2023-04-02,1.521
2023-04-03,2.112
2023-04-04,1.975
2023-04-05,1.671
2023-04-06,1.404
2023-04-07,1.278
2023-04-08,1.668
2023-04-09,2.23
2023-04-10,2.488
2023-04-11,2.368
2023-04-12,2.183
2023-04-13,3.08
2023-04-14,2.275
2023-04-15,2.393
2023-04-16,2.692
2023-04-17,2.067
2023-04-18,2.291
2023-04-19,2.936
2023-04-20,3.026
2023-04-21,3.968
2023-04-22,4.568
2023-04-23,3.991
2023-04-24,4.599
2023-04-25,6.314
2023-04-26,6.502
2023-04-27,6.083
2023-04-28,5.956
2023-04-29,6.471
2023-04-30,5.023
2023-05-01,2.546
2023-05-02,2.885
2023-05-03,3.13
2023-05-04,2.483
2023-05-05,2.55
2023-05-06,2.789
2023-05-07,3.025
2023-05-08,3.255
2023-05-09,4.415
2023-05-10,4.292
2023-05-11,4.504
2023-05-12,6.199
2023-05-13,7.618
2023-05-14,7.237
2023-05-15,6.679
2023-05-16,6.2
2023-05-17,6.657
2023-05-18,6.161
2023-05-19,6.333
2023-05-20,6.014
2023-05-21,6.184
2023-05-22,6.963
2023-05-23,6.759
2023-05-24,6.13
2023-05-25,6.113
2023-05-26,5.879
2023-05-27,6.395
2023-05-28,5.274
2023-05-29,6.46
2023-05-30,5.411
2023-05-31,6.063
2023-06-01,5.788
2023-06-02,6.771
2023-06-03,7.812
2023-06-04,8.1
2023-06-05,8.747
2023-06-06,5.949
2023-06-07,4.968
2023-06-08,4.714
2023-06-09,4.631
2023-06-10,4.287
2023-06-11,4.484
2023-06-12,3.698
2023-06-13,3.907
2023-06-14,3.619
2023-06-15,7.13
2023-06-16,9.08
2023-06-17,6.225
2023-06-18,5.815
2023-06-19,5.871
2023-06-20,6.535
2023-06-21,7.539
2023-06-22,6.76
2023-06-23,6.264
2023-06-24,6.397
2023-06-25,6.203
2023-06-26,6.329
2023-06-27,6.449
2023-06-28,6.563
2023-06-29,8.49
2023-06-30,7.271
2023-07-01,7.256
2023-07-02,8.366
2023-07-03,7.964
2023-07-04,6.644
2023-07-05,6.882
2023-07-06,6.608
2023-07-07,6.213
2023-07-08,6.441
2023-07-09,6.41
2023-07-10,6.324
2023-07-11,7.136
2023-07-12,6.717
2023-07-13,6.31
2023-07-14,7.737
2023-07-15,6.853
2023-07-16,6.014
2023-07-17,6.706
2023-07-18,6.49
2023-07-19,6.736
2023-07-20,6.797
2023-07-21,8.667
2023-07-22,9.417
2023-07-23,7.658
2023-07-24,6.943
2023-07-25,6.524
2023-07-26,6.45
2023-07-27,5.92
2023-07-28,5.761
2023-07-29,6.227
2023-07-30,6.416
2023-07-31,5.644
2023-08-01,5.089
2023-08-02,5.551
2023-08-03,5.282
2023-08-04,5.663
2023-08-05,7.439
2023-08-06,10.711
2023-08-07,8.21
2023-08-08,5.887
2023-08-09,5.71
2023-08-10,5.426
2023-08-11,5.08
2023-08-12,5.268
2023-08-13,6.055
2023-08-14,4.941
2023-08-15,6.374
2023-08-16,6.109
2023-08-17,6.337
2023-08-18,5.298
2023-08-19,5.945
2023-08-20,4.827
2023-08-21,3.433
2023-08-22,3.338
2023-08-23,5.374
2023-08-24,6.575
2023-08-25,5.738
2023-08-26,5.343
2023-08-27,5.877
2023-08-28,6.591
2023-08-29,7.756
2023-08-30,10.823
2023-08-31,7.343
2023-09-01,3.072
2023-09-02,2.882
2023-09-03,3.052
2023-09-04,4.563
2023-09-05,4.637
2023-09-06,4.711
2023-09-07,4.607
2023-09-08,4.592
2023-09-09,5.368
2023-09-10,4.298
2023-09-11,5.277
2023-09-12,4.155
2023-09-13,4.399
2023-09-14,5.007
2023-09-15,4.628
2023-09-16,3.828
2023-09-17,3.954
2023-09-18,3.978
2023-09-19,3.918
2023-09-20,4.294
2023-09-21,5.417
2023-09-22,4.299
2023-09-23,4.488
2023-09-24,4.865
2023-09-25,4.4
2023-09-26,2.81
2023-09-27,3.543
2023-09-28,4.823
2023-09-29,2.065
2023-09-30,1.369
2023-10-01,2.747
2023-10-02,2.634
2023-10-03,2.871
2023-10-04,3.825
2023-10-05,3.763
2023-10-06,2.988
2023-10-07,2.453
2023-10-08,2.737
2023-10-09,1.321
2023-10-10,0.884
2023-10-11,1.893
2023-10-12,3.172
2023-10-13,1.589
2023-10-14,1.835
2023-10-15,1.689
2023-10-16,1.583
2023-10-17,3.177
2023-10-18,2.845
2023-10-19,2.684
2023-10-20,2.715
2023-10-21,2.449
2023-10-22,0.576
2023-10-23,2.547
2023-10-24,2.377
2023-10-25,0.535
2023-10-26,1.359
2023-10-27,1.245
2023-10-28,2.471
2023-10-29,2.257
2023-10-30,1.529
2023-10-31,0.994
2023-11-01,1.008
2023-11-02,1.102
2023-11-03,1.415
2023-11-04,1.123
2023-11-05,1.174
2023-11-06,1.619
2023-11-07,1.155
2023-11-08,2.771
2023-11-09,1.497
2023-11-10,1.327
2023-11-11,1.024
2023-11-12,1.621
2023-11-13,1.444
2023-11-14,0.45
2023-11-15,1.194
2023-11-16,0.983
2023-11-17,0.96
2023-11-18,0.293
2023-11-19,1.145
2023-11-20,2.903
2023-11-21,0.871
2023-11-22,1.007
2023-11-23,1.807
2023-11-24,2.16
2023-11-25,1.709
2023-11-26,1.375
2023-11-27,0.874
2023-11-28,0.625
2023-11-29,0.605
2023-11-30,0.449
2023-12-01,0.547
2023-12-02,0.312
2023-12-03,0.437
2023-12-04,0.471
2023-12-05,0.377
2023-12-06,0.246
2023-12-07,0.361
2023-12-08,0.666
2023-12-09,0.984
2023-12-10,0.554
2023-12-11,0.716
2023-12-12,1.359
2023-12-13,0.924
2023-12-14,0.444
2023-12-15,0.649
2023-12-16,0.856
2023-12-17,0.558
2023-12-18,0.269
2023-12-19,0.602
2023-12-20,0.239
2023-12-21,0.298
2023-12-22,0.33
2023-12-23,0.364
2023-12-24,0.176
2023-12-25,0.175
2023-12-26,0.191
2023-12-27,0.161
2023-12-28,0.273
2023-12-29,0.213
2023-12-30,0.227
2023-12-31,0.151
2024-01-01,0.331
2024-01-02,0.061
2024-01-03,0.092
2024-01-04,0.464
2024-01-05,0.468
2024-01-06,0.599
2024-01-07,0.572
2024-01-08,0.513
2024-01-09,0.291
2024-01-10,0.62
2024-01-11,0.56
2024-01-12,0.299
2024-01-13,0.435
2024-01-14,0.338
2024-01-15,0.443
2024-01-16,0.206
2024-01-17,0.45
2024-01-18,0.313
2024-01-19,0.245
2024-01-20,0.492
2024-01-21,0.353
2024-01-22,0.32
2024-01-23,0.393
2024-01-24,0.323
2024-01-25,0.432
2024-01-26,0.181
2024-01-27,0.473
2024-01-28,0.768
2024-01-29,0.588
2024-01-30,0.739
2024-01-31,0.445
2024-02-01,0.714
2024-02-02,0.995
2024-02-03,0.971
2024-02-04,0.992
2024-02-05,1.464
2024-02-06,1.165
2024-02-07,0.626
2024-02-08,1.051
2024-02-09,1.322
2024-02-10,1.502
2024-02-11,0.878
2024-02-12,0.81
2024-02-13,0.787
2024-02-14,0.706
2024-02-15,1.012
2024-02-16,0.755
2024-02-17,0.359
2024-02-18,0.741
2024-02-19,1.018
2024-02-20,0.851
2024-02-21,1.077
2024-02-22,1.176
2024-02-23,2.059
2024-02-24,2.113
2024-02-25,1.719
2024-02-26,1.441
2024-02-27,2.013
2024-02-28,1.736
2024-02-29,1.411
2024-03-01,1.293
2024-03-02,1.061
2024-03-03,1.238
2024-03-04,0.804
2024-03-05,1.173
2024-03-06,1.015
2024-03-07,1.69
2024-03-08,1.721
2024-03-09,1.05
2024-03-10,0.868
2024-03-11,0.667
2024-03-12,0.811
2024-03-13,1.251
2024-03-14,2.009
2024-03-15,2.206
2024-03-16,1.618
2024-03-17,2.053
2024-03-18,1.629
2024-03-19,1.501
2024-03-20,1.78
2024-03-21,1.722
2024-03-22,1.263
2024-03-23,1.319
2024-03-24,1.415
2024-03-25,1.092
2024-03-26,1.359
2024-03-27,0.928
2024-03-28,1.337
2024-03-29,0.691
2024-03-30,0.979
2024-03-31,1.351
2024-04-01,2.711
2024-04-02,1.955
2024-04-03,1.28
2024-04-04,0.599
2024-04-05,1.074
2024-04-06,1.327
2024-04-07,2.048
2024-04-08,2.809
2024-04-09,2.79
2024-04-10,2.667
2024-04-11,2.433
2024-04-12,1.871
2024-04-13,0.799
2024-04-14,1.2
2024-04-15,2.122
2024-04-16,3.143
2024-04-17,2.98
2024-04-18,3.464
2024-04-19,3.112
2024-04-20,3.115
2024-04-21,3.943
2024-04-22,5.588
2024-04-23,3.9
2024-04-24,4.163
2024-04-25,2.832
2024-04-26,3.45
2024-04-27,4.419
2024-04-28,5.388
2024-04-29,5.56
2024-04-30,5.578
2024-05-01,7.296
2024-05-02,5.804
2024-05-03,5.544
2024-05-04,1.6
2024-05-05,3.546
2024-05-06,4.292
2024-05-07,5.856
2024-05-08,7.275
2024-05-09,6.939
2024-05-10,6.842
2024-05-11,6.243
2024-05-12,5.294
2024-05-13,5.26
2024-05-14,5.481
2024-05-15,6.569
2024-05-16,6.823
2024-05-17,6.462
2024-05-18,6.637
2024-05-19,5.564
2024-05-20,8.244
2024-05-21,8.816
2024-05-22,6.824
2024-05-23,7.853
2024-05-24,6.213
2024-05-25,5.716
2024-05-26,6.492
2024-05-27,6.286
2024-05-28,5.709
2024-05-29,7.722
2024-05-30,10.111
2024-05-31,8.862
2024-06-01,6.509
2024-06-02,6.273
2024-06-03,5.183
2024-06-04,10.594
2024-06-05,9.741
2024-06-06,7.991
2024-06-07,7.195
2024-06-08,6.156
2024-06-09,6.45
2024-06-10,7.904
2024-06-11,8.937
2024-06-12,8.137
2024-06-13,6.375
2024-06-14,6.351
2024-06-15,6.963
2024-06-16,7.962
2024-06-17,7.707
2024-06-18,6.992
2024-06-19,6.142
2024-06-20,5.592
2024-06-21,6.098
2024-06-22,6.902
2024-06-23,7.546
2024-06-24,7.138
2024-06-25,4.987
2024-06-26,8.018
2024-06-27,6.551
2024-06-28,8.409
2024-06-29,8.311
2024-06-30,9.583
