time,eto
2016-01-01,0.798
2016-01-02,1.33
2016-01-03,1.508
2016-01-04,0.798
2016-01-05,0.709
2016-01-06,0.798
2016-01-07,0.621
2016-01-08,0.798
2016-01-09,1.33
2016-01-10,0.976
2016-01-11,1.064
2016-01-12,1.153
2016-01-13,1.685
2016-01-14,0.798
2016-01-15,0.976
2016-01-16,1.153
2016-01-17,0.798
2016-01-18,1.242
2016-01-19,0.621
2016-01-20,1.064
2016-01-21,0.976
2016-01-22,1.064
2016-01-23,1.153
2016-01-24,0.887
2016-01-25,1.064
2016-01-26,1.153
2016-01-27,1.064
2016-01-28,0.709
2016-01-29,0.887
2016-01-30,1.064
2016-01-31,1.862
2016-02-01,3.507
2016-02-02,2.566
2016-02-03,2.566
2016-02-04,1.967
2016-02-05,1.625
2016-02-06,2.053
2016-02-07,1.967
2016-02-08,2.138
2016-02-09,2.224
2016-02-10,1.625
2016-02-11,1.454
2016-02-12,1.54
2016-02-13,1.967
2016-02-14,2.994
2016-02-15,2.138
2016-02-16,2.053
2016-02-17,1.625
2016-02-18,2.31
2016-02-19,1.711
2016-02-20,2.823
2016-02-21,2.566
2016-02-22,1.882
2016-02-23,1.454
2016-02-24,1.54
2016-02-25,1.454
2016-02-26,1.54
2016-02-27,1.711
2016-02-28,1.967
2016-02-29,1.711
2016-03-01,2.886
2016-03-02,2.274
2016-03-03,1.574
2016-03-04,2.012
2016-03-05,1.662
2016-03-06,2.361
2016-03-07,1.487
2016-03-08,1.837
2016-03-09,2.274
2016-03-10,2.449
2016-03-11,1.924
2016-03-12,2.449
2016-03-13,1.749
2016-03-14,2.099
2016-03-15,2.886
2016-03-16,2.974
2016-03-17,2.886
2016-03-18,3.324
2016-03-19,3.149
2016-03-20,3.324
2016-03-21,2.449
2016-03-22,3.236
2016-03-23,3.498
2016-03-24,3.673
2016-03-25,3.848
2016-03-26,4.023
2016-03-27,3.324
2016-03-28,3.149
2016-03-29,3.498
2016-03-30,3.761
2016-03-31,3.848
2016-04-01,3.694
2016-04-02,3.522
2016-04-03,4.124
2016-04-04,4.553
2016-04-05,4.725
2016-04-06,4.21
2016-04-07,4.467
2016-04-08,3.608
2016-04-09,1.89
2016-04-10,1.632
2016-04-11,2.749
2016-04-12,3.608
2016-04-13,3.866
2016-04-14,3.694
2016-04-15,5.413
2016-04-16,4.296
2016-04-17,4.725
2016-04-18,4.467
2016-04-19,4.553
2016-04-20,5.069
2016-04-21,4.725
2016-04-22,3.179
2016-04-23,4.124
2016-04-24,4.553
2016-04-25,5.155
2016-04-26,4.382
2016-04-27,3.694
2016-04-28,5.069
2016-04-29,4.553
2016-04-30,6.701
2016-05-01,4.959
2016-05-02,5.044
2016-05-03,4.788
2016-05-04,4.702
2016-05-05,3.933
2016-05-06,2.736
2016-05-07,2.223
2016-05-08,2.736
2016-05-09,4.275
2016-05-10,5.472
2016-05-11,5.472
2016-05-12,6.07
2016-05-13,5.215
2016-05-14,5.215
2016-05-15,5.813
2016-05-16,6.754
2016-05-17,7.267
2016-05-18,7.096
2016-05-19,5.386
2016-05-20,4.36
2016-05-21,3.505
2016-05-22,4.788
2016-05-23,4.36
2016-05-24,4.702
2016-05-25,5.728
2016-05-26,5.984
2016-05-27,6.155
2016-05-28,6.583
2016-05-29,7.096
2016-05-30,7.181
2016-05-31,7.523
2016-06-01,7.109
2016-06-02,7.363
2016-06-03,7.194
2016-06-04,6.855
2016-06-05,7.871
2016-06-06,7.194
2016-06-07,6.77
2016-06-08,6.432
2016-06-09,5.924
2016-06-10,6.432
2016-06-11,5.924
2016-06-12,6.855
2016-06-13,6.178
2016-06-14,5.67
2016-06-15,5.247
2016-06-16,5.501
2016-06-17,5.501
2016-06-18,5.67
2016-06-19,6.263
2016-06-20,7.786
2016-06-21,8.378
2016-06-22,7.871
2016-06-23,7.786
2016-06-24,7.447
2016-06-25,8.378
2016-06-26,8.717
2016-06-27,8.04
2016-06-28,8.632
2016-06-29,8.124
2016-06-30,7.532
2016-07-01,7.312
2016-07-02,6.892
2016-07-03,7.396
2016-07-04,7.144
2016-07-05,6.639
2016-07-06,6.555
2016-07-07,6.303
2016-07-08,6.724
2016-07-09,6.135
2016-07-10,6.555
2016-07-11,7.396
2016-07-12,7.06
2016-07-13,7.564
2016-07-14,7.984
2016-07-15,7.48
2016-07-16,6.639
2016-07-17,6.555
2016-07-18,6.051
2016-07-19,6.555
2016-07-20,6.808
2016-07-21,6.976
2016-07-22,7.984
2016-07-23,9.161
2016-07-24,7.732
2016-07-25,7.228
2016-07-26,8.068
2016-07-27,8.741
2016-07-28,9.077
2016-07-29,8.993
2016-07-30,7.732
2016-07-31,7.06
2016-08-01,6.437
2016-08-02,6.85
2016-08-03,7.51
2016-08-04,6.603
2016-08-05,5.695
2016-08-06,6.025
2016-08-07,6.355
2016-08-08,6.603
2016-08-09,6.19
2016-08-10,5.942
2016-08-11,6.19
2016-08-12,6.52
2016-08-13,6.768
2016-08-14,6.933
2016-08-15,6.437
2016-08-16,6.025
2016-08-17,6.107
2016-08-18,5.447
2016-08-19,5.86
2016-08-20,6.355
2016-08-21,6.107
2016-08-22,5.942
2016-08-23,6.19
2016-08-24,6.768
2016-08-25,6.19
2016-08-26,5.365
2016-08-27,5.282
2016-08-28,5.365
2016-08-29,6.025
2016-08-30,5.86
2016-08-31,5.695
2016-09-01,5.23
2016-09-02,5.312
2016-09-03,4.822
2016-09-04,4.168
2016-09-05,5.149
2016-09-06,5.476
2016-09-07,5.721
2016-09-08,5.557
2016-09-09,5.639
2016-09-10,6.048
2016-09-11,5.149
2016-09-12,4.086
2016-09-13,3.351
2016-09-14,3.923
2016-09-15,4.495
2016-09-16,5.067
2016-09-17,5.476
2016-09-18,4.904
2016-09-19,5.803
2016-09-20,4.822
2016-09-21,3.841
2016-09-22,4.168
2016-09-23,5.067
2016-09-24,4.577
2016-09-25,3.678
2016-09-26,4.413
2016-09-27,4.822
2016-09-28,4.985
2016-09-29,4.577
2016-09-30,4.413
2016-10-01,4.211
2016-10-02,3.781
2016-10-03,1.633
2016-10-04,3.266
2016-10-05,3.953
2016-10-06,4.383
2016-10-07,3.695
2016-10-08,3.266
2016-10-09,3.609
2016-10-10,3.523
2016-10-11,3.094
2016-10-12,3.266
2016-10-13,2.32
2016-10-14,1.547
2016-10-15,2.234
2016-10-16,1.031
2016-10-17,2.063
2016-10-18,2.922
2016-10-19,3.352
2016-10-20,2.664
2016-10-21,2.578
2016-10-22,2.75
2016-10-23,2.492
2016-10-24,2.75
2016-10-25,2.063
2016-10-26,2.406
2016-10-27,1.203
2016-10-28,0.859
2016-10-29,1.805
2016-10-30,1.375
2016-10-31,1.633
2016-11-01,1.853
2016-11-02,1.853
2016-11-03,1.684
2016-11-04,1.6
2016-11-05,1.937
2016-11-06,1.516
2016-11-07,1.6
2016-11-08,1.6
2016-11-09,2.106
2016-11-10,1.853
2016-11-11,1.684
2016-11-12,2.106
2016-11-13,1.6
2016-11-14,1.432
2016-11-15,1.516
2016-11-16,1.769
2016-11-17,1.684
2016-11-18,2.442
2016-11-19,3.453
2016-11-20,0.674
2016-11-21,0.842
2016-11-22,0.926
2016-11-23,1.179
2016-11-24,0.842
2016-11-25,1.179
2016-11-26,1.011
2016-11-27,1.011
2016-11-28,0.758
2016-11-29,0.758
2016-11-30,1.011
2016-12-01,1.663
2016-12-02,2.539
2016-12-03,1.138
2016-12-04,1.313
2016-12-05,0.788
2016-12-06,1.138
2016-12-07,0.963
2016-12-08,1.751
2016-12-09,1.926
2016-12-10,0.7
2016-12-11,0.438
2016-12-12,0.875
2016-12-13,0.963
2016-12-14,1.488
2016-12-15,0.175
2016-12-16,0.7
2016-12-17,1.051
2016-12-18,0.875
2016-12-19,0.7
2016-12-20,0.613
2016-12-21,0.963
2016-12-22,0.875
2016-12-23,0.438
2016-12-24,0.788
2016-12-25,1.051
2016-12-26,0.875
2016-12-27,0.875
2016-12-28,1.051
2016-12-29,0.963
2016-12-30,0.963
2016-12-31,0.263
2017-01-01,0.798
2017-01-02,0.976
2017-01-03,0.976
2017-01-04,0.887
2017-01-05,0.355
2017-01-06,0.887
2017-01-07,1.862
2017-01-08,1.596
2017-01-09,1.242
2017-01-10,1.064
2017-01-11,1.153
2017-01-12,0.621
2017-01-13,1.153
2017-01-14,0.798
2017-01-15,0.709
2017-01-16,0.709
2017-01-17,0.798
2017-01-18,0.976
2017-01-19,1.508
2017-01-20,1.242
2017-01-21,1.242
2017-01-22,1.419
2017-01-23,0.976
2017-01-24,1.064
2017-01-25,0.887
2017-01-26,1.153
2017-01-27,1.33
2017-01-28,1.419
2017-01-29,1.242
2017-01-30,1.33
2017-01-31,1.153
2017-02-01,1.198
2017-02-02,1.796
2017-02-03,2.224
2017-02-04,1.369
2017-02-05,1.454
2017-02-06,1.711
2017-02-07,1.882
2017-02-08,1.454
2017-02-09,0.855
2017-02-10,0.941
2017-02-11,1.882
2017-02-12,1.625
2017-02-13,1.369
2017-02-14,1.625
2017-02-15,1.711
2017-02-16,2.224
2017-02-17,1.54
2017-02-18,1.369
2017-02-19,0.941
2017-02-20,2.395
2017-02-21,1.796
2017-02-22,1.796
2017-02-23,1.967
2017-02-24,1.796
2017-02-25,1.026
2017-02-26,1.54
2017-02-27,1.625
2017-02-28,2.481
2017-03-01,2.274
2017-03-02,2.012
2017-03-03,2.099
2017-03-04,2.274
2017-03-05,1.662
2017-03-06,1.662
2017-03-07,2.012
2017-03-08,2.799
2017-03-09,2.711
2017-03-10,2.536
2017-03-11,3.061
2017-03-12,3.411
2017-03-13,2.799
2017-03-14,3.061
2017-03-15,3.061
2017-03-16,3.061
2017-03-17,3.061
2017-03-18,2.711
2017-03-19,2.886
2017-03-20,2.711
2017-03-21,2.711
2017-03-22,1.837
2017-03-23,2.711
2017-03-24,2.012
2017-03-25,2.099
2017-03-26,1.837
2017-03-27,3.149
2017-03-28,4.286
2017-03-29,3.411
2017-03-30,3.498
2017-03-31,4.985
2017-04-01,3.608
2017-04-02,3.952
2017-04-03,4.639
2017-04-04,3.608
2017-04-05,3.78
2017-04-06,2.921
2017-04-07,2.491
2017-04-08,2.32
2017-04-09,3.522
2017-04-10,3.78
2017-04-11,3.265
2017-04-12,4.21
2017-04-13,2.921
2017-04-14,4.21
2017-04-15,3.78
2017-04-16,2.32
2017-04-17,2.406
2017-04-18,2.663
2017-04-19,3.694
2017-04-20,4.725
2017-04-21,4.897
2017-04-22,4.038
2017-04-23,4.725
2017-04-24,2.921
2017-04-25,4.296
2017-04-26,1.976
2017-04-27,4.639
2017-04-28,6.186
2017-04-29,5.67
2017-04-30,5.241
2017-05-01,7.352
2017-05-02,7.096
2017-05-03,5.728
2017-05-04,5.386
2017-05-05,4.959
2017-05-06,3.762
2017-05-07,3.762
2017-05-08,5.13
2017-05-09,5.813
2017-05-10,4.873
2017-05-11,4.959
2017-05-12,5.215
2017-05-13,5.301
2017-05-14,5.044
2017-05-15,5.215
2017-05-16,3.334
2017-05-17,6.07
2017-05-18,6.668
2017-05-19,5.557
2017-05-20,6.155
2017-05-21,5.984
2017-05-22,6.925
2017-05-23,7.352
2017-05-24,5.813
2017-05-25,5.13
2017-05-26,4.617
2017-05-27,5.557
2017-05-28,6.155
2017-05-29,6.07
2017-05-30,5.899
2017-05-31,4.959
2017-06-01,5.924
2017-06-02,6.601
2017-06-03,6.432
2017-06-04,6.94
2017-06-05,6.77
2017-06-06,7.109
2017-06-07,6.178
2017-06-08,2.708
2017-06-09,3.385
2017-06-10,5.416
2017-06-11,4.824
2017-06-12,4.739
2017-06-13,6.347
2017-06-14,6.94
2017-06-15,7.786
2017-06-16,8.294
2017-06-17,8.802
2017-06-18,8.209
2017-06-19,8.802
2017-06-20,8.717
2017-06-21,8.124
2017-06-22,8.378
2017-06-23,8.04
2017-06-24,7.024
2017-06-25,6.686
2017-06-26,6.601
2017-06-27,6.94
2017-06-28,7.194
2017-06-29,7.786
2017-06-30,7.363
2017-07-01,6.303
2017-07-02,6.808
2017-07-03,6.555
2017-07-04,6.892
2017-07-05,6.639
2017-07-06,8.488
2017-07-07,10.085
2017-07-08,9.749
2017-07-09,8.236
2017-07-10,7.564
2017-07-11,7.144
2017-07-12,6.639
2017-07-13,7.06
2017-07-14,7.564
2017-07-15,8.236
2017-07-16,8.825
2017-07-17,8.825
2017-07-18,7.144
2017-07-19,7.564
2017-07-20,7.648
2017-07-21,7.984
2017-07-22,7.564
2017-07-23,7.648
2017-07-24,6.471
2017-07-25,6.303
2017-07-26,6.387
2017-07-27,7.564
2017-07-28,8.236
2017-07-29,7.564
2017-07-30,7.564
2017-07-31,7.564
2017-08-01,8.418
2017-08-02,7.345
2017-08-03,6.107
2017-08-04,5.695
2017-08-05,7.098
2017-08-06,6.52
2017-08-07,6.355
2017-08-08,6.437
2017-08-09,6.355
2017-08-10,6.52
2017-08-11,7.098
2017-08-12,7.428
2017-08-13,6.685
2017-08-14,4.869
2017-08-15,4.869
2017-08-16,5.365
2017-08-17,5.777
2017-08-18,6.52
2017-08-19,6.437
2017-08-20,5.695
2017-08-21,5.53
2017-08-22,6.025
2017-08-23,6.107
2017-08-24,5.942
2017-08-25,6.355
2017-08-26,7.015
2017-08-27,7.923
2017-08-28,6.685
2017-08-29,6.933
2017-08-30,7.18
2017-08-31,6.768
2017-09-01,6.293
2017-09-02,5.884
2017-09-03,7.355
2017-09-04,6.293
2017-09-05,4.904
2017-09-06,5.067
2017-09-07,4.005
2017-09-08,4.904
2017-09-09,4.74
2017-09-10,5.312
2017-09-11,5.557
2017-09-12,5.149
2017-09-13,4.168
2017-09-14,3.841
2017-09-15,4.413
2017-09-16,4.25
2017-09-17,5.23
2017-09-18,4.658
2017-09-19,3.841
2017-09-20,3.923
2017-09-21,3.269
2017-09-22,3.514
2017-09-23,4.413
2017-09-24,4.331
2017-09-25,4.25
2017-09-26,4.658
2017-09-27,3.432
2017-09-28,4.331
2017-09-29,4.413
2017-09-30,4.577
2017-10-01,6.102
2017-10-02,5.758
2017-10-03,4.641
2017-10-04,4.641
2017-10-05,4.898
2017-10-06,3.781
2017-10-07,4.383
2017-10-08,5.93
2017-10-09,4.297
2017-10-10,3.266
2017-10-11,4.297
2017-10-12,4.727
2017-10-13,4.898
2017-10-14,3.781
2017-10-15,2.578
2017-10-16,3.266
2017-10-17,3.609
2017-10-18,4.297
2017-10-19,2.75
2017-10-20,2.063
2017-10-21,2.922
2017-10-22,3.352
2017-10-23,2.492
2017-10-24,2.32
2017-10-25,2.664
2017-10-26,3.18
2017-10-27,3.781
2017-10-28,2.922
2017-10-29,2.836
2017-10-30,2.063
2017-10-31,1.805
2017-11-01,1.937
2017-11-02,1.6
2017-11-03,1.684
2017-11-04,1.011
2017-11-05,1.516
2017-11-06,1.769
2017-11-07,1.684
2017-11-08,2.106
2017-11-09,1.937
2017-11-10,1.853
2017-11-11,1.6
2017-11-12,1.348
2017-11-13,1.348
2017-11-14,1.684
2017-11-15,2.106
2017-11-16,0.59
2017-11-17,1.011
2017-11-18,1.263
2017-11-19,0.926
2017-11-20,1.432
2017-11-21,1.011
2017-11-22,0.926
2017-11-23,1.684
2017-11-24,1.937
2017-11-25,1.6
2017-11-26,1.432
2017-11-27,0.926
2017-11-28,1.263
2017-11-29,1.263
2017-11-30,1.348
2017-12-01,1.226
2017-12-02,0.875
2017-12-03,1.838
2017-12-04,2.101
2017-12-05,1.663
2017-12-06,1.226
2017-12-07,1.226
2017-12-08,1.226
2017-12-09,0.788
2017-12-10,1.051
2017-12-11,0.788
2017-12-12,0.788
2017-12-13,0.875
2017-12-14,1.576
2017-12-15,1.226
2017-12-16,3.589
2017-12-17,1.926
2017-12-18,1.663
2017-12-19,1.138
2017-12-20,1.488
2017-12-21,1.226
2017-12-22,1.138
2017-12-23,1.051
2017-12-24,1.051
2017-12-25,1.488
2017-12-26,1.226
2017-12-27,1.313
2017-12-28,1.051
2017-12-29,0.788
2017-12-30,0.7
2017-12-31,0.875
2018-01-01,1.064
2018-01-02,0.976
2018-01-03,1.064
2018-01-04,1.951
2018-01-05,1.064
2018-01-06,0.621
2018-01-07,0.887
2018-01-08,0.709
2018-01-09,0.621
2018-01-10,0.798
2018-01-11,0.976
2018-01-12,0.709
2018-01-13,0.887
2018-01-14,0.887
2018-01-15,0.709
2018-01-16,0.798
2018-01-17,0.709
2018-01-18,0.621
2018-01-19,1.33
2018-01-20,1.596
2018-01-21,1.242
2018-01-22,1.508
2018-01-23,0.887
2018-01-24,1.242
2018-01-25,0.976
2018-01-26,1.242
2018-01-27,2.04
2018-01-28,1.064
2018-01-29,1.242
2018-01-30,1.242
2018-01-31,1.508
2018-02-01,1.967
2018-02-02,1.711
2018-02-03,1.796
2018-02-04,1.454
2018-02-05,2.053
2018-02-06,2.481
2018-02-07,1.796
2018-02-08,1.882
2018-02-09,2.481
2018-02-10,3.079
2018-02-11,2.138
2018-02-12,2.138
2018-02-13,2.053
2018-02-14,2.138
2018-02-15,2.823
2018-02-16,2.224
2018-02-17,1.711
2018-02-18,2.481
2018-02-19,2.138
2018-02-20,1.882
2018-02-21,1.796
2018-02-22,1.882
2018-02-23,2.395
2018-02-24,2.138
2018-02-25,2.481
2018-02-26,1.112
2018-02-27,2.224
2018-02-28,2.224
2018-03-01,1.574
2018-03-02,2.099
2018-03-03,1.487
2018-03-04,1.924
2018-03-05,2.274
2018-03-06,2.099
2018-03-07,2.449
2018-03-08,3.061
2018-03-09,2.624
2018-03-10,1.574
2018-03-11,2.361
2018-03-12,2.799
2018-03-13,1.837
2018-03-14,1.662
2018-03-15,2.099
2018-03-16,1.837
2018-03-17,1.924
2018-03-18,2.187
2018-03-19,2.536
2018-03-20,2.099
2018-03-21,2.624
2018-03-22,1.749
2018-03-23,2.886
2018-03-24,2.099
2018-03-25,2.624
2018-03-26,3.936
2018-03-27,3.848
2018-03-28,3.498
2018-03-29,4.286
2018-03-30,3.761
2018-03-31,4.023
2018-04-01,4.296
2018-04-02,4.21
2018-04-03,4.296
2018-04-04,3.694
2018-04-05,3.437
2018-04-06,1.804
2018-04-07,3.093
2018-04-08,4.038
2018-04-09,3.866
2018-04-10,3.437
2018-04-11,3.265
2018-04-12,3.608
2018-04-13,4.639
2018-04-14,3.866
2018-04-15,3.522
2018-04-16,2.32
2018-04-17,3.437
2018-04-18,3.437
2018-04-19,4.553
2018-04-20,4.725
2018-04-21,4.553
2018-04-22,5.155
2018-04-23,5.155
2018-04-24,5.327
2018-04-25,5.327
2018-04-26,5.069
2018-04-27,4.553
2018-04-28,4.21
2018-04-29,3.866
2018-04-30,4.21
2018-05-01,4.959
2018-05-02,4.959
2018-05-03,5.301
2018-05-04,5.728
2018-05-05,5.13
2018-05-06,5.215
2018-05-07,6.326
2018-05-08,6.326
2018-05-09,5.728
2018-05-10,5.984
2018-05-11,6.754
2018-05-12,6.497
2018-05-13,5.728
2018-05-14,5.472
2018-05-15,5.472
2018-05-16,4.446
2018-05-17,5.899
2018-05-18,6.07
2018-05-19,5.642
2018-05-20,4.959
2018-05-21,5.728
2018-05-22,5.472
2018-05-23,5.301
2018-05-24,5.13
2018-05-25,2.992
2018-05-26,4.788
2018-05-27,6.241
2018-05-28,7.096
2018-05-29,7.096
2018-05-30,5.642
2018-05-31,4.959
2018-06-01,6.432
2018-06-02,6.855
2018-06-03,7.786
2018-06-04,8.124
2018-06-05,6.77
2018-06-06,6.009
2018-06-07,6.263
2018-06-08,7.278
2018-06-09,5.924
2018-06-10,7.617
2018-06-11,7.871
2018-06-12,8.04
2018-06-13,8.209
2018-06-14,7.109
2018-06-15,6.009
2018-06-16,5.755
2018-06-17,4.993
2018-06-18,7.278
2018-06-19,7.109
2018-06-20,7.278
2018-06-21,7.701
2018-06-22,8.802
2018-06-23,9.225
2018-06-24,8.463
2018-06-25,6.601
2018-06-26,7.871
2018-06-27,7.024
2018-06-28,6.77
2018-06-29,8.124
2018-06-30,8.124
2018-07-01,8.657
2018-07-02,7.144
2018-07-03,6.135
2018-07-04,5.715
2018-07-05,6.219
2018-07-06,8.488
2018-07-07,8.993
2018-07-08,9.077
2018-07-09,8.909
2018-07-10,8.404
2018-07-11,7.144
2018-07-12,6.724
2018-07-13,7.816
2018-07-14,7.9
2018-07-15,7.984
2018-07-16,8.488
2018-07-17,8.572
2018-07-18,8.404
2018-07-19,7.816
2018-07-20,7.564
2018-07-21,7.228
2018-07-22,7.648
2018-07-23,8.068
2018-07-24,8.404
2018-07-25,9.413
2018-07-26,9.329
2018-07-27,8.488
2018-07-28,7.984
2018-07-29,7.648
2018-07-30,7.732
2018-07-31,7.312
2018-08-01,7.51
2018-08-02,7.758
2018-08-03,7.263
2018-08-04,8.583
2018-08-05,7.098
2018-08-06,7.758
2018-08-07,7.015
2018-08-08,6.933
2018-08-09,6.52
2018-08-10,8.253
2018-08-11,7.51
2018-08-12,7.098
2018-08-13,6.685
2018-08-14,6.437
2018-08-15,5.942
2018-08-16,6.437
2018-08-17,7.345
2018-08-18,7.593
2018-08-19,7.428
2018-08-20,6.19
2018-08-21,5.117
2018-08-22,5.199
2018-08-23,5.034
2018-08-24,4.869
2018-08-25,5.199
2018-08-26,5.695
2018-08-27,4.952
2018-08-28,4.457
2018-08-29,4.622
2018-08-30,4.539
2018-08-31,5.612
2018-09-01,5.639
2018-09-02,5.884
2018-09-03,5.884
2018-09-04,5.966
2018-09-05,5.803
2018-09-06,5.639
2018-09-07,6.211
2018-09-08,6.129
2018-09-09,6.048
2018-09-10,5.803
2018-09-11,5.966
2018-09-12,4.822
2018-09-13,4.005
2018-09-14,4.495
2018-09-15,4.985
2018-09-16,4.577
2018-09-17,4.495
2018-09-18,4.658
2018-09-19,5.149
2018-09-20,4.985
2018-09-21,5.149
2018-09-22,5.476
2018-09-23,5.476
2018-09-24,5.312
2018-09-25,5.312
2018-09-26,5.476
2018-09-27,4.904
2018-09-28,4.25
2018-09-29,3.106
2018-09-30,3.106
2018-10-01,4.125
2018-10-02,3.266
2018-10-03,1.977
2018-10-04,2.063
2018-10-05,3.18
2018-10-06,4.383
2018-10-07,5.672
2018-10-08,4.125
2018-10-09,3.781
2018-10-10,2.75
2018-10-11,3.094
2018-10-12,4.383
2018-10-13,4.211
2018-10-14,4.383
2018-10-15,3.867
2018-10-16,3.867
2018-10-17,3.008
2018-10-18,3.094
2018-10-19,2.406
2018-10-20,2.406
2018-10-21,3.781
2018-10-22,3.266
2018-10-23,2.75
2018-10-24,2.922
2018-10-25,3.523
2018-10-26,2.922
2018-10-27,2.836
2018-10-28,3.18
2018-10-29,3.008
2018-10-30,3.953
2018-10-31,2.578
2018-11-01,2.779
2018-11-02,2.695
2018-11-03,3.622
2018-11-04,3.706
2018-11-05,3.622
2018-11-06,3.116
2018-11-07,3.032
2018-11-08,3.369
2018-11-09,1.348
2018-11-10,1.684
2018-11-11,1.769
2018-11-12,1.095
2018-11-13,1.937
2018-11-14,1.684
2018-11-15,1.011
2018-11-16,0.926
2018-11-17,1.348
2018-11-18,1.179
2018-11-19,1.095
2018-11-20,1.348
2018-11-21,1.769
2018-11-22,1.6
2018-11-23,1.011
2018-11-24,0.842
2018-11-25,0.926
2018-11-26,0.842
2018-11-27,0.926
2018-11-28,0.758
2018-11-29,0.842
2018-11-30,0.758
2018-12-01,0.613
2018-12-02,0.7
2018-12-03,1.051
2018-12-04,1.313
2018-12-05,0.613
2018-12-06,0.788
2018-12-07,0.875
2018-12-08,0.525
2018-12-09,0.875
2018-12-10,0.788
2018-12-11,0.963
2018-12-12,1.138
2018-12-13,1.138
2018-12-14,1.576
2018-12-15,1.051
2018-12-16,1.488
2018-12-17,0.875
2018-12-18,1.051
2018-12-19,0.7
2018-12-20,1.051
2018-12-21,0.875
2018-12-22,0.875
2018-12-23,0.963
2018-12-24,0.613
2018-12-25,1.051
2018-12-26,1.051
2018-12-27,2.014
2018-12-28,1.838
2018-12-29,1.051
2018-12-30,0.963
2018-12-31,0.875
2019-01-01,1.153
2019-01-02,0.887
2019-01-03,1.064
2019-01-04,1.419
2019-01-05,0.976
2019-01-06,0.532
2019-01-07,1.774
2019-01-08,1.419
2019-01-09,0.976
2019-01-10,0.709
2019-01-11,1.064
2019-01-12,1.064
2019-01-13,1.153
2019-01-14,0.887
2019-01-15,0.887
2019-01-16,1.508
2019-01-17,1.508
2019-01-18,1.064
2019-01-19,1.685
2019-01-20,1.33
2019-01-21,1.33
2019-01-22,1.242
2019-01-23,1.242
2019-01-24,1.064
2019-01-25,1.064
2019-01-26,1.242
2019-01-27,1.419
2019-01-28,0.976
2019-01-29,1.242
2019-01-30,1.242
2019-01-31,1.419
2019-02-01,1.54
2019-02-02,2.138
2019-02-03,2.138
2019-02-04,1.283
2019-02-05,1.026
2019-02-06,1.283
2019-02-07,1.625
2019-02-08,1.54
2019-02-09,1.54
2019-02-10,1.026
2019-02-11,1.54
2019-02-12,1.882
2019-02-13,2.823
2019-02-14,1.882
2019-02-15,1.369
2019-02-16,1.283
2019-02-17,1.283
2019-02-18,1.967
2019-02-19,1.711
2019-02-20,1.711
2019-02-21,2.138
2019-02-22,1.967
2019-02-23,1.796
2019-02-24,1.796
2019-02-25,2.481
2019-02-26,2.395
2019-02-27,2.395
2019-02-28,1.454
2019-03-01,1.487
2019-03-02,2.099
2019-03-03,1.662
2019-03-04,1.749
2019-03-05,1.487
2019-03-06,2.799
2019-03-07,1.487
2019-03-08,1.837
2019-03-09,1.924
2019-03-10,2.187
2019-03-11,2.886
2019-03-12,2.886
2019-03-13,3.411
2019-03-14,2.536
2019-03-15,2.361
2019-03-16,2.711
2019-03-17,2.536
2019-03-18,3.149
2019-03-19,2.711
2019-03-20,2.274
2019-03-21,2.711
2019-03-22,2.099
2019-03-23,2.012
2019-03-24,2.536
2019-03-25,2.624
2019-03-26,2.187
2019-03-27,2.711
2019-03-28,2.624
2019-03-29,3.061
2019-03-30,3.586
2019-03-31,3.586
2019-04-01,2.491
2019-04-02,2.406
2019-04-03,2.921
2019-04-04,2.491
2019-04-05,2.406
2019-04-06,2.835
2019-04-07,3.265
2019-04-08,3.522
2019-04-09,4.038
2019-04-10,4.983
2019-04-11,4.038
2019-04-12,4.897
2019-04-13,3.608
2019-04-14,4.296
2019-04-15,3.007
2019-04-16,3.093
2019-04-17,4.038
2019-04-18,3.952
2019-04-19,4.467
2019-04-20,3.608
2019-04-21,5.069
2019-04-22,6.186
2019-04-23,5.241
2019-04-24,4.983
2019-04-25,5.498
2019-04-26,5.413
2019-04-27,4.639
2019-04-28,4.639
2019-04-29,4.553
2019-04-30,4.124
2019-05-01,5.044
2019-05-02,5.728
2019-05-03,5.13
2019-05-04,5.13
2019-05-05,4.873
2019-05-06,4.446
2019-05-07,4.788
2019-05-08,4.959
2019-05-09,4.702
2019-05-10,5.386
2019-05-11,5.557
2019-05-12,5.728
2019-05-13,5.984
2019-05-14,5.13
2019-05-15,2.821
2019-05-16,3.249
2019-05-17,3.078
2019-05-18,2.821
2019-05-19,2.992
2019-05-20,3.847
2019-05-21,3.676
2019-05-22,4.788
2019-05-23,3.676
2019-05-24,4.959
2019-05-25,4.702
2019-05-26,3.078
2019-05-27,2.992
2019-05-28,4.617
2019-05-29,5.472
2019-05-30,5.813
2019-05-31,5.899
2019-06-01,6.009
2019-06-02,5.755
2019-06-03,5.924
2019-06-04,6.686
2019-06-05,7.024
2019-06-06,6.009
2019-06-07,6.178
2019-06-08,7.363
2019-06-09,6.093
2019-06-10,7.532
2019-06-11,6.94
2019-06-12,7.786
2019-06-13,7.194
2019-06-14,6.178
2019-06-15,5.924
2019-06-16,6.178
2019-06-17,6.347
2019-06-18,8.124
2019-06-19,7.278
2019-06-20,6.009
2019-06-21,7.363
2019-06-22,7.955
2019-06-23,7.278
2019-06-24,6.855
2019-06-25,7.447
2019-06-26,6.347
2019-06-27,5.67
2019-06-28,5.247
2019-06-29,7.194
2019-06-30,7.447
2019-07-01,6.976
2019-07-02,6.471
2019-07-03,6.724
2019-07-04,6.892
2019-07-05,7.144
2019-07-06,6.808
2019-07-07,6.219
2019-07-08,6.303
2019-07-09,5.967
2019-07-10,6.219
2019-07-11,7.312
2019-07-12,6.976
2019-07-13,7.732
2019-07-14,7.816
2019-07-15,7.9
2019-07-16,6.976
2019-07-17,6.387
2019-07-18,6.303
2019-07-19,5.967
2019-07-20,6.135
2019-07-21,6.219
2019-07-22,7.06
2019-07-23,7.06
2019-07-24,7.9
2019-07-25,7.48
2019-07-26,7.396
2019-07-27,7.564
2019-07-28,7.816
2019-07-29,6.976
2019-07-30,6.892
2019-07-31,6.387
2019-08-01,6.19
2019-08-02,6.768
2019-08-03,6.85
2019-08-04,6.768
2019-08-05,6.272
2019-08-06,6.437
2019-08-07,6.603
2019-08-08,5.942
2019-08-09,5.86
2019-08-10,5.53
2019-08-11,5.942
2019-08-12,6.272
2019-08-13,6.19
2019-08-14,7.593
2019-08-15,7.758
2019-08-16,7.51
2019-08-17,5.86
2019-08-18,5.199
2019-08-19,5.034
2019-08-20,5.612
2019-08-21,6.437
2019-08-22,6.272
2019-08-23,6.19
2019-08-24,6.025
2019-08-25,7.098
2019-08-26,7.758
2019-08-27,7.51
2019-08-28,6.437
2019-08-29,5.695
2019-08-30,5.53
2019-08-31,6.107
2019-09-01,6.375
2019-09-02,6.211
2019-09-03,5.966
2019-09-04,6.783
2019-09-05,5.639
2019-09-06,5.803
2019-09-07,4.168
2019-09-08,4.168
2019-09-09,4.577
2019-09-10,4.086
2019-09-11,4.822
2019-09-12,4.577
2019-09-13,5.884
2019-09-14,5.884
2019-09-15,5.639
2019-09-16,2.86
2019-09-17,4.331
2019-09-18,3.678
2019-09-19,4.005
2019-09-20,4.577
2019-09-21,4.658
2019-09-22,4.577
2019-09-23,4.985
2019-09-24,5.394
2019-09-25,4.822
2019-09-26,5.149
2019-09-27,3.106
2019-09-28,3.106
2019-09-29,2.779
2019-09-30,2.942
2019-10-01,3.609
2019-10-02,3.438
2019-10-03,3.953
2019-10-04,4.125
2019-10-05,4.297
2019-10-06,3.18
2019-10-07,3.523
2019-10-08,4.211
2019-10-09,4.813
2019-10-10,4.383
2019-10-11,2.406
2019-10-12,2.922
2019-10-13,4.211
2019-10-14,4.383
2019-10-15,3.352
2019-10-16,3.266
2019-10-17,3.781
2019-10-18,3.352
2019-10-19,3.008
2019-10-20,3.695
2019-10-21,4.211
2019-10-22,3.438
2019-10-23,3.609
2019-10-24,2.836
2019-10-25,3.18
2019-10-26,3.352
2019-10-27,5.586
2019-10-28,2.406
2019-10-29,3.695
2019-10-30,2.148
2019-10-31,1.547
2019-11-01,1.179
2019-11-02,1.684
2019-11-03,1.937
2019-11-04,2.779
2019-11-05,2.358
2019-11-06,2.358
2019-11-07,1.769
2019-11-08,1.937
2019-11-09,2.358
2019-11-10,2.611
2019-11-11,1.432
2019-11-12,1.769
2019-11-13,1.769
2019-11-14,1.853
2019-11-15,1.853
2019-11-16,1.6
2019-11-17,1.263
2019-11-18,1.516
2019-11-19,2.106
2019-11-20,2.19
2019-11-21,1.263
2019-11-22,1.179
2019-11-23,1.937
2019-11-24,1.095
2019-11-25,2.948
2019-11-26,1.937
2019-11-27,0.758
2019-11-28,0.674
2019-11-29,0.842
2019-11-30,0.59
2019-12-01,0.963
2019-12-02,0.35
2019-12-03,0.438
2019-12-04,0.438
2019-12-05,0.525
2019-12-06,1.751
2019-12-07,1.751
2019-12-08,0.875
2019-12-09,0.788
2019-12-10,0.613
2019-12-11,0.788
2019-12-12,1.138
2019-12-13,0.613
2019-12-14,0.875
2019-12-15,1.226
2019-12-16,0.963
2019-12-17,1.663
2019-12-18,2.276
2019-12-19,0.963
2019-12-20,1.138
2019-12-21,1.663
2019-12-22,1.663
2019-12-23,0.438
2019-12-24,0.613
2019-12-25,1.138
2019-12-26,1.138
2019-12-27,1.226
2019-12-28,0.788
2019-12-29,1.226
2019-12-30,0.963
2019-12-31,0.7
2020-01-01,1.153
2020-01-02,1.419
2020-01-03,1.153
2020-01-04,1.419
2020-01-05,1.774
2020-01-06,0.887
2020-01-07,0.709
2020-01-08,0.976
2020-01-09,0.532
2020-01-10,0.887
2020-01-11,1.33
2020-01-12,0.887
2020-01-13,0.976
2020-01-14,1.242
2020-01-15,0.976
2020-01-16,1.153
2020-01-17,0.976
2020-01-18,0.798
2020-01-19,0.798
2020-01-20,0.798
2020-01-21,1.951
2020-01-22,1.064
2020-01-23,0.887
2020-01-24,1.419
2020-01-25,0.887
2020-01-26,0.976
2020-01-27,1.685
2020-01-28,1.33
2020-01-29,2.128
2020-01-30,1.508
2020-01-31,1.153
2020-02-01,1.283
2020-02-02,1.882
2020-02-03,2.481
2020-02-04,2.138
2020-02-05,1.54
2020-02-06,1.369
2020-02-07,1.369
2020-02-08,1.625
2020-02-09,3.935
2020-02-10,2.994
2020-02-11,1.967
2020-02-12,1.283
2020-02-13,1.711
2020-02-14,1.967
2020-02-15,2.138
2020-02-16,2.481
2020-02-17,3.079
2020-02-18,1.882
2020-02-19,2.138
2020-02-20,1.882
2020-02-21,2.481
2020-02-22,2.481
2020-02-23,2.053
2020-02-24,3.421
2020-02-25,2.652
2020-02-26,2.823
2020-02-27,2.053
2020-02-28,2.652
2020-02-29,3.079
2020-03-01,2.449
2020-03-02,4.286
2020-03-03,2.624
2020-03-04,2.536
2020-03-05,2.711
2020-03-06,2.624
2020-03-07,1.574
2020-03-08,2.012
2020-03-09,2.624
2020-03-10,2.711
2020-03-11,3.324
2020-03-12,4.023
2020-03-13,3.236
2020-03-14,2.361
2020-03-15,1.749
2020-03-16,0.875
2020-03-17,2.012
2020-03-18,1.749
2020-03-19,2.274
2020-03-20,2.799
2020-03-21,1.924
2020-03-22,2.799
2020-03-23,2.624
2020-03-24,2.624
2020-03-25,2.099
2020-03-26,2.799
2020-03-27,2.711
2020-03-28,1.749
2020-03-29,2.274
2020-03-30,2.886
2020-03-31,3.673
2020-04-01,3.694
2020-04-02,4.553
2020-04-03,4.21
2020-04-04,1.89
2020-04-05,1.804
2020-04-06,1.89
2020-04-07,3.437
2020-04-08,3.179
2020-04-09,2.234
2020-04-10,3.265
2020-04-11,3.78
2020-04-12,3.608
2020-04-13,4.382
2020-04-14,5.069
2020-04-15,4.038
2020-04-16,3.952
2020-04-17,3.437
2020-04-18,3.866
2020-04-19,4.296
2020-04-20,3.093
2020-04-21,4.725
2020-04-22,5.413
2020-04-23,6.272
2020-04-24,6.959
2020-04-25,5.842
2020-04-26,5.756
2020-04-27,6.272
2020-04-28,6.1
2020-04-29,5.069
2020-04-30,5.842
2020-05-01,5.984
2020-05-02,4.873
2020-05-03,5.642
2020-05-04,6.326
2020-05-05,6.326
2020-05-06,7.096
2020-05-07,6.754
2020-05-08,6.839
2020-05-09,6.583
2020-05-10,5.301
2020-05-11,4.531
2020-05-12,3.334
2020-05-13,4.788
2020-05-14,4.873
2020-05-15,6.07
2020-05-16,6.07
2020-05-17,4.959
2020-05-18,3.676
2020-05-19,4.702
2020-05-20,5.386
2020-05-21,6.155
2020-05-22,6.326
2020-05-23,7.438
2020-05-24,7.352
2020-05-25,6.241
2020-05-26,6.925
2020-05-27,8.378
2020-05-28,8.464
2020-05-29,6.497
2020-05-30,4.446
2020-05-31,5.215
2020-06-01,5.078
2020-06-02,7.363
2020-06-03,7.786
2020-06-04,7.871
2020-06-05,7.024
2020-06-06,5.839
2020-06-07,6.347
2020-06-08,7.363
2020-06-09,7.109
2020-06-10,7.278
2020-06-11,8.294
2020-06-12,5.586
2020-06-13,4.655
2020-06-14,6.601
2020-06-15,7.024
2020-06-16,6.94
2020-06-17,8.294
2020-06-18,7.447
2020-06-19,8.04
2020-06-20,7.617
2020-06-21,7.617
2020-06-22,7.278
2020-06-23,7.617
2020-06-24,7.532
2020-06-25,8.04
2020-06-26,8.632
2020-06-27,7.955
2020-06-28,6.517
2020-06-29,8.04
2020-06-30,7.278
2020-07-01,7.564
2020-07-02,6.387
2020-07-03,6.976
2020-07-04,8.404
2020-07-05,9.329
2020-07-06,8.152
2020-07-07,7.48
2020-07-08,7.816
2020-07-09,7.816
2020-07-10,8.32
2020-07-11,8.741
2020-07-12,9.077
2020-07-13,7.9
2020-07-14,6.808
2020-07-15,6.892
2020-07-16,7.228
2020-07-17,6.976
2020-07-18,7.228
2020-07-19,7.564
2020-07-20,7.228
2020-07-21,6.555
2020-07-22,6.639
2020-07-23,6.808
2020-07-24,6.808
2020-07-25,7.48
2020-07-26,7.9
2020-07-27,7.816
2020-07-28,8.068
2020-07-29,8.152
2020-07-30,7.396
2020-07-31,7.48
2020-08-01,7.51
2020-08-02,7.428
2020-08-03,7.758
2020-08-04,7.015
2020-08-05,5.365
2020-08-06,5.447
2020-08-07,5.942
2020-08-08,6.685
2020-08-09,7.015
2020-08-10,7.428
2020-08-11,6.355
2020-08-12,7.015
2020-08-13,6.19
2020-08-14,7.345
2020-08-15,6.933
2020-08-16,9.409
2020-08-17,9.244
2020-08-18,9.078
2020-08-19,9.078
2020-08-20,7.345
2020-08-21,6.107
2020-08-22,5.86
2020-08-23,6.355
2020-08-24,5.53
2020-08-25,5.199
2020-08-26,5.447
2020-08-27,6.025
2020-08-28,6.19
2020-08-29,6.107
2020-08-30,6.19
2020-08-31,6.437
2020-09-01,5.23
2020-09-02,5.149
2020-09-03,6.048
2020-09-04,6.783
2020-09-05,6.375
2020-09-06,6.702
2020-09-07,8.745
2020-09-08,8.418
2020-09-09,4.904
2020-09-10,4.005
2020-09-11,4.658
2020-09-12,5.149
2020-09-13,5.312
2020-09-14,4.985
2020-09-15,5.149
2020-09-16,5.149
2020-09-17,3.759
2020-09-18,4.495
2020-09-19,4.495
2020-09-20,4.904
2020-09-21,5.476
2020-09-22,5.394
2020-09-23,5.476
2020-09-24,4.822
2020-09-25,4.005
2020-09-26,5.639
2020-09-27,4.985
2020-09-28,5.721
2020-09-29,5.803
2020-09-30,6.375
2020-10-01,5.328
2020-10-02,5.844
2020-10-03,6.359
2020-10-04,6.359
2020-10-05,4.984
2020-10-06,4.641
2020-10-07,4.984
2020-10-08,3.867
2020-10-09,2.922
2020-10-10,3.438
2020-10-11,3.695
2020-10-12,4.898
2020-10-13,4.727
2020-10-14,6.445
2020-10-15,5.156
2020-10-16,4.727
2020-10-17,3.953
2020-10-18,4.469
2020-10-19,4.641
2020-10-20,3.867
2020-10-21,3.352
2020-10-22,4.125
2020-10-23,3.609
2020-10-24,2.836
2020-10-25,2.664
2020-10-26,4.984
2020-10-27,2.75
2020-10-28,2.492
2020-10-29,1.719
2020-10-30,2.75
2020-10-31,2.578
2020-11-01,2.611
2020-11-02,3.285
2020-11-03,3.79
2020-11-04,3.369
2020-11-05,2.442
2020-11-06,2.274
2020-11-07,1.684
2020-11-08,1.853
2020-11-09,1.684
2020-11-10,1.432
2020-11-11,1.348
2020-11-12,1.095
2020-11-13,1.684
2020-11-14,1.011
2020-11-15,1.432
2020-11-16,1.853
2020-11-17,2.948
2020-11-18,1.011
2020-11-19,1.179
2020-11-20,1.516
2020-11-21,1.516
2020-11-22,1.6
2020-11-23,1.769
2020-11-24,1.263
2020-11-25,1.6
2020-11-26,2.611
2020-11-27,1.769
2020-11-28,1.179
2020-11-29,1.011
2020-11-30,1.937
2020-12-01,1.488
2020-12-02,0.875
2020-12-03,1.313
2020-12-04,0.963
2020-12-05,1.313
2020-12-06,1.576
2020-12-07,2.801
2020-12-08,1.576
2020-12-09,1.313
2020-12-10,1.576
2020-12-11,1.051
2020-12-12,0.7
2020-12-13,0.7
2020-12-14,0.788
2020-12-15,0.788
2020-12-16,0.963
2020-12-17,1.226
2020-12-18,0.788
2020-12-19,0.788
2020-12-20,0.613
2020-12-21,0.525
2020-12-22,0.788
2020-12-23,0.788
2020-12-24,0.788
2020-12-25,2.276
2020-12-26,1.576
2020-12-27,1.051
2020-12-28,0.788
2020-12-29,1.051
2020-12-30,0.963
2020-12-31,1.313
2021-01-01,1.153
2021-01-02,0.976
2021-01-03,0.621
2021-01-04,1.064
2021-01-05,0.709
2021-01-06,0.798
2021-01-07,0.709
2021-01-08,0.798
2021-01-09,0.798
2021-01-10,0.798
2021-01-11,0.887
2021-01-12,1.064
2021-01-13,1.419
2021-01-14,1.064
2021-01-15,1.153
2021-01-16,1.685
2021-01-17,1.064
2021-01-18,3.459
2021-01-19,4.523
2021-01-20,1.774
2021-01-21,1.419
2021-01-22,0.976
2021-01-23,1.064
2021-01-24,0.976
2021-01-25,1.153
2021-01-26,1.774
2021-01-27,1.951
2021-01-28,1.508
2021-01-29,1.685
2021-01-30,1.774
2021-01-31,2.394
2021-02-01,3.336
2021-02-02,1.112
2021-02-03,1.54
2021-02-04,1.796
2021-02-05,1.711
2021-02-06,1.625
2021-02-07,1.369
2021-02-08,1.198
2021-02-09,1.625
2021-02-10,1.796
2021-02-11,1.369
2021-02-12,1.796
2021-02-13,1.625
2021-02-14,1.54
2021-02-15,1.369
2021-02-16,2.053
2021-02-17,2.652
2021-02-18,2.138
2021-02-19,1.711
2021-02-20,1.967
2021-02-21,2.053
2021-02-22,1.711
2021-02-23,3.165
2021-02-24,2.053
2021-02-25,2.481
2021-02-26,2.395
2021-02-27,4.277
2021-02-28,3.25
2021-03-01,4.111
2021-03-02,2.536
2021-03-03,2.536
2021-03-04,2.099
2021-03-05,2.274
2021-03-06,2.187
2021-03-07,2.624
2021-03-08,2.012
2021-03-09,1.837
2021-03-10,1.574
2021-03-11,1.924
2021-03-12,2.624
2021-03-13,2.711
2021-03-14,1.749
2021-03-15,1.487
2021-03-16,2.187
2021-03-17,2.012
2021-03-18,2.187
2021-03-19,1.224
2021-03-20,2.624
2021-03-21,3.586
2021-03-22,2.624
2021-03-23,4.198
2021-03-24,3.411
2021-03-25,2.799
2021-03-26,4.111
2021-03-27,3.149
2021-03-28,3.236
2021-03-29,4.111
2021-03-30,4.81
2021-03-31,3.673
2021-04-01,4.553
2021-04-02,5.069
2021-04-03,3.694
2021-04-04,3.608
2021-04-05,3.608
2021-04-06,4.382
2021-04-07,4.382
2021-04-08,4.811
2021-04-09,4.296
2021-04-10,4.897
2021-04-11,5.155
2021-04-12,5.241
2021-04-13,4.296
2021-04-14,3.952
2021-04-15,4.382
2021-04-16,5.327
2021-04-17,6.186
2021-04-18,6.186
2021-04-19,5.67
2021-04-20,4.382
2021-04-21,4.382
2021-04-22,4.467
2021-04-23,4.21
2021-04-24,3.522
2021-04-25,2.663
2021-04-26,4.038
2021-04-27,5.67
2021-04-28,5.584
2021-04-29,5.498
2021-04-30,6.186
2021-05-01,5.813
2021-05-02,7.01
2021-05-03,7.694
2021-05-04,6.668
2021-05-05,6.155
2021-05-06,6.241
2021-05-07,6.07
2021-05-08,8.293
2021-05-09,7.609
2021-05-10,7.694
2021-05-11,7.096
2021-05-12,6.497
2021-05-13,6.497
2021-05-14,5.899
2021-05-15,4.788
2021-05-16,5.13
2021-05-17,5.642
2021-05-18,6.497
2021-05-19,5.642
2021-05-20,6.241
2021-05-21,5.984
2021-05-22,4.873
2021-05-23,5.215
2021-05-24,6.839
2021-05-25,6.241
2021-05-26,7.267
2021-05-27,7.096
2021-05-28,6.412
2021-05-29,6.583
2021-05-30,7.267
2021-05-31,8.635
2021-06-01,8.294
2021-06-02,7.532
2021-06-03,7.363
2021-06-04,7.278
2021-06-05,6.94
2021-06-06,7.109
2021-06-07,6.347
2021-06-08,5.501
2021-06-09,5.586
2021-06-10,5.924
2021-06-11,6.517
2021-06-12,7.363
2021-06-13,7.109
2021-06-14,6.855
2021-06-15,8.209
2021-06-16,8.124
2021-06-17,9.14
2021-06-18,8.124
2021-06-19,8.632
2021-06-20,7.871
2021-06-21,6.94
2021-06-22,6.263
2021-06-23,6.263
2021-06-24,6.263
2021-06-25,7.278
2021-06-26,8.209
2021-06-27,8.209
2021-06-28,8.632
2021-06-29,8.209
2021-06-30,6.686
2021-07-01,6.303
2021-07-02,7.396
2021-07-03,6.471
2021-07-04,6.808
2021-07-05,6.976
2021-07-06,7.732
2021-07-07,7.732
2021-07-08,8.152
2021-07-09,9.833
2021-07-10,10.758
2021-07-11,10.085
2021-07-12,8.236
2021-07-13,6.892
2021-07-14,6.387
2021-07-15,6.219
2021-07-16,6.639
2021-07-17,7.144
2021-07-18,5.799
2021-07-19,7.312
2021-07-20,7.984
2021-07-21,7.648
2021-07-22,7.816
2021-07-23,7.984
2021-07-24,7.732
2021-07-25,7.396
2021-07-26,6.555
2021-07-27,6.555
2021-07-28,7.732
2021-07-29,8.236
2021-07-30,8.068
2021-07-31,6.892
2021-08-01,6.768
2021-08-02,6.768
2021-08-03,7.428
2021-08-04,7.593
2021-08-05,6.272
2021-08-06,6.603
2021-08-07,6.355
2021-08-08,6.107
2021-08-09,6.19
2021-08-10,6.52
2021-08-11,8.088
2021-08-12,7.84
2021-08-13,7.18
2021-08-14,7.098
2021-08-15,7.015
2021-08-16,7.18
2021-08-17,6.025
2021-08-18,5.612
2021-08-19,6.768
2021-08-20,5.695
2021-08-21,4.704
2021-08-22,5.282
2021-08-23,5.282
2021-08-24,5.117
2021-08-25,5.447
2021-08-26,6.603
2021-08-27,7.098
2021-08-28,7.18
2021-08-29,7.18
2021-08-30,7.51
2021-08-31,5.612
2021-09-01,4.658
2021-09-02,4.822
2021-09-03,5.639
2021-09-04,5.884
2021-09-05,6.702
2021-09-06,7.192
2021-09-07,7.274
2021-09-08,7.11
2021-09-09,6.538
2021-09-10,5.721
2021-09-11,5.067
2021-09-12,5.639
2021-09-13,5.966
2021-09-14,6.375
2021-09-15,5.312
2021-09-16,3.923
2021-09-17,4.086
2021-09-18,4.005
2021-09-19,3.923
2021-09-20,4.413
2021-09-21,4.168
2021-09-22,5.394
2021-09-23,5.639
2021-09-24,5.639
2021-09-25,5.149
2021-09-26,3.923
2021-09-27,3.432
2021-09-28,4.168
2021-09-29,4.904
2021-09-30,3.923
2021-10-01,4.383
2021-10-02,3.867
2021-10-03,4.383
2021-10-04,6.188
2021-10-05,4.984
2021-10-06,3.695
2021-10-07,4.039
2021-10-08,2.922
2021-10-09,3.695
2021-10-10,3.867
2021-10-11,5.93
2021-10-12,5.5
2021-10-13,3.18
2021-10-14,3.867
2021-10-15,2.664
2021-10-16,2.492
2021-10-17,2.922
2021-10-18,2.234
2021-10-19,2.406
2021-10-20,3.18
2021-10-21,2.75
2021-10-22,1.547
2021-10-23,1.891
2021-10-24,0.43
2021-10-25,1.375
2021-10-26,1.461
2021-10-27,1.977
2021-10-28,0.945
2021-10-29,0.859
2021-10-30,0.688
2021-10-31,1.375
2021-11-01,0.926
2021-11-02,1.179
2021-11-03,1.6
2021-11-04,1.179
2021-11-05,1.432
2021-11-06,1.684
2021-11-07,1.6
2021-11-08,1.684
2021-11-09,1.432
2021-11-10,1.179
2021-11-11,1.179
2021-11-12,1.011
2021-11-13,0.926
2021-11-14,0.842
2021-11-15,0.926
2021-11-16,0.674
2021-11-17,1.179
2021-11-18,0.842
2021-11-19,1.432
2021-11-20,1.348
2021-11-21,1.011
2021-11-22,1.095
2021-11-23,1.516
2021-11-24,1.432
2021-11-25,1.348
2021-11-26,1.179
2021-11-27,0.842
2021-11-28,1.095
2021-11-29,1.348
2021-11-30,1.011
2021-12-01,1.576
2021-12-02,0.788
2021-12-03,0.788
2021-12-04,0.875
2021-12-05,1.226
2021-12-06,0.963
2021-12-07,0.613
2021-12-08,0.7
2021-12-09,0.875
2021-12-10,1.051
2021-12-11,1.313
2021-12-12,1.751
2021-12-13,0.175
2021-12-14,0.875
2021-12-15,1.576
2021-12-16,1.226
2021-12-17,0.525
2021-12-18,0.613
2021-12-19,0.438
2021-12-20,0.875
2021-12-21,0.788
2021-12-22,1.138
2021-12-23,1.926
2021-12-24,0.788
2021-12-25,0.7
2021-12-26,0.875
2021-12-27,0.613
2021-12-28,0.7
2021-12-29,0.875
2021-12-30,0.875
2021-12-31,0.7
2022-01-01,0.976
2022-01-02,1.242
2022-01-03,1.685
2022-01-04,1.33
2022-01-05,1.064
2022-01-06,0.709
2022-01-07,0.709
2022-01-08,0.621
2022-01-09,0.887
2022-01-10,1.064
2022-01-11,0.798
2022-01-12,1.064
2022-01-13,0.976
2022-01-14,0.887
2022-01-15,0.887
2022-01-16,0.798
2022-01-17,0.798
2022-01-18,1.153
2022-01-19,1.064
2022-01-20,0.887
2022-01-21,1.862
2022-01-22,1.242
2022-01-23,0.976
2022-01-24,1.064
2022-01-25,1.33
2022-01-26,1.064
2022-01-27,1.064
2022-01-28,1.064
2022-01-29,1.242
2022-01-30,1.419
2022-01-31,1.33
2022-02-01,2.395
2022-02-02,2.908
2022-02-03,1.369
2022-02-04,1.369
2022-02-05,1.283
2022-02-06,1.369
2022-02-07,1.711
2022-02-08,1.369
2022-02-09,1.54
2022-02-10,1.796
2022-02-11,1.454
2022-02-12,1.967
2022-02-13,2.138
2022-02-14,1.967
2022-02-15,2.652
2022-02-16,2.652
2022-02-17,1.967
2022-02-18,1.54
2022-02-19,1.882
2022-02-20,1.882
2022-02-21,2.138
2022-02-22,1.369
2022-02-23,2.224
2022-02-24,1.796
2022-02-25,1.882
2022-02-26,1.796
2022-02-27,0.0
2022-02-28,2.737
2022-03-01,2.449
2022-03-02,2.624
2022-03-03,2.449
2022-03-04,2.274
2022-03-05,1.837
2022-03-06,2.536
2022-03-07,3.061
2022-03-08,2.711
2022-03-09,2.886
2022-03-10,3.848
2022-03-11,2.799
2022-03-12,3.061
2022-03-13,2.711
2022-03-14,2.799
2022-03-15,1.749
2022-03-16,3.411
2022-03-17,3.149
2022-03-18,3.061
2022-03-19,1.924
2022-03-20,4.286
2022-03-21,4.548
2022-03-22,3.498
2022-03-23,3.498
2022-03-24,3.936
2022-03-25,3.673
2022-03-26,3.936
2022-03-27,3.061
2022-03-28,1.837
2022-03-29,3.411
2022-03-30,2.799
2022-03-31,3.673
2022-04-01,4.21
2022-04-02,4.382
2022-04-03,5.413
2022-04-04,4.21
2022-04-05,4.296
2022-04-06,4.639
2022-04-07,4.553
2022-04-08,5.413
2022-04-09,5.584
2022-04-10,5.327
2022-04-11,2.234
2022-04-12,3.952
2022-04-13,3.179
2022-04-14,1.89
2022-04-15,3.351
2022-04-16,3.093
2022-04-17,4.467
2022-04-18,3.608
2022-04-19,2.749
2022-04-20,3.179
2022-04-21,2.406
2022-04-22,3.437
2022-04-23,4.811
2022-04-24,4.983
2022-04-25,4.725
2022-04-26,4.553
2022-04-27,4.897
2022-04-28,4.639
2022-04-29,5.413
2022-04-30,5.413
2022-05-01,5.728
2022-05-02,4.702
2022-05-03,6.497
2022-05-04,5.557
2022-05-05,5.386
2022-05-06,4.702
2022-05-07,4.959
2022-05-08,4.36
2022-05-09,3.847
2022-05-10,3.762
2022-05-11,5.215
2022-05-12,5.215
2022-05-13,6.583
2022-05-14,7.096
2022-05-15,6.925
2022-05-16,5.899
2022-05-17,7.01
2022-05-18,8.207
2022-05-19,8.72
2022-05-20,7.438
2022-05-21,6.754
2022-05-22,7.523
2022-05-23,8.293
2022-05-24,7.865
2022-05-25,7.609
2022-05-26,6.241
2022-05-27,5.728
2022-05-28,4.018
2022-05-29,6.497
2022-05-30,7.096
2022-05-31,7.694
2022-06-01,7.194
2022-06-02,6.686
2022-06-03,6.009
2022-06-04,3.724
2022-06-05,2.877
2022-06-06,6.432
2022-06-07,8.04
2022-06-08,7.447
2022-06-09,7.871
2022-06-10,8.886
2022-06-11,8.971
2022-06-12,5.67
2022-06-13,7.024
2022-06-14,8.294
2022-06-15,9.14
2022-06-16,7.109
2022-06-17,5.501
2022-06-18,6.009
2022-06-19,7.278
2022-06-20,7.278
2022-06-21,8.294
2022-06-22,6.686
2022-06-23,9.14
2022-06-24,9.225
2022-06-25,9.055
2022-06-26,9.225
2022-06-27,9.563
2022-06-28,9.817
2022-06-29,8.294
2022-06-30,6.855
2022-07-01,6.808
2022-07-02,5.967
2022-07-03,5.211
2022-07-04,5.883
2022-07-05,5.715
2022-07-06,5.547
2022-07-07,6.135
2022-07-08,7.06
2022-07-09,6.808
2022-07-10,7.732
2022-07-11,7.732
2022-07-12,7.06
2022-07-13,6.555
2022-07-14,7.144
2022-07-15,7.984
2022-07-16,8.404
2022-07-17,8.825
2022-07-18,8.572
2022-07-19,9.077
2022-07-20,9.077
2022-07-21,8.741
2022-07-22,8.741
2022-07-23,7.984
2022-07-24,6.639
2022-07-25,6.976
2022-07-26,7.48
2022-07-27,7.48
2022-07-28,7.732
2022-07-29,6.976
2022-07-30,5.547
2022-07-31,5.043
2022-08-01,4.209
2022-08-02,6.52
2022-08-03,7.428
2022-08-04,5.695
2022-08-05,4.787
2022-08-06,5.365
2022-08-07,6.603
2022-08-08,6.355
2022-08-09,5.777
2022-08-10,5.942
2022-08-11,6.52
2022-08-12,6.768
2022-08-13,7.18
2022-08-14,7.758
2022-08-15,7.263
2022-08-16,7.675
2022-08-17,6.437
2022-08-18,7.923
2022-08-19,7.593
2022-08-20,6.933
2022-08-21,5.86
2022-08-22,6.685
2022-08-23,6.52
2022-08-24,6.19
2022-08-25,6.025
2022-08-26,5.282
2022-08-27,5.117
2022-08-28,5.53
2022-08-29,6.272
2022-08-30,6.355
2022-08-31,6.85
2022-09-01,6.783
2022-09-02,8.091
2022-09-03,8.418
2022-09-04,7.927
2022-09-05,8.091
2022-09-06,7.192
2022-09-07,7.846
2022-09-08,9.48
2022-09-09,7.6
2022-09-10,5.312
2022-09-11,6.048
2022-09-12,5.884
2022-09-13,4.25
2022-09-14,3.596
2022-09-15,3.678
2022-09-16,4.005
2022-09-17,4.005
2022-09-18,2.615
2022-09-19,2.37
2022-09-20,2.615
2022-09-21,3.514
2022-09-22,4.086
2022-09-23,4.495
2022-09-24,4.985
2022-09-25,4.822
2022-09-26,4.985
2022-09-27,4.658
2022-09-28,4.904
2022-09-29,4.331
2022-09-30,4.495
2022-10-01,4.297
2022-10-02,3.781
2022-10-03,4.383
2022-10-04,4.383
2022-10-05,4.727
2022-10-06,5.156
2022-10-07,4.727
2022-10-08,4.727
2022-10-09,4.469
2022-10-10,4.211
2022-10-11,4.211
2022-10-12,4.297
2022-10-13,3.609
2022-10-14,3.953
2022-10-15,3.438
2022-10-16,2.922
2022-10-17,3.008
2022-10-18,3.352
2022-10-19,3.781
2022-10-20,3.266
2022-10-21,4.211
2022-10-22,2.922
2022-10-23,4.125
2022-10-24,2.492
2022-10-25,2.664
2022-10-26,3.094
2022-10-27,2.75
2022-10-28,2.578
2022-10-29,3.609
2022-10-30,2.922
2022-10-31,1.719
2022-11-01,1.095
2022-11-02,1.179
2022-11-03,1.937
2022-11-04,1.516
2022-11-05,1.095
2022-11-06,1.095
2022-11-07,1.095
2022-11-08,0.674
2022-11-09,1.011
2022-11-10,1.263
2022-11-11,0.926
2022-11-12,1.179
2022-11-13,1.6
2022-11-14,1.179
2022-11-15,1.684
2022-11-16,1.263
2022-11-17,1.095
2022-11-18,1.684
2022-11-19,0.926
2022-11-20,1.095
2022-11-21,0.926
2022-11-22,1.263
2022-11-23,1.263
2022-11-24,1.6
2022-11-25,1.432
2022-11-26,1.6
2022-11-27,1.179
2022-11-28,1.769
2022-11-29,1.179
2022-11-30,1.011
2022-12-01,0.175
2022-12-02,0.613
2022-12-03,0.613
2022-12-04,0.963
2022-12-05,0.788
2022-12-06,0.613
2022-12-07,0.7
2022-12-08,0.875
2022-12-09,1.226
2022-12-10,0.7
2022-12-11,1.051
2022-12-12,0.7
2022-12-13,0.7
2022-12-14,0.613
2022-12-15,0.525
2022-12-16,0.525
2022-12-17,0.525
2022-12-18,0.438
2022-12-19,0.438
2022-12-20,0.613
2022-12-21,0.525
2022-12-22,0.438
2022-12-23,0.438
2022-12-24,0.438
2022-12-25,0.438
2022-12-26,0.613
2022-12-27,0.175
2022-12-28,0.613
2022-12-29,0.7
2022-12-30,1.663
2022-12-31,0.525
2023-01-01,0.266
2023-01-02,0.709
2023-01-03,0.355
2023-01-04,0.976
2023-01-05,1.33
2023-01-06,1.419
2023-01-07,1.419
2023-01-08,0.266
2023-01-09,0.266
2023-01-10,0.798
2023-01-11,1.064
2023-01-12,0.709
2023-01-13,0.532
2023-01-14,0.266
2023-01-15,1.064
2023-01-16,1.153
2023-01-17,1.508
2023-01-18,1.419
2023-01-19,1.242
2023-01-20,0.976
2023-01-21,0.976
2023-01-22,1.596
2023-01-23,1.596
2023-01-24,0.976
2023-01-25,0.976
2023-01-26,1.064
2023-01-27,1.064
2023-01-28,1.242
2023-01-29,0.798
2023-01-30,1.242
2023-01-31,1.33
2023-02-01,1.54
2023-02-02,1.283
2023-02-03,1.198
2023-02-04,1.369
2023-02-05,1.112
2023-02-06,1.625
2023-02-07,1.198
2023-02-08,1.369
2023-02-09,1.369
2023-02-10,1.283
2023-02-11,1.112
2023-02-12,2.053
2023-02-13,1.625
2023-02-14,1.882
2023-02-15,2.053
2023-02-16,1.625
2023-02-17,1.625
2023-02-18,1.796
2023-02-19,0.0
2023-02-20,1.796
2023-02-21,2.481
2023-02-22,1.54
2023-02-23,1.54
2023-02-24,0.77
2023-02-25,0.684
2023-02-26,1.112
2023-02-27,1.112
2023-02-28,0.941
2023-03-01,2.012
2023-03-02,1.924
2023-03-03,1.924
2023-03-04,1.487
2023-03-05,1.487
2023-03-06,1.574
2023-03-07,1.837
2023-03-08,1.487
2023-03-09,2.099
2023-03-10,1.662
2023-03-11,2.012
2023-03-12,1.924
2023-03-13,2.449
2023-03-14,1.137
2023-03-15,1.837
2023-03-16,2.624
2023-03-17,2.624
2023-03-18,2.536
2023-03-19,1.662
2023-03-20,2.099
2023-03-21,2.361
2023-03-22,2.449
2023-03-23,2.012
2023-03-24,2.711
2023-03-25,2.974
2023-03-26,2.974
2023-03-27,2.711
2023-03-28,1.487
2023-03-29,1.837
2023-03-30,2.449
2023-03-31,2.711
2023-04-01,3.093
2023-04-02,2.663
2023-04-03,3.093
2023-04-04,3.179
2023-04-05,3.093
2023-04-06,3.179
2023-04-07,2.062
2023-04-08,3.007
2023-04-09,3.866
2023-04-10,3.78
2023-04-11,3.351
2023-04-12,3.522
2023-04-13,3.952
2023-04-14,3.866
2023-04-15,4.21
2023-04-16,3.952
2023-04-17,3.265
2023-04-18,3.093
2023-04-19,3.952
2023-04-20,4.467
2023-04-21,5.327
2023-04-22,5.069
2023-04-23,4.725
2023-04-24,5.241
2023-04-25,5.67
2023-04-26,5.069
2023-04-27,4.983
2023-04-28,5.241
2023-04-29,5.327
2023-04-30,4.21
2023-05-01,2.736
2023-05-02,2.565
2023-05-03,2.907
2023-05-04,2.992
2023-05-05,2.821
2023-05-06,2.907
2023-05-07,3.676
2023-05-08,3.591
2023-05-09,4.018
2023-05-10,4.531
2023-05-11,4.873
2023-05-12,5.472
2023-05-13,5.557
2023-05-14,5.386
2023-05-15,5.301
2023-05-16,6.754
2023-05-17,6.326
2023-05-18,6.326
2023-05-19,6.07
2023-05-20,5.557
2023-05-21,5.984
2023-05-22,5.813
2023-05-23,4.873
2023-05-24,4.873
2023-05-25,5.13
2023-05-26,5.13
2023-05-27,5.215
2023-05-28,4.702
2023-05-29,5.215
2023-05-30,4.873
2023-05-31,5.386
2023-06-01,5.247
2023-06-02,5.755
2023-06-03,6.347
2023-06-04,6.432
2023-06-05,5.839
2023-06-06,4.655
2023-06-07,3.893
2023-06-08,5.162
2023-06-09,5.332
2023-06-10,4.231
2023-06-11,4.909
2023-06-12,4.485
2023-06-13,5.586
2023-06-14,5.839
2023-06-15,6.009
2023-06-16,6.432
2023-06-17,6.347
2023-06-18,5.247
2023-06-19,5.501
2023-06-20,6.178
2023-06-21,6.601
2023-06-22,6.178
2023-06-23,5.416
2023-06-24,4.655
2023-06-25,5.586
2023-06-26,6.093
2023-06-27,5.67
2023-06-28,6.263
2023-06-29,7.024
2023-06-30,7.194
2023-07-01,8.236
2023-07-02,8.152
2023-07-03,7.564
2023-07-04,6.387
2023-07-05,6.471
2023-07-06,5.883
2023-07-07,5.967
2023-07-08,5.883
2023-07-09,5.631
2023-07-10,6.471
2023-07-11,6.892
2023-07-12,7.06
2023-07-13,7.48
2023-07-14,7.732
2023-07-15,7.564
2023-07-16,6.892
2023-07-17,6.892
2023-07-18,6.639
2023-07-19,6.892
2023-07-20,7.9
2023-07-21,8.404
2023-07-22,8.404
2023-07-23,6.051
2023-07-24,6.808
2023-07-25,7.144
2023-07-26,6.892
2023-07-27,6.639
2023-07-28,7.396
2023-07-29,7.48
2023-07-30,7.228
2023-07-31,7.228
2023-08-01,6.272
2023-08-02,5.777
2023-08-03,5.695
2023-08-04,6.272
2023-08-05,7.18
2023-08-06,8.171
2023-08-07,7.593
2023-08-08,5.695
2023-08-09,5.447
2023-08-10,5.282
2023-08-11,5.695
2023-08-12,6.603
2023-08-13,6.603
2023-08-14,7.18
2023-08-15,7.015
2023-08-16,6.437
2023-08-17,6.85
2023-08-18,4.952
2023-08-19,5.034
2023-08-20,4.622
2023-08-21,4.539
2023-08-22,5.53
2023-08-23,5.777
2023-08-24,5.695
2023-08-25,5.612
2023-08-26,6.52
2023-08-27,6.85
2023-08-28,6.933
2023-08-29,7.263
2023-08-30,7.263
2023-08-31,6.025
2023-09-01,3.759
2023-09-02,3.514
2023-09-03,3.514
2023-09-04,4.658
2023-09-05,4.985
2023-09-06,5.23
2023-09-07,5.067
2023-09-08,4.822
2023-09-09,4.495
2023-09-10,5.394
2023-09-11,6.211
2023-09-12,5.149
2023-09-13,4.495
2023-09-14,4.413
2023-09-15,4.413
2023-09-16,4.005
2023-09-17,3.841
2023-09-18,3.923
2023-09-19,4.005
2023-09-20,3.841
2023-09-21,3.841
2023-09-22,4.331
2023-09-23,4.495
2023-09-24,4.005
2023-09-25,3.678
2023-09-26,3.514
2023-09-27,4.168
2023-09-28,4.331
2023-09-29,3.841
2023-09-30,2.37
2023-10-01,2.234
2023-10-02,3.523
2023-10-03,3.781
2023-10-04,3.352
2023-10-05,4.383
2023-10-06,4.383
2023-10-07,4.555
2023-10-08,4.898
2023-10-09,2.492
2023-10-10,2.664
2023-10-11,3.609
2023-10-12,3.609
2023-10-13,2.922
2023-10-14,3.352
2023-10-15,3.352
2023-10-16,3.781
2023-10-17,3.609
2023-10-18,2.836
2023-10-19,3.18
2023-10-20,3.781
2023-10-21,2.836
2023-10-22,2.148
2023-10-23,2.406
2023-10-24,2.32
2023-10-25,2.578
2023-10-26,2.063
2023-10-27,2.664
2023-10-28,3.094
2023-10-29,2.234
2023-10-30,1.375
2023-10-31,1.289
2023-11-01,1.684
2023-11-02,2.442
2023-11-03,2.779
2023-11-04,2.274
2023-11-05,1.516
2023-11-06,1.348
2023-11-07,1.769
2023-11-08,2.106
2023-11-09,1.432
2023-11-10,2.274
2023-11-11,1.937
2023-11-12,2.106
2023-11-13,1.263
2023-11-14,1.853
2023-11-15,1.769
2023-11-16,1.348
2023-11-17,1.263
2023-11-18,0.59
2023-11-19,1.6
2023-11-20,1.769
2023-11-21,1.263
2023-11-22,1.095
2023-11-23,1.937
2023-11-24,2.021
2023-11-25,1.348
2023-11-26,0.758
2023-11-27,1.011
2023-11-28,1.432
2023-11-29,0.926
2023-11-30,1.179
2023-12-01,1.401
2023-12-02,0.875
2023-12-03,0.788
2023-12-04,0.963
2023-12-05,0.788
2023-12-06,0.875
2023-12-07,1.051
2023-12-08,1.313
2023-12-09,0.875
2023-12-10,0.963
2023-12-11,1.226
2023-12-12,1.401
2023-12-13,0.963
2023-12-14,1.226
2023-12-15,1.051
2023-12-16,1.138
2023-12-17,1.838
2023-12-18,1.751
2023-12-19,1.488
2023-12-20,0.875
2023-12-21,0.613
2023-12-22,1.138
2023-12-23,0.963
2023-12-24,0.963
2023-12-25,0.875
2023-12-26,1.051
2023-12-27,1.663
2023-12-28,1.051
2023-12-29,1.226
2023-12-30,0.875
2023-12-31,0.7
2024-01-01,0.887
2024-01-02,0.355
2024-01-03,0.798
2024-01-04,1.774
2024-01-05,1.242
2024-01-06,1.153
2024-01-07,1.33
2024-01-08,1.242
2024-01-09,1.419
2024-01-10,0.976
2024-01-11,1.33
2024-01-12,0.798
2024-01-13,0.887
2024-01-14,1.508
2024-01-15,0.709
2024-01-16,1.064
2024-01-17,1.064
2024-01-18,0.798
2024-01-19,1.33
2024-01-20,1.419
2024-01-21,1.419
2024-01-22,0.976
2024-01-23,1.153
2024-01-24,0.976
2024-01-25,1.33
2024-01-26,0.887
2024-01-27,0.976
2024-01-28,1.153
2024-01-29,1.596
2024-01-30,1.419
2024-01-31,1.951
2024-02-01,1.283
2024-02-02,1.112
2024-02-03,1.112
2024-02-04,1.796
2024-02-05,1.454
2024-02-06,0.941
2024-02-07,0.941
2024-02-08,0.941
2024-02-09,1.283
2024-02-10,1.54
2024-02-11,1.625
2024-02-12,1.369
2024-02-13,1.198
2024-02-14,1.454
2024-02-15,1.454
2024-02-16,1.283
2024-02-17,1.369
2024-02-18,2.138
2024-02-19,2.566
2024-02-20,1.625
2024-02-21,1.54
2024-02-22,1.796
2024-02-23,1.711
2024-02-24,1.369
2024-02-25,1.796
2024-02-26,1.711
2024-02-27,1.967
2024-02-28,1.882
2024-02-29,1.625
2024-03-01,1.749
2024-03-02,1.837
2024-03-03,1.574
2024-03-04,1.312
2024-03-05,2.012
2024-03-06,1.837
2024-03-07,2.274
2024-03-08,2.449
2024-03-09,2.099
2024-03-10,2.099
2024-03-11,2.012
2024-03-12,1.312
2024-03-13,3.149
2024-03-14,4.198
2024-03-15,3.848
2024-03-16,3.149
2024-03-17,3.498
2024-03-18,2.886
2024-03-19,3.061
2024-03-20,3.586
2024-03-21,3.498
2024-03-22,2.449
2024-03-23,1.924
2024-03-24,2.711
2024-03-25,2.449
2024-03-26,2.974
2024-03-27,2.274
2024-03-28,2.361
2024-03-29,2.187
2024-03-30,2.799
2024-03-31,2.624
2024-04-01,3.694
2024-04-02,3.522
2024-04-03,3.351
2024-04-04,1.461
2024-04-05,1.804
2024-04-06,2.663
2024-04-07,3.437
2024-04-08,4.382
2024-04-09,3.608
2024-04-10,3.866
2024-04-11,4.038
2024-04-12,3.694
2024-04-13,1.203
2024-04-14,2.234
2024-04-15,2.835
2024-04-16,3.265
2024-04-17,3.952
2024-04-18,3.866
2024-04-19,4.467
2024-04-20,4.725
2024-04-21,4.725
2024-04-22,4.639
2024-04-23,3.866
2024-04-24,3.78
2024-04-25,3.952
2024-04-26,3.694
2024-04-27,4.467
2024-04-28,4.897
2024-04-29,5.327
2024-04-30,5.584
2024-05-01,6.412
2024-05-02,5.899
2024-05-03,5.386
2024-05-04,1.539
2024-05-05,4.018
2024-05-06,4.446
2024-05-07,5.044
2024-05-08,6.583
2024-05-09,5.557
2024-05-10,6.241
2024-05-11,6.583
2024-05-12,6.155
2024-05-13,6.07
2024-05-14,6.155
2024-05-15,6.326
2024-05-16,5.557
2024-05-17,5.13
2024-05-18,5.215
2024-05-19,5.386
2024-05-20,6.497
2024-05-21,7.01
2024-05-22,6.412
2024-05-23,6.412
2024-05-24,5.13
2024-05-25,5.472
2024-05-26,6.583
2024-05-27,5.984
2024-05-28,5.984
2024-05-29,6.754
2024-05-30,7.01
2024-05-31,7.352
2024-06-01,6.347
2024-06-02,6.178
2024-06-03,5.586
2024-06-04,8.463
2024-06-05,7.617
2024-06-06,7.955
2024-06-07,6.686
2024-06-08,5.67
2024-06-09,6.178
2024-06-10,6.855
2024-06-11,7.278
2024-06-12,6.855
2024-06-13,6.178
2024-06-14,7.278
2024-06-15,7.786
2024-06-16,8.378
2024-06-17,7.955
2024-06-18,7.024
2024-06-19,7.701
2024-06-20,7.447
2024-06-21,7.532
2024-06-22,8.378
2024-06-23,6.94
2024-06-24,7.447
2024-06-25,7.871
2024-06-26,7.955
2024-06-27,7.701
2024-06-28,7.786
2024-06-29,7.363
2024-06-30,8.294
