time,etof
2016-01-01,0.199
2016-01-02,0.199
2016-01-03,0.199
2016-01-04,0.199
2016-01-05,0.199
2016-01-06,0.199
2016-01-07,0.199
2016-01-08,0.199
2016-01-09,0.191
2016-01-10,0.183
2016-01-11,0.175
2016-01-12,0.167
2016-01-13,0.159
2016-01-14,0.151
2016-01-15,0.143
2016-01-16,0.135
2016-01-17,0.127
2016-01-18,0.119
2016-01-19,0.11
2016-01-20,0.102
2016-01-21,0.094
2016-01-22,0.086
2016-01-23,0.078
2016-01-24,0.07
2016-01-25,0.062
2016-01-26,0.054
2016-01-27,0.046
2016-01-28,0.038
2016-01-29,0.03
2016-01-30,0.022
2016-01-31,0.014
2016-02-01,0.005
2016-02-02,0.005
2016-02-03,0.004
2016-02-04,0.004
2016-02-05,0.003
2016-02-06,0.002
2016-02-07,0.002
2016-02-08,0.001
2016-02-09,0.001
2016-02-10,0.015
2016-02-11,0.03
2016-02-12,0.045
2016-02-13,0.059
2016-02-14,0.074
2016-02-15,0.089
2016-02-16,0.103
2016-02-17,0.118
2016-02-18,0.103
2016-02-19,0.089
2016-02-20,0.074
2016-02-21,0.059
2016-02-22,0.045
2016-02-23,0.03
2016-02-24,0.015
2016-02-25,0.001
2016-02-26,0.008
2016-02-27,0.015
2016-02-28,0.022
2016-02-29,0.03
2016-03-01,0.037
2016-03-02,0.044
2016-03-03,0.051
2016-03-04,0.059
2016-03-05,0.066
2016-03-06,0.073
2016-03-07,0.08
2016-03-08,0.088
2016-03-09,0.095
2016-03-10,0.102
2016-03-11,0.109
2016-03-12,0.116
2016-03-13,0.119
2016-03-14,0.121
2016-03-15,0.123
2016-03-16,0.126
2016-03-17,0.128
2016-03-18,0.13
2016-03-19,0.133
2016-03-20,0.135
2016-03-21,0.132
2016-03-22,0.129
2016-03-23,0.127
2016-03-24,0.124
2016-03-25,0.121
2016-03-26,0.118
2016-03-27,0.116
2016-03-28,0.113
2016-03-29,0.11
2016-03-30,0.108
2016-03-31,0.105
2016-04-01,0.102
2016-04-02,0.099
2016-04-03,0.097
2016-04-04,0.094
2016-04-05,0.091
2016-04-06,0.088
2016-04-07,0.086
2016-04-08,0.083
2016-04-09,0.08
2016-04-10,0.077
2016-04-11,0.075
2016-04-12,0.072
2016-04-13,0.069
2016-04-14,0.072
2016-04-15,0.075
2016-04-16,0.078
2016-04-17,0.081
2016-04-18,0.084
2016-04-19,0.086
2016-04-20,0.089
2016-04-21,0.092
2016-04-22,0.095
2016-04-23,0.098
2016-04-24,0.101
2016-04-25,0.104
2016-04-26,0.106
2016-04-27,0.109
2016-04-28,0.112
2016-04-29,0.115
2016-04-30,0.118
2016-05-01,0.121
2016-05-02,0.124
2016-05-03,0.126
2016-05-04,0.129
2016-05-05,0.132
2016-05-06,0.135
2016-05-07,0.138
2016-05-08,0.127
2016-05-09,0.116
2016-05-10,0.104
2016-05-11,0.093
2016-05-12,0.082
2016-05-13,0.071
2016-05-14,0.06
2016-05-15,0.049
2016-05-16,0.06
2016-05-17,0.071
2016-05-18,0.082
2016-05-19,0.093
2016-05-20,0.104
2016-05-21,0.115
2016-05-22,0.126
2016-05-23,0.137
2016-05-24,0.135
2016-05-25,0.133
2016-05-26,0.131
2016-05-27,0.129
2016-05-28,0.127
2016-05-29,0.125
2016-05-30,0.123
2016-05-31,0.121
2016-06-01,0.119
2016-06-02,0.117
2016-06-03,0.115
2016-06-04,0.113
2016-06-05,0.111
2016-06-06,0.11
2016-06-07,0.108
2016-06-08,0.106
2016-06-09,0.096
2016-06-10,0.086
2016-06-11,0.076
2016-06-12,0.066
2016-06-13,0.056
2016-06-14,0.046
2016-06-15,0.037
2016-06-16,0.027
2016-06-17,0.037
2016-06-18,0.048
2016-06-19,0.058
2016-06-20,0.069
2016-06-21,0.079
2016-06-22,0.089
2016-06-23,0.1
2016-06-24,0.11
2016-06-25,0.107
2016-06-26,0.103
2016-06-27,0.099
2016-06-28,0.096
2016-06-29,0.092
2016-06-30,0.088
2016-07-01,0.085
2016-07-02,0.081
2016-07-03,0.083
2016-07-04,0.085
2016-07-05,0.087
2016-07-06,0.09
2016-07-07,0.092
2016-07-08,0.094
2016-07-09,0.096
2016-07-10,0.098
2016-07-11,0.095
2016-07-12,0.092
2016-07-13,0.089
2016-07-14,0.086
2016-07-15,0.083
2016-07-16,0.08
2016-07-17,0.077
2016-07-18,0.074
2016-07-19,0.084
2016-07-20,0.094
2016-07-21,0.104
2016-07-22,0.114
2016-07-23,0.125
2016-07-24,0.135
2016-07-25,0.145
2016-07-26,0.155
2016-07-27,0.139
2016-07-28,0.124
2016-07-29,0.108
2016-07-30,0.093
2016-07-31,0.077
2016-08-01,0.062
2016-08-02,0.046
2016-08-03,0.031
2016-08-04,0.047
2016-08-05,0.063
2016-08-06,0.079
2016-08-07,0.095
2016-08-08,0.112
2016-08-09,0.128
2016-08-10,0.144
2016-08-11,0.16
2016-08-12,0.157
2016-08-13,0.155
2016-08-14,0.152
2016-08-15,0.149
2016-08-16,0.146
2016-08-17,0.144
2016-08-18,0.141
2016-08-19,0.138
2016-08-20,0.135
2016-08-21,0.133
2016-08-22,0.13
2016-08-23,0.127
2016-08-24,0.124
2016-08-25,0.122
2016-08-26,0.119
2016-08-27,0.116
2016-08-28,0.114
2016-08-29,0.112
2016-08-30,0.111
2016-08-31,0.109
2016-09-01,0.107
2016-09-02,0.105
2016-09-03,0.103
2016-09-04,0.101
2016-09-05,0.099
2016-09-06,0.098
2016-09-07,0.096
2016-09-08,0.094
2016-09-09,0.092
2016-09-10,0.09
2016-09-11,0.088
2016-09-12,0.086
2016-09-13,0.082
2016-09-14,0.078
2016-09-15,0.074
2016-09-16,0.069
2016-09-17,0.065
2016-09-18,0.061
2016-09-19,0.057
2016-09-20,0.052
2016-09-21,0.048
2016-09-22,0.044
2016-09-23,0.04
2016-09-24,0.035
2016-09-25,0.031
2016-09-26,0.027
2016-09-27,0.023
2016-09-28,0.018
2016-09-29,0.016
2016-09-30,0.014
2016-10-01,0.012
2016-10-02,0.009
2016-10-03,0.007
2016-10-04,0.005
2016-10-05,0.003
2016-10-06,0.001
2016-10-07,0.018
2016-10-08,0.036
2016-10-09,0.054
2016-10-10,0.072
2016-10-11,0.09
2016-10-12,0.108
2016-10-13,0.126
2016-10-14,0.144
2016-10-15,0.132
2016-10-16,0.12
2016-10-17,0.109
2016-10-18,0.097
2016-10-19,0.085
2016-10-20,0.074
2016-10-21,0.062
2016-10-22,0.05
2016-10-23,0.058
2016-10-24,0.065
2016-10-25,0.072
2016-10-26,0.08
2016-10-27,0.087
2016-10-28,0.095
2016-10-29,0.102
2016-10-30,0.11
2016-10-31,0.117
2016-11-01,0.125
2016-11-02,0.132
2016-11-03,0.139
2016-11-04,0.147
2016-11-05,0.154
2016-11-06,0.162
2016-11-07,0.169
2016-11-08,0.177
2016-11-09,0.184
2016-11-10,0.191
2016-11-11,0.199
2016-11-12,0.206
2016-11-13,0.214
2016-11-14,0.221
2016-11-15,0.229
2016-11-16,0.226
2016-11-17,0.223
2016-11-18,0.22
2016-11-19,0.217
2016-11-20,0.214
2016-11-21,0.211
2016-11-22,0.208
2016-11-23,0.205
2016-11-24,0.192
2016-11-25,0.18
2016-11-26,0.167
2016-11-27,0.154
2016-11-28,0.142
2016-11-29,0.129
2016-11-30,0.116
2016-12-01,0.104
2016-12-02,0.091
2016-12-03,0.078
2016-12-04,0.066
2016-12-05,0.053
2016-12-06,0.04
2016-12-07,0.027
2016-12-08,0.015
2016-12-09,0.002
2016-12-10,0.002
2016-12-11,0.002
2016-12-12,0.002
2016-12-13,0.002
2016-12-14,0.002
2016-12-15,0.001
2016-12-16,0.001
2016-12-17,0.001
2016-12-18,0.022
2016-12-19,0.043
2016-12-20,0.064
2016-12-21,0.085
2016-12-22,0.106
2016-12-23,0.127
2016-12-24,0.148
2016-12-25,0.169
2016-12-26,0.175
2016-12-27,0.181
2016-12-28,0.187
2016-12-29,0.193
2016-12-30,0.198
2016-12-31,0.204
2017-01-01,0.21
2017-01-02,0.216
2017-01-03,0.222
2017-01-04,0.228
2017-01-05,0.233
2017-01-06,0.239
2017-01-07,0.245
2017-01-08,0.251
2017-01-09,0.257
2017-01-10,0.263
2017-01-11,0.268
2017-01-12,0.274
2017-01-13,0.28
2017-01-14,0.286
2017-01-15,0.292
2017-01-16,0.298
2017-01-17,0.303
2017-01-18,0.309
2017-01-19,0.308
2017-01-20,0.307
2017-01-21,0.306
2017-01-22,0.305
2017-01-23,0.304
2017-01-24,0.303
2017-01-25,0.302
2017-01-26,0.3
2017-01-27,0.301
2017-01-28,0.302
2017-01-29,0.303
2017-01-30,0.304
2017-01-31,0.305
2017-02-01,0.306
2017-02-02,0.307
2017-02-03,0.308
2017-02-04,0.309
2017-02-05,0.31
2017-02-06,0.311
2017-02-07,0.312
2017-02-08,0.313
2017-02-09,0.314
2017-02-10,0.315
2017-02-11,0.316
2017-02-12,0.317
2017-02-13,0.318
2017-02-14,0.319
2017-02-15,0.32
2017-02-16,0.321
2017-02-17,0.321
2017-02-18,0.322
2017-02-19,0.323
2017-02-20,0.324
2017-02-21,0.325
2017-02-22,0.326
2017-02-23,0.327
2017-02-24,0.328
2017-02-25,0.329
2017-02-26,0.33
2017-02-27,0.331
2017-02-28,0.332
2017-03-01,0.333
2017-03-02,0.334
2017-03-03,0.335
2017-03-04,0.336
2017-03-05,0.337
2017-03-06,0.338
2017-03-07,0.339
2017-03-08,0.322
2017-03-09,0.305
2017-03-10,0.289
2017-03-11,0.272
2017-03-12,0.256
2017-03-13,0.239
2017-03-14,0.222
2017-03-15,0.206
2017-03-16,0.189
2017-03-17,0.172
2017-03-18,0.156
2017-03-19,0.139
2017-03-20,0.123
2017-03-21,0.106
2017-03-22,0.089
2017-03-23,0.073
2017-03-24,0.066
2017-03-25,0.058
2017-03-26,0.051
2017-03-27,0.044
2017-03-28,0.037
2017-03-29,0.03
2017-03-30,0.023
2017-03-31,0.015
2017-04-01,0.029
2017-04-02,0.043
2017-04-03,0.057
2017-04-04,0.071
2017-04-05,0.085
2017-04-06,0.099
2017-04-07,0.113
2017-04-08,0.127
2017-04-09,0.125
2017-04-10,0.124
2017-04-11,0.122
2017-04-12,0.12
2017-04-13,0.119
2017-04-14,0.117
2017-04-15,0.115
2017-04-16,0.114
2017-04-17,0.117
2017-04-18,0.121
2017-04-19,0.125
2017-04-20,0.128
2017-04-21,0.132
2017-04-22,0.136
2017-04-23,0.139
2017-04-24,0.143
2017-04-25,0.146
2017-04-26,0.15
2017-04-27,0.154
2017-04-28,0.157
2017-04-29,0.161
2017-04-30,0.165
2017-05-01,0.168
2017-05-02,0.172
2017-05-03,0.203
2017-05-04,0.234
2017-05-05,0.265
2017-05-06,0.296
2017-05-07,0.327
2017-05-08,0.359
2017-05-09,0.39
2017-05-10,0.421
2017-05-11,0.376
2017-05-12,0.332
2017-05-13,0.287
2017-05-14,0.243
2017-05-15,0.198
2017-05-16,0.154
2017-05-17,0.109
2017-05-18,0.064
2017-05-19,0.069
2017-05-20,0.073
2017-05-21,0.078
2017-05-22,0.082
2017-05-23,0.087
2017-05-24,0.091
2017-05-25,0.096
2017-05-26,0.1
2017-05-27,0.106
2017-05-28,0.113
2017-05-29,0.119
2017-05-30,0.125
2017-05-31,0.131
2017-06-01,0.138
2017-06-02,0.144
2017-06-03,0.15
2017-06-04,0.142
2017-06-05,0.133
2017-06-06,0.124
2017-06-07,0.116
2017-06-08,0.107
2017-06-09,0.099
2017-06-10,0.09
2017-06-11,0.082
2017-06-12,0.089
2017-06-13,0.097
2017-06-14,0.104
2017-06-15,0.112
2017-06-16,0.12
2017-06-17,0.127
2017-06-18,0.135
2017-06-19,0.142
2017-06-20,0.142
2017-06-21,0.143
2017-06-22,0.143
2017-06-23,0.143
2017-06-24,0.143
2017-06-25,0.143
2017-06-26,0.143
2017-06-27,0.143
2017-06-28,0.144
2017-06-29,0.144
2017-06-30,0.144
2017-07-01,0.144
2017-07-02,0.144
2017-07-03,0.145
2017-07-04,0.145
2017-07-05,0.145
2017-07-06,0.145
2017-07-07,0.145
2017-07-08,0.146
2017-07-09,0.146
2017-07-10,0.146
2017-07-11,0.146
2017-07-12,0.146
2017-07-13,0.147
2017-07-14,0.138
2017-07-15,0.129
2017-07-16,0.121
2017-07-17,0.112
2017-07-18,0.104
2017-07-19,0.095
2017-07-20,0.086
2017-07-21,0.078
2017-07-22,0.093
2017-07-23,0.108
2017-07-24,0.123
2017-07-25,0.138
2017-07-26,0.153
2017-07-27,0.167
2017-07-28,0.182
2017-07-29,0.197
2017-07-30,0.19
2017-07-31,0.183
2017-08-01,0.176
2017-08-02,0.168
2017-08-03,0.161
2017-08-04,0.154
2017-08-05,0.147
2017-08-06,0.139
2017-08-07,0.138
2017-08-08,0.137
2017-08-09,0.136
2017-08-10,0.135
2017-08-11,0.134
2017-08-12,0.133
2017-08-13,0.132
2017-08-14,0.131
2017-08-15,0.14
2017-08-16,0.149
2017-08-17,0.158
2017-08-18,0.167
2017-08-19,0.176
2017-08-20,0.185
2017-08-21,0.194
2017-08-22,0.203
2017-08-23,0.212
2017-08-24,0.221
2017-08-25,0.23
2017-08-26,0.239
2017-08-27,0.248
2017-08-28,0.257
2017-08-29,0.266
2017-08-30,0.275
2017-08-31,0.253
2017-09-01,0.23
2017-09-02,0.208
2017-09-03,0.186
2017-09-04,0.164
2017-09-05,0.141
2017-09-06,0.119
2017-09-07,0.097
2017-09-08,0.104
2017-09-09,0.11
2017-09-10,0.117
2017-09-11,0.124
2017-09-12,0.131
2017-09-13,0.137
2017-09-14,0.144
2017-09-15,0.151
2017-09-16,0.145
2017-09-17,0.138
2017-09-18,0.132
2017-09-19,0.126
2017-09-20,0.12
2017-09-21,0.114
2017-09-22,0.107
2017-09-23,0.101
2017-09-24,0.113
2017-09-25,0.124
2017-09-26,0.136
2017-09-27,0.147
2017-09-28,0.159
2017-09-29,0.17
2017-09-30,0.182
2017-10-01,0.193
2017-10-02,0.17
2017-10-03,0.148
2017-10-04,0.125
2017-10-05,0.103
2017-10-06,0.08
2017-10-07,0.058
2017-10-08,0.035
2017-10-09,0.013
2017-10-10,0.039
2017-10-11,0.065
2017-10-12,0.09
2017-10-13,0.116
2017-10-14,0.142
2017-10-15,0.168
2017-10-16,0.194
2017-10-17,0.219
2017-10-18,0.205
2017-10-19,0.19
2017-10-20,0.176
2017-10-21,0.161
2017-10-22,0.147
2017-10-23,0.132
2017-10-24,0.117
2017-10-25,0.103
2017-10-26,0.137
2017-10-27,0.172
2017-10-28,0.207
2017-10-29,0.241
2017-10-30,0.276
2017-10-31,0.311
2017-11-01,0.345
2017-11-02,0.38
2017-11-03,0.356
2017-11-04,0.333
2017-11-05,0.309
2017-11-06,0.285
2017-11-07,0.261
2017-11-08,0.237
2017-11-09,0.214
2017-11-10,0.19
2017-11-11,0.198
2017-11-12,0.206
2017-11-13,0.214
2017-11-14,0.222
2017-11-15,0.23
2017-11-16,0.238
2017-11-17,0.246
2017-11-18,0.254
2017-11-19,0.242
2017-11-20,0.23
2017-11-21,0.218
2017-11-22,0.207
2017-11-23,0.195
2017-11-24,0.183
2017-11-25,0.171
2017-11-26,0.159
2017-11-27,0.154
2017-11-28,0.148
2017-11-29,0.142
2017-11-30,0.137
2017-12-01,0.131
2017-12-02,0.125
2017-12-03,0.12
2017-12-04,0.114
2017-12-05,0.113
2017-12-06,0.111
2017-12-07,0.11
2017-12-08,0.109
2017-12-09,0.107
2017-12-10,0.106
2017-12-11,0.104
2017-12-12,0.103
2017-12-13,0.091
2017-12-14,0.078
2017-12-15,0.066
2017-12-16,0.053
2017-12-17,0.041
2017-12-18,0.028
2017-12-19,0.016
2017-12-20,0.003
2017-12-21,0.022
2017-12-22,0.04
2017-12-23,0.058
2017-12-24,0.076
2017-12-25,0.095
2017-12-26,0.113
2017-12-27,0.131
2017-12-28,0.15
2017-12-29,0.147
2017-12-30,0.144
2017-12-31,0.141
2018-01-01,0.138
2018-01-02,0.135
2018-01-03,0.132
2018-01-04,0.129
2018-01-05,0.126
2018-01-06,0.121
2018-01-07,0.115
2018-01-08,0.11
2018-01-09,0.105
2018-01-10,0.1
2018-01-11,0.095
2018-01-12,0.09
2018-01-13,0.085
2018-01-14,0.08
2018-01-15,0.074
2018-01-16,0.069
2018-01-17,0.064
2018-01-18,0.059
2018-01-19,0.054
2018-01-20,0.049
2018-01-21,0.044
2018-01-22,0.041
2018-01-23,0.038
2018-01-24,0.035
2018-01-25,0.033
2018-01-26,0.03
2018-01-27,0.027
2018-01-28,0.024
2018-01-29,0.022
2018-01-30,0.041
2018-01-31,0.06
2018-02-01,0.079
2018-02-02,0.099
2018-02-03,0.118
2018-02-04,0.137
2018-02-05,0.156
2018-02-06,0.176
2018-02-07,0.173
2018-02-08,0.17
2018-02-09,0.166
2018-02-10,0.163
2018-02-11,0.16
2018-02-12,0.157
2018-02-13,0.154
2018-02-14,0.151
2018-02-15,0.148
2018-02-16,0.145
2018-02-17,0.141
2018-02-18,0.138
2018-02-19,0.135
2018-02-20,0.132
2018-02-21,0.129
2018-02-22,0.126
2018-02-23,0.111
2018-02-24,0.095
2018-02-25,0.08
2018-02-26,0.064
2018-02-27,0.049
2018-02-28,0.034
2018-03-01,0.018
2018-03-02,0.003
2018-03-03,0.008
2018-03-04,0.012
2018-03-05,0.017
2018-03-06,0.021
2018-03-07,0.026
2018-03-08,0.031
2018-03-09,0.035
2018-03-10,0.04
2018-03-11,0.044
2018-03-12,0.049
2018-03-13,0.054
2018-03-14,0.058
2018-03-15,0.063
2018-03-16,0.067
2018-03-17,0.072
2018-03-18,0.077
2018-03-19,0.081
2018-03-20,0.086
2018-03-21,0.09
2018-03-22,0.095
2018-03-23,0.099
2018-03-24,0.104
2018-03-25,0.109
2018-03-26,0.113
2018-03-27,0.104
2018-03-28,0.095
2018-03-29,0.086
2018-03-30,0.077
2018-03-31,0.068
2018-04-01,0.059
2018-04-02,0.05
2018-04-03,0.041
2018-04-04,0.046
2018-04-05,0.052
2018-04-06,0.057
2018-04-07,0.063
2018-04-08,0.068
2018-04-09,0.074
2018-04-10,0.079
2018-04-11,0.085
2018-04-12,0.085
2018-04-13,0.085
2018-04-14,0.085
2018-04-15,0.085
2018-04-16,0.085
2018-04-17,0.085
2018-04-18,0.085
2018-04-19,0.085
2018-04-20,0.084
2018-04-21,0.084
2018-04-22,0.084
2018-04-23,0.084
2018-04-24,0.084
2018-04-25,0.084
2018-04-26,0.084
2018-04-27,0.084
2018-04-28,0.074
2018-04-29,0.064
2018-04-30,0.054
2018-05-01,0.043
2018-05-02,0.033
2018-05-03,0.023
2018-05-04,0.013
2018-05-05,0.003
2018-05-06,0.005
2018-05-07,0.007
2018-05-08,0.01
2018-05-09,0.012
2018-05-10,0.014
2018-05-11,0.017
2018-05-12,0.019
2018-05-13,0.021
2018-05-14,0.027
2018-05-15,0.033
2018-05-16,0.039
2018-05-17,0.046
2018-05-18,0.052
2018-05-19,0.058
2018-05-20,0.064
2018-05-21,0.07
2018-05-22,0.078
2018-05-23,0.085
2018-05-24,0.093
2018-05-25,0.101
2018-05-26,0.109
2018-05-27,0.117
2018-05-28,0.125
2018-05-29,0.133
2018-05-30,0.124
2018-05-31,0.116
2018-06-01,0.107
2018-06-02,0.099
2018-06-03,0.09
2018-06-04,0.082
2018-06-05,0.073
2018-06-06,0.064
2018-06-07,0.064
2018-06-08,0.063
2018-06-09,0.063
2018-06-10,0.062
2018-06-11,0.061
2018-06-12,0.061
2018-06-13,0.06
2018-06-14,0.059
2018-06-15,0.072
2018-06-16,0.084
2018-06-17,0.097
2018-06-18,0.109
2018-06-19,0.121
2018-06-20,0.134
2018-06-21,0.146
2018-06-22,0.159
2018-06-23,0.155
2018-06-24,0.152
2018-06-25,0.149
2018-06-26,0.145
2018-06-27,0.142
2018-06-28,0.139
2018-06-29,0.135
2018-06-30,0.132
2018-07-01,0.128
2018-07-02,0.123
2018-07-03,0.119
2018-07-04,0.114
2018-07-05,0.11
2018-07-06,0.106
2018-07-07,0.101
2018-07-08,0.097
2018-07-09,0.094
2018-07-10,0.092
2018-07-11,0.089
2018-07-12,0.087
2018-07-13,0.084
2018-07-14,0.082
2018-07-15,0.08
2018-07-16,0.077
2018-07-17,0.075
2018-07-18,0.072
2018-07-19,0.07
2018-07-20,0.067
2018-07-21,0.065
2018-07-22,0.062
2018-07-23,0.06
2018-07-24,0.057
2018-07-25,0.072
2018-07-26,0.086
2018-07-27,0.1
2018-07-28,0.114
2018-07-29,0.128
2018-07-30,0.142
2018-07-31,0.156
2018-08-01,0.17
2018-08-02,0.174
2018-08-03,0.177
2018-08-04,0.18
2018-08-05,0.183
2018-08-06,0.186
2018-08-07,0.189
2018-08-08,0.192
2018-08-09,0.195
2018-08-10,0.198
2018-08-11,0.201
2018-08-12,0.204
2018-08-13,0.207
2018-08-14,0.21
2018-08-15,0.213
2018-08-16,0.216
2018-08-17,0.219
2018-08-18,0.202
2018-08-19,0.184
2018-08-20,0.167
2018-08-21,0.149
2018-08-22,0.132
2018-08-23,0.114
2018-08-24,0.097
2018-08-25,0.079
2018-08-26,0.097
2018-08-27,0.114
2018-08-28,0.131
2018-08-29,0.148
2018-08-30,0.165
2018-08-31,0.182
2018-09-01,0.199
2018-09-02,0.217
2018-09-03,0.205
2018-09-04,0.194
2018-09-05,0.183
2018-09-06,0.172
2018-09-07,0.16
2018-09-08,0.149
2018-09-09,0.138
2018-09-10,0.127
2018-09-11,0.124
2018-09-12,0.122
2018-09-13,0.12
2018-09-14,0.118
2018-09-15,0.116
2018-09-16,0.114
2018-09-17,0.111
2018-09-18,0.109
2018-09-19,0.108
2018-09-20,0.108
2018-09-21,0.107
2018-09-22,0.106
2018-09-23,0.105
2018-09-24,0.104
2018-09-25,0.103
2018-09-26,0.103
2018-09-27,0.106
2018-09-28,0.109
2018-09-29,0.112
2018-09-30,0.116
2018-10-01,0.119
2018-10-02,0.122
2018-10-03,0.125
2018-10-04,0.128
2018-10-05,0.135
2018-10-06,0.141
2018-10-07,0.147
2018-10-08,0.154
2018-10-09,0.16
2018-10-10,0.166
2018-10-11,0.173
2018-10-12,0.179
2018-10-13,0.172
2018-10-14,0.165
2018-10-15,0.158
2018-10-16,0.151
2018-10-17,0.144
2018-10-18,0.138
2018-10-19,0.131
2018-10-20,0.124
2018-10-21,0.13
2018-10-22,0.136
2018-10-23,0.143
2018-10-24,0.149
2018-10-25,0.155
2018-10-26,0.161
2018-10-27,0.168
2018-10-28,0.174
2018-10-29,0.18
2018-10-30,0.186
2018-10-31,0.193
2018-11-01,0.199
2018-11-02,0.205
2018-11-03,0.212
2018-11-04,0.218
2018-11-05,0.224
2018-11-06,0.207
2018-11-07,0.191
2018-11-08,0.174
2018-11-09,0.157
2018-11-10,0.141
2018-11-11,0.124
2018-11-12,0.107
2018-11-13,0.091
2018-11-14,0.113
2018-11-15,0.136
2018-11-16,0.159
2018-11-17,0.182
2018-11-18,0.205
2018-11-19,0.227
2018-11-20,0.25
2018-11-21,0.273
2018-11-22,0.265
2018-11-23,0.257
2018-11-24,0.249
2018-11-25,0.241
2018-11-26,0.232
2018-11-27,0.224
2018-11-28,0.216
2018-11-29,0.208
2018-11-30,0.2
2018-12-01,0.192
2018-12-02,0.184
2018-12-03,0.176
2018-12-04,0.167
2018-12-05,0.159
2018-12-06,0.151
2018-12-07,0.143
2018-12-08,0.157
2018-12-09,0.171
2018-12-10,0.184
2018-12-11,0.198
2018-12-12,0.212
2018-12-13,0.226
2018-12-14,0.239
2018-12-15,0.253
2018-12-16,0.273
2018-12-17,0.294
2018-12-18,0.314
2018-12-19,0.334
2018-12-20,0.354
2018-12-21,0.375
2018-12-22,0.395
2018-12-23,0.415
2018-12-24,0.418
2018-12-25,0.42
2018-12-26,0.423
2018-12-27,0.425
2018-12-28,0.428
2018-12-29,0.43
2018-12-30,0.433
2018-12-31,0.436
2019-01-01,0.438
2019-01-02,0.441
2019-01-03,0.443
2019-01-04,0.446
2019-01-05,0.448
2019-01-06,0.451
2019-01-07,0.453
2019-01-08,0.456
2019-01-09,0.448
2019-01-10,0.439
2019-01-11,0.431
2019-01-12,0.423
2019-01-13,0.415
2019-01-14,0.407
2019-01-15,0.398
2019-01-16,0.39
2019-01-17,0.382
2019-01-18,0.374
2019-01-19,0.366
2019-01-20,0.358
2019-01-21,0.349
2019-01-22,0.341
2019-01-23,0.333
2019-01-24,0.325
2019-01-25,0.323
2019-01-26,0.321
2019-01-27,0.319
2019-01-28,0.318
2019-01-29,0.316
2019-01-30,0.314
2019-01-31,0.312
2019-02-01,0.311
2019-02-02,0.309
2019-02-03,0.307
2019-02-04,0.305
2019-02-05,0.303
2019-02-06,0.302
2019-02-07,0.3
2019-02-08,0.298
2019-02-09,0.296
2019-02-10,0.295
2019-02-11,0.293
2019-02-12,0.291
2019-02-13,0.289
2019-02-14,0.288
2019-02-15,0.286
2019-02-16,0.284
2019-02-17,0.282
2019-02-18,0.309
2019-02-19,0.337
2019-02-20,0.364
2019-02-21,0.391
2019-02-22,0.418
2019-02-23,0.445
2019-02-24,0.472
2019-02-25,0.499
2019-02-26,0.487
2019-02-27,0.475
2019-02-28,0.462
2019-03-01,0.45
2019-03-02,0.438
2019-03-03,0.425
2019-03-04,0.413
2019-03-05,0.401
2019-03-06,0.397
2019-03-07,0.393
2019-03-08,0.39
2019-03-09,0.386
2019-03-10,0.382
2019-03-11,0.379
2019-03-12,0.375
2019-03-13,0.372
2019-03-14,0.364
2019-03-15,0.357
2019-03-16,0.35
2019-03-17,0.342
2019-03-18,0.335
2019-03-19,0.328
2019-03-20,0.32
2019-03-21,0.313
2019-03-22,0.306
2019-03-23,0.299
2019-03-24,0.291
2019-03-25,0.284
2019-03-26,0.277
2019-03-27,0.269
2019-03-28,0.262
2019-03-29,0.255
2019-03-30,0.248
2019-03-31,0.242
2019-04-01,0.236
2019-04-02,0.23
2019-04-03,0.223
2019-04-04,0.217
2019-04-05,0.211
2019-04-06,0.205
2019-04-07,0.198
2019-04-08,0.192
2019-04-09,0.186
2019-04-10,0.18
2019-04-11,0.173
2019-04-12,0.167
2019-04-13,0.161
2019-04-14,0.155
2019-04-15,0.148
2019-04-16,0.142
2019-04-17,0.136
2019-04-18,0.13
2019-04-19,0.123
2019-04-20,0.117
2019-04-21,0.111
2019-04-22,0.105
2019-04-23,0.129
2019-04-24,0.154
2019-04-25,0.179
2019-04-26,0.204
2019-04-27,0.229
2019-04-28,0.254
2019-04-29,0.279
2019-04-30,0.304
2019-05-01,0.291
2019-05-02,0.279
2019-05-03,0.267
2019-05-04,0.255
2019-05-05,0.242
2019-05-06,0.23
2019-05-07,0.218
2019-05-08,0.206
2019-05-09,0.213
2019-05-10,0.22
2019-05-11,0.227
2019-05-12,0.235
2019-05-13,0.242
2019-05-14,0.249
2019-05-15,0.257
2019-05-16,0.264
2019-05-17,0.271
2019-05-18,0.279
2019-05-19,0.286
2019-05-20,0.293
2019-05-21,0.301
2019-05-22,0.308
2019-05-23,0.315
2019-05-24,0.323
2019-05-25,0.33
2019-05-26,0.337
2019-05-27,0.345
2019-05-28,0.352
2019-05-29,0.359
2019-05-30,0.367
2019-05-31,0.374
2019-06-01,0.381
2019-06-02,0.377
2019-06-03,0.372
2019-06-04,0.367
2019-06-05,0.363
2019-06-06,0.358
2019-06-07,0.354
2019-06-08,0.349
2019-06-09,0.344
2019-06-10,0.34
2019-06-11,0.335
2019-06-12,0.331
2019-06-13,0.326
2019-06-14,0.321
2019-06-15,0.317
2019-06-16,0.312
2019-06-17,0.308
2019-06-18,0.31
2019-06-19,0.312
2019-06-20,0.314
2019-06-21,0.316
2019-06-22,0.319
2019-06-23,0.321
2019-06-24,0.323
2019-06-25,0.325
2019-06-26,0.327
2019-06-27,0.33
2019-06-28,0.332
2019-06-29,0.334
2019-06-30,0.336
2019-07-01,0.338
2019-07-02,0.341
2019-07-03,0.343
2019-07-04,0.324
2019-07-05,0.305
2019-07-06,0.285
2019-07-07,0.266
2019-07-08,0.247
2019-07-09,0.228
2019-07-10,0.209
2019-07-11,0.19
2019-07-12,0.196
2019-07-13,0.202
2019-07-14,0.209
2019-07-15,0.215
2019-07-16,0.221
2019-07-17,0.227
2019-07-18,0.233
2019-07-19,0.24
2019-07-20,0.251
2019-07-21,0.262
2019-07-22,0.273
2019-07-23,0.285
2019-07-24,0.296
2019-07-25,0.307
2019-07-26,0.318
2019-07-27,0.33
2019-07-28,0.312
2019-07-29,0.295
2019-07-30,0.277
2019-07-31,0.26
2019-08-01,0.242
2019-08-02,0.225
2019-08-03,0.207
2019-08-04,0.19
2019-08-05,0.193
2019-08-06,0.196
2019-08-07,0.199
2019-08-08,0.203
2019-08-09,0.206
2019-08-10,0.209
2019-08-11,0.212
2019-08-12,0.216
2019-08-13,0.219
2019-08-14,0.222
2019-08-15,0.225
2019-08-16,0.228
2019-08-17,0.232
2019-08-18,0.235
2019-08-19,0.238
2019-08-20,0.241
2019-08-21,0.242
2019-08-22,0.243
2019-08-23,0.244
2019-08-24,0.245
2019-08-25,0.246
2019-08-26,0.246
2019-08-27,0.247
2019-08-28,0.248
2019-08-29,0.249
2019-08-30,0.25
2019-08-31,0.251
2019-09-01,0.252
2019-09-02,0.253
2019-09-03,0.253
2019-09-04,0.254
2019-09-05,0.255
2019-09-06,0.24
2019-09-07,0.225
2019-09-08,0.209
2019-09-09,0.194
2019-09-10,0.179
2019-09-11,0.163
2019-09-12,0.148
2019-09-13,0.133
2019-09-14,0.152
2019-09-15,0.172
2019-09-16,0.192
2019-09-17,0.212
2019-09-18,0.231
2019-09-19,0.251
2019-09-20,0.271
2019-09-21,0.29
2019-09-22,0.28
2019-09-23,0.269
2019-09-24,0.258
2019-09-25,0.247
2019-09-26,0.236
2019-09-27,0.226
2019-09-28,0.215
2019-09-29,0.204
2019-09-30,0.205
2019-10-01,0.205
2019-10-02,0.206
2019-10-03,0.206
2019-10-04,0.207
2019-10-05,0.207
2019-10-06,0.208
2019-10-07,0.208
2019-10-08,0.198
2019-10-09,0.187
2019-10-10,0.177
2019-10-11,0.166
2019-10-12,0.156
2019-10-13,0.145
2019-10-14,0.135
2019-10-15,0.124
2019-10-16,0.136
2019-10-17,0.148
2019-10-18,0.16
2019-10-19,0.173
2019-10-20,0.185
2019-10-21,0.197
2019-10-22,0.209
2019-10-23,0.221
2019-10-24,0.212
2019-10-25,0.203
2019-10-26,0.194
2019-10-27,0.185
2019-10-28,0.176
2019-10-29,0.167
2019-10-30,0.158
2019-10-31,0.148
2019-11-01,0.171
2019-11-02,0.193
2019-11-03,0.215
2019-11-04,0.238
2019-11-05,0.26
2019-11-06,0.282
2019-11-07,0.304
2019-11-08,0.327
2019-11-09,0.318
2019-11-10,0.31
2019-11-11,0.302
2019-11-12,0.294
2019-11-13,0.285
2019-11-14,0.277
2019-11-15,0.269
2019-11-16,0.261
2019-11-17,0.252
2019-11-18,0.244
2019-11-19,0.236
2019-11-20,0.228
2019-11-21,0.22
2019-11-22,0.211
2019-11-23,0.203
2019-11-24,0.195
2019-11-25,0.22
2019-11-26,0.245
2019-11-27,0.27
2019-11-28,0.295
2019-11-29,0.32
2019-11-30,0.345
2019-12-01,0.37
2019-12-02,0.395
2019-12-03,0.384
2019-12-04,0.373
2019-12-05,0.362
2019-12-06,0.351
2019-12-07,0.34
2019-12-08,0.329
2019-12-09,0.319
2019-12-10,0.308
2019-12-11,0.303
2019-12-12,0.299
2019-12-13,0.294
2019-12-14,0.29
2019-12-15,0.285
2019-12-16,0.28
2019-12-17,0.276
2019-12-18,0.271
2019-12-19,0.267
2019-12-20,0.262
2019-12-21,0.258
2019-12-22,0.253
2019-12-23,0.249
2019-12-24,0.244
2019-12-25,0.24
2019-12-26,0.235
2019-12-27,0.23
2019-12-28,0.226
2019-12-29,0.221
2019-12-30,0.217
2019-12-31,0.212
2020-01-01,0.208
2020-01-02,0.203
2020-01-03,0.199
2020-01-04,0.177
2020-01-05,0.155
2020-01-06,0.133
2020-01-07,0.111
2020-01-08,0.09
2020-01-09,0.068
2020-01-10,0.046
2020-01-11,0.024
2020-01-12,0.03
2020-01-13,0.036
2020-01-14,0.041
2020-01-15,0.047
2020-01-16,0.052
2020-01-17,0.058
2020-01-18,0.064
2020-01-19,0.069
2020-01-20,0.075
2020-01-21,0.08
2020-01-22,0.086
2020-01-23,0.092
2020-01-24,0.097
2020-01-25,0.103
2020-01-26,0.108
2020-01-27,0.114
2020-01-28,0.1
2020-01-29,0.087
2020-01-30,0.074
2020-01-31,0.06
2020-02-01,0.047
2020-02-02,0.033
2020-02-03,0.02
2020-02-04,0.006
2020-02-05,0.02
2020-02-06,0.033
2020-02-07,0.047
2020-02-08,0.061
2020-02-09,0.074
2020-02-10,0.088
2020-02-11,0.102
2020-02-12,0.115
2020-02-13,0.115
2020-02-14,0.116
2020-02-15,0.116
2020-02-16,0.116
2020-02-17,0.116
2020-02-18,0.116
2020-02-19,0.116
2020-02-20,0.117
2020-02-21,0.117
2020-02-22,0.117
2020-02-23,0.117
2020-02-24,0.117
2020-02-25,0.117
2020-02-26,0.118
2020-02-27,0.118
2020-02-28,0.118
2020-02-29,0.118
2020-03-01,0.118
2020-03-02,0.119
2020-03-03,0.119
2020-03-04,0.119
2020-03-05,0.119
2020-03-06,0.119
2020-03-07,0.119
2020-03-08,0.108
2020-03-09,0.097
2020-03-10,0.086
2020-03-11,0.075
2020-03-12,0.064
2020-03-13,0.053
2020-03-14,0.042
2020-03-15,0.03
2020-03-16,0.059
2020-03-17,0.087
2020-03-18,0.116
2020-03-19,0.144
2020-03-20,0.173
2020-03-21,0.201
2020-03-22,0.229
2020-03-23,0.258
2020-03-24,0.264
2020-03-25,0.27
2020-03-26,0.276
2020-03-27,0.283
2020-03-28,0.289
2020-03-29,0.295
2020-03-30,0.301
2020-03-31,0.307
2020-04-01,0.313
2020-04-02,0.319
2020-04-03,0.326
2020-04-04,0.332
2020-04-05,0.338
2020-04-06,0.344
2020-04-07,0.35
2020-04-08,0.356
2020-04-09,0.333
2020-04-10,0.309
2020-04-11,0.286
2020-04-12,0.262
2020-04-13,0.239
2020-04-14,0.215
2020-04-15,0.192
2020-04-16,0.168
2020-04-17,0.147
2020-04-18,0.126
2020-04-19,0.105
2020-04-20,0.084
2020-04-21,0.063
2020-04-22,0.042
2020-04-23,0.021
2020-04-24,0.0
2020-04-25,0.002
2020-04-26,0.004
2020-04-27,0.006
2020-04-28,0.008
2020-04-29,0.01
2020-04-30,0.012
2020-05-01,0.014
2020-05-02,0.016
2020-05-03,0.023
2020-05-04,0.029
2020-05-05,0.036
2020-05-06,0.042
2020-05-07,0.049
2020-05-08,0.055
2020-05-09,0.062
2020-05-10,0.068
2020-05-11,0.063
2020-05-12,0.058
2020-05-13,0.053
2020-05-14,0.049
2020-05-15,0.044
2020-05-16,0.039
2020-05-17,0.034
2020-05-18,0.029
2020-05-19,0.031
2020-05-20,0.034
2020-05-21,0.036
2020-05-22,0.038
2020-05-23,0.04
2020-05-24,0.042
2020-05-25,0.045
2020-05-26,0.047
2020-05-27,0.047
2020-05-28,0.047
2020-05-29,0.047
2020-05-30,0.047
2020-05-31,0.047
2020-06-01,0.047
2020-06-02,0.047
2020-06-03,0.047
2020-06-04,0.051
2020-06-05,0.055
2020-06-06,0.059
2020-06-07,0.063
2020-06-08,0.067
2020-06-09,0.071
2020-06-10,0.075
2020-06-11,0.079
2020-06-12,0.096
2020-06-13,0.113
2020-06-14,0.13
2020-06-15,0.147
2020-06-16,0.164
2020-06-17,0.181
2020-06-18,0.197
2020-06-19,0.214
2020-06-20,0.218
2020-06-21,0.223
2020-06-22,0.227
2020-06-23,0.231
2020-06-24,0.235
2020-06-25,0.24
2020-06-26,0.244
2020-06-27,0.248
2020-06-28,0.245
2020-06-29,0.241
2020-06-30,0.238
2020-07-01,0.235
2020-07-02,0.231
2020-07-03,0.228
2020-07-04,0.225
2020-07-05,0.221
2020-07-06,0.205
2020-07-07,0.19
2020-07-08,0.174
2020-07-09,0.158
2020-07-10,0.142
2020-07-11,0.126
2020-07-12,0.111
2020-07-13,0.095
2020-07-14,0.112
2020-07-15,0.13
2020-07-16,0.148
2020-07-17,0.166
2020-07-18,0.183
2020-07-19,0.201
2020-07-20,0.219
2020-07-21,0.237
2020-07-22,0.229
2020-07-23,0.222
2020-07-24,0.215
2020-07-25,0.208
2020-07-26,0.201
2020-07-27,0.194
2020-07-28,0.187
2020-07-29,0.18
2020-07-30,0.173
2020-07-31,0.166
2020-08-01,0.159
2020-08-02,0.152
2020-08-03,0.145
2020-08-04,0.138
2020-08-05,0.131
2020-08-06,0.124
2020-08-07,0.122
2020-08-08,0.12
2020-08-09,0.119
2020-08-10,0.117
2020-08-11,0.115
2020-08-12,0.113
2020-08-13,0.112
2020-08-14,0.11
2020-08-15,0.125
2020-08-16,0.141
2020-08-17,0.156
2020-08-18,0.172
2020-08-19,0.187
2020-08-20,0.202
2020-08-21,0.218
2020-08-22,0.233
2020-08-23,0.224
2020-08-24,0.214
2020-08-25,0.205
2020-08-26,0.196
2020-08-27,0.186
2020-08-28,0.177
2020-08-29,0.167
2020-08-30,0.158
2020-08-31,0.184
2020-09-01,0.21
2020-09-02,0.235
2020-09-03,0.261
2020-09-04,0.287
2020-09-05,0.313
2020-09-06,0.338
2020-09-07,0.364
2020-09-08,0.34
2020-09-09,0.315
2020-09-10,0.291
2020-09-11,0.267
2020-09-12,0.243
2020-09-13,0.218
2020-09-14,0.194
2020-09-15,0.17
2020-09-16,0.182
2020-09-17,0.195
2020-09-18,0.207
2020-09-19,0.22
2020-09-20,0.232
2020-09-21,0.245
2020-09-22,0.257
2020-09-23,0.27
2020-09-24,0.263
2020-09-25,0.256
2020-09-26,0.249
2020-09-27,0.241
2020-09-28,0.234
2020-09-29,0.227
2020-09-30,0.22
2020-10-01,0.213
2020-10-02,0.206
2020-10-03,0.199
2020-10-04,0.191
2020-10-05,0.184
2020-10-06,0.177
2020-10-07,0.17
2020-10-08,0.163
2020-10-09,0.156
2020-10-10,0.151
2020-10-11,0.147
2020-10-12,0.143
2020-10-13,0.139
2020-10-14,0.134
2020-10-15,0.13
2020-10-16,0.126
2020-10-17,0.121
2020-10-18,0.122
2020-10-19,0.123
2020-10-20,0.123
2020-10-21,0.124
2020-10-22,0.124
2020-10-23,0.125
2020-10-24,0.126
2020-10-25,0.126
2020-10-26,0.133
2020-10-27,0.139
2020-10-28,0.146
2020-10-29,0.152
2020-10-30,0.158
2020-10-31,0.165
2020-11-01,0.171
2020-11-02,0.178
2020-11-03,0.175
2020-11-04,0.171
2020-11-05,0.168
2020-11-06,0.165
2020-11-07,0.162
2020-11-08,0.159
2020-11-09,0.155
2020-11-10,0.152
2020-11-11,0.152
2020-11-12,0.152
2020-11-13,0.151
2020-11-14,0.151
2020-11-15,0.151
2020-11-16,0.15
2020-11-17,0.15
2020-11-18,0.15
2020-11-19,0.149
2020-11-20,0.147
2020-11-21,0.146
2020-11-22,0.145
2020-11-23,0.144
2020-11-24,0.143
2020-11-25,0.142
2020-11-26,0.141
2020-11-27,0.136
2020-11-28,0.131
2020-11-29,0.126
2020-11-30,0.12
2020-12-01,0.115
2020-12-02,0.11
2020-12-03,0.105
2020-12-04,0.1
2020-12-05,0.127
2020-12-06,0.155
2020-12-07,0.183
2020-12-08,0.21
2020-12-09,0.238
2020-12-10,0.266
2020-12-11,0.293
2020-12-12,0.321
2020-12-13,0.294
2020-12-14,0.267
2020-12-15,0.24
2020-12-16,0.212
2020-12-17,0.185
2020-12-18,0.158
2020-12-19,0.131
2020-12-20,0.104
2020-12-21,0.108
2020-12-22,0.112
2020-12-23,0.116
2020-12-24,0.12
2020-12-25,0.124
2020-12-26,0.128
2020-12-27,0.132
2020-12-28,0.136
2020-12-29,0.14
2020-12-30,0.144
2020-12-31,0.148
2021-01-01,0.152
2021-01-02,0.156
2021-01-03,0.16
2021-01-04,0.164
2021-01-05,0.168
2021-01-06,0.166
2021-01-07,0.165
2021-01-08,0.163
2021-01-09,0.161
2021-01-10,0.159
2021-01-11,0.157
2021-01-12,0.155
2021-01-13,0.153
2021-01-14,0.151
2021-01-15,0.149
2021-01-16,0.148
2021-01-17,0.146
2021-01-18,0.144
2021-01-19,0.142
2021-01-20,0.14
2021-01-21,0.138
2021-01-22,0.155
2021-01-23,0.171
2021-01-24,0.188
2021-01-25,0.204
2021-01-26,0.221
2021-01-27,0.237
2021-01-28,0.254
2021-01-29,0.27
2021-01-30,0.254
2021-01-31,0.239
2021-02-01,0.223
2021-02-02,0.207
2021-02-03,0.191
2021-02-04,0.175
2021-02-05,0.159
2021-02-06,0.144
2021-02-07,0.137
2021-02-08,0.131
2021-02-09,0.125
2021-02-10,0.118
2021-02-11,0.112
2021-02-12,0.106
2021-02-13,0.099
2021-02-14,0.093
2021-02-15,0.087
2021-02-16,0.081
2021-02-17,0.074
2021-02-18,0.068
2021-02-19,0.062
2021-02-20,0.055
2021-02-21,0.049
2021-02-22,0.043
2021-02-23,0.047
2021-02-24,0.052
2021-02-25,0.057
2021-02-26,0.061
2021-02-27,0.066
2021-02-28,0.071
2021-03-01,0.075
2021-03-02,0.08
2021-03-03,0.07
2021-03-04,0.061
2021-03-05,0.051
2021-03-06,0.042
2021-03-07,0.032
2021-03-08,0.022
2021-03-09,0.013
2021-03-10,0.003
2021-03-11,0.03
2021-03-12,0.058
2021-03-13,0.085
2021-03-14,0.112
2021-03-15,0.14
2021-03-16,0.167
2021-03-17,0.194
2021-03-18,0.221
2021-03-19,0.22
2021-03-20,0.219
2021-03-21,0.218
2021-03-22,0.217
2021-03-23,0.216
2021-03-24,0.214
2021-03-25,0.213
2021-03-26,0.212
2021-03-27,0.211
2021-03-28,0.21
2021-03-29,0.209
2021-03-30,0.207
2021-03-31,0.206
2021-04-01,0.205
2021-04-02,0.204
2021-04-03,0.203
2021-04-04,0.2
2021-04-05,0.197
2021-04-06,0.194
2021-04-07,0.191
2021-04-08,0.189
2021-04-09,0.186
2021-04-10,0.183
2021-04-11,0.18
2021-04-12,0.177
2021-04-13,0.174
2021-04-14,0.171
2021-04-15,0.169
2021-04-16,0.166
2021-04-17,0.163
2021-04-18,0.16
2021-04-19,0.157
2021-04-20,0.159
2021-04-21,0.16
2021-04-22,0.162
2021-04-23,0.163
2021-04-24,0.164
2021-04-25,0.166
2021-04-26,0.167
2021-04-27,0.169
2021-04-28,0.17
2021-04-29,0.172
2021-04-30,0.173
2021-05-01,0.175
2021-05-02,0.176
2021-05-03,0.178
2021-05-04,0.179
2021-05-05,0.181
2021-05-06,0.176
2021-05-07,0.171
2021-05-08,0.166
2021-05-09,0.161
2021-05-10,0.157
2021-05-11,0.152
2021-05-12,0.147
2021-05-13,0.142
2021-05-14,0.131
2021-05-15,0.119
2021-05-16,0.108
2021-05-17,0.097
2021-05-18,0.085
2021-05-19,0.074
2021-05-20,0.063
2021-05-21,0.051
2021-05-22,0.054
2021-05-23,0.056
2021-05-24,0.059
2021-05-25,0.061
2021-05-26,0.064
2021-05-27,0.066
2021-05-28,0.069
2021-05-29,0.071
2021-05-30,0.072
2021-05-31,0.073
2021-06-01,0.074
2021-06-02,0.074
2021-06-03,0.075
2021-06-04,0.076
2021-06-05,0.077
2021-06-06,0.078
2021-06-07,0.075
2021-06-08,0.071
2021-06-09,0.068
2021-06-10,0.065
2021-06-11,0.062
2021-06-12,0.059
2021-06-13,0.056
2021-06-14,0.053
2021-06-15,0.053
2021-06-16,0.053
2021-06-17,0.052
2021-06-18,0.052
2021-06-19,0.052
2021-06-20,0.051
2021-06-21,0.051
2021-06-22,0.051
2021-06-23,0.05
2021-06-24,0.05
2021-06-25,0.05
2021-06-26,0.049
2021-06-27,0.049
2021-06-28,0.048
2021-06-29,0.048
2021-06-30,0.048
2021-07-01,0.062
2021-07-02,0.076
2021-07-03,0.089
2021-07-04,0.103
2021-07-05,0.117
2021-07-06,0.131
2021-07-07,0.145
2021-07-08,0.159
2021-07-09,0.149
2021-07-10,0.139
2021-07-11,0.129
2021-07-12,0.118
2021-07-13,0.108
2021-07-14,0.098
2021-07-15,0.088
2021-07-16,0.078
2021-07-17,0.083
2021-07-18,0.089
2021-07-19,0.094
2021-07-20,0.099
2021-07-21,0.105
2021-07-22,0.11
2021-07-23,0.115
2021-07-24,0.121
2021-07-25,0.126
2021-07-26,0.131
2021-07-27,0.136
2021-07-28,0.142
2021-07-29,0.147
2021-07-30,0.152
2021-07-31,0.158
2021-08-01,0.163
2021-08-02,0.168
2021-08-03,0.174
2021-08-04,0.179
2021-08-05,0.184
2021-08-06,0.19
2021-08-07,0.195
2021-08-08,0.2
2021-08-09,0.206
2021-08-10,0.197
2021-08-11,0.189
2021-08-12,0.181
2021-08-13,0.172
2021-08-14,0.164
2021-08-15,0.156
2021-08-16,0.147
2021-08-17,0.139
2021-08-18,0.13
2021-08-19,0.122
2021-08-20,0.114
2021-08-21,0.105
2021-08-22,0.097
2021-08-23,0.089
2021-08-24,0.08
2021-08-25,0.072
2021-08-26,0.078
2021-08-27,0.084
2021-08-28,0.09
2021-08-29,0.096
2021-08-30,0.102
2021-08-31,0.108
2021-09-01,0.114
2021-09-02,0.119
2021-09-03,0.125
2021-09-04,0.131
2021-09-05,0.137
2021-09-06,0.143
2021-09-07,0.149
2021-09-08,0.155
2021-09-09,0.161
2021-09-10,0.167
2021-09-11,0.165
2021-09-12,0.163
2021-09-13,0.161
2021-09-14,0.159
2021-09-15,0.157
2021-09-16,0.155
2021-09-17,0.153
2021-09-18,0.151
2021-09-19,0.149
2021-09-20,0.147
2021-09-21,0.145
2021-09-22,0.143
2021-09-23,0.141
2021-09-24,0.139
2021-09-25,0.137
2021-09-26,0.135
2021-09-27,0.135
2021-09-28,0.135
2021-09-29,0.135
2021-09-30,0.135
2021-10-01,0.134
2021-10-02,0.134
2021-10-03,0.134
2021-10-04,0.134
2021-10-05,0.134
2021-10-06,0.133
2021-10-07,0.133
2021-10-08,0.133
2021-10-09,0.133
2021-10-10,0.133
2021-10-11,0.133
2021-10-12,0.132
2021-10-13,0.133
2021-10-14,0.134
2021-10-15,0.134
2021-10-16,0.135
2021-10-17,0.135
2021-10-18,0.136
2021-10-19,0.137
2021-10-20,0.137
2021-10-21,0.138
2021-10-22,0.139
2021-10-23,0.139
2021-10-24,0.14
2021-10-25,0.14
2021-10-26,0.141
2021-10-27,0.142
2021-10-28,0.142
2021-10-29,0.145
2021-10-30,0.148
2021-10-31,0.151
2021-11-01,0.153
2021-11-02,0.156
2021-11-03,0.159
2021-11-04,0.162
2021-11-05,0.165
2021-11-06,0.16
2021-11-07,0.156
2021-11-08,0.152
2021-11-09,0.148
2021-11-10,0.143
2021-11-11,0.139
2021-11-12,0.135
2021-11-13,0.13
2021-11-14,0.118
2021-11-15,0.105
2021-11-16,0.093
2021-11-17,0.08
2021-11-18,0.068
2021-11-19,0.055
2021-11-20,0.043
2021-11-21,0.031
2021-11-22,0.043
2021-11-23,0.055
2021-11-24,0.067
2021-11-25,0.079
2021-11-26,0.091
2021-11-27,0.103
2021-11-28,0.115
2021-11-29,0.127
2021-11-30,0.124
2021-12-01,0.121
2021-12-02,0.117
2021-12-03,0.114
2021-12-04,0.11
2021-12-05,0.107
2021-12-06,0.104
2021-12-07,0.1
2021-12-08,0.097
2021-12-09,0.093
2021-12-10,0.09
2021-12-11,0.086
2021-12-12,0.083
2021-12-13,0.08
2021-12-14,0.076
2021-12-15,0.073
2021-12-16,0.072
2021-12-17,0.072
2021-12-18,0.071
2021-12-19,0.07
2021-12-20,0.07
2021-12-21,0.069
2021-12-22,0.068
2021-12-23,0.068
2021-12-24,0.063
2021-12-25,0.059
2021-12-26,0.055
2021-12-27,0.051
2021-12-28,0.047
2021-12-29,0.042
2021-12-30,0.038
2021-12-31,0.034
2022-01-01,0.05
2022-01-02,0.067
2022-01-03,0.083
2022-01-04,0.1
2022-01-05,0.116
2022-01-06,0.132
2022-01-07,0.149
2022-01-08,0.165
2022-01-09,0.162
2022-01-10,0.16
2022-01-11,0.157
2022-01-12,0.155
2022-01-13,0.152
2022-01-14,0.149
2022-01-15,0.147
2022-01-16,0.144
2022-01-17,0.138
2022-01-18,0.132
2022-01-19,0.127
2022-01-20,0.121
2022-01-21,0.115
2022-01-22,0.109
2022-01-23,0.103
2022-01-24,0.097
2022-01-25,0.091
2022-01-26,0.085
2022-01-27,0.08
2022-01-28,0.074
2022-01-29,0.068
2022-01-30,0.062
2022-01-31,0.056
2022-02-01,0.05
2022-02-02,0.044
2022-02-03,0.039
2022-02-04,0.033
2022-02-05,0.027
2022-02-06,0.021
2022-02-07,0.015
2022-02-08,0.009
2022-02-09,0.003
2022-02-10,0.009
2022-02-11,0.015
2022-02-12,0.021
2022-02-13,0.027
2022-02-14,0.033
2022-02-15,0.04
2022-02-16,0.046
2022-02-17,0.052
2022-02-18,0.054
2022-02-19,0.056
2022-02-20,0.059
2022-02-21,0.061
2022-02-22,0.063
2022-02-23,0.066
2022-02-24,0.068
2022-02-25,0.071
2022-02-26,0.073
2022-02-27,0.075
2022-02-28,0.078
2022-03-01,0.08
2022-03-02,0.082
2022-03-03,0.085
2022-03-04,0.087
2022-03-05,0.09
2022-03-06,0.084
2022-03-07,0.078
2022-03-08,0.073
2022-03-09,0.067
2022-03-10,0.062
2022-03-11,0.056
2022-03-12,0.051
2022-03-13,0.045
2022-03-14,0.039
2022-03-15,0.034
2022-03-16,0.028
2022-03-17,0.023
2022-03-18,0.017
2022-03-19,0.012
2022-03-20,0.006
2022-03-21,0.0
2022-03-22,0.049
2022-03-23,0.097
2022-03-24,0.145
2022-03-25,0.193
2022-03-26,0.242
2022-03-27,0.29
2022-03-28,0.338
2022-03-29,0.386
2022-03-30,0.349
2022-03-31,0.312
2022-04-01,0.275
2022-04-02,0.238
2022-04-03,0.201
2022-04-04,0.163
2022-04-05,0.126
2022-04-06,0.089
2022-04-07,0.095
2022-04-08,0.1
2022-04-09,0.106
2022-04-10,0.112
2022-04-11,0.117
2022-04-12,0.123
2022-04-13,0.128
2022-04-14,0.134
2022-04-15,0.128
2022-04-16,0.121
2022-04-17,0.115
2022-04-18,0.108
2022-04-19,0.102
2022-04-20,0.096
2022-04-21,0.089
2022-04-22,0.083
2022-04-23,0.083
2022-04-24,0.083
2022-04-25,0.083
2022-04-26,0.083
2022-04-27,0.083
2022-04-28,0.082
2022-04-29,0.082
2022-04-30,0.082
2022-05-01,0.079
2022-05-02,0.075
2022-05-03,0.071
2022-05-04,0.067
2022-05-05,0.064
2022-05-06,0.06
2022-05-07,0.056
2022-05-08,0.053
2022-05-09,0.059
2022-05-10,0.065
2022-05-11,0.071
2022-05-12,0.077
2022-05-13,0.084
2022-05-14,0.09
2022-05-15,0.096
2022-05-16,0.102
2022-05-17,0.104
2022-05-18,0.105
2022-05-19,0.107
2022-05-20,0.108
2022-05-21,0.11
2022-05-22,0.111
2022-05-23,0.113
2022-05-24,0.114
2022-05-25,0.103
2022-05-26,0.091
2022-05-27,0.079
2022-05-28,0.067
2022-05-29,0.056
2022-05-30,0.044
2022-05-31,0.032
2022-06-01,0.021
2022-06-02,0.038
2022-06-03,0.055
2022-06-04,0.072
2022-06-05,0.089
2022-06-06,0.106
2022-06-07,0.123
2022-06-08,0.14
2022-06-09,0.157
2022-06-10,0.148
2022-06-11,0.138
2022-06-12,0.128
2022-06-13,0.119
2022-06-14,0.109
2022-06-15,0.1
2022-06-16,0.09
2022-06-17,0.081
2022-06-18,0.089
2022-06-19,0.097
2022-06-20,0.105
2022-06-21,0.113
2022-06-22,0.121
2022-06-23,0.129
2022-06-24,0.137
2022-06-25,0.145
2022-06-26,0.143
2022-06-27,0.141
2022-06-28,0.139
2022-06-29,0.137
2022-06-30,0.135
2022-07-01,0.133
2022-07-02,0.131
2022-07-03,0.129
2022-07-04,0.143
2022-07-05,0.157
2022-07-06,0.171
2022-07-07,0.185
2022-07-08,0.199
2022-07-09,0.213
2022-07-10,0.227
2022-07-11,0.241
2022-07-12,0.222
2022-07-13,0.204
2022-07-14,0.185
2022-07-15,0.166
2022-07-16,0.148
2022-07-17,0.129
2022-07-18,0.11
2022-07-19,0.092
2022-07-20,0.091
2022-07-21,0.091
2022-07-22,0.09
2022-07-23,0.09
2022-07-24,0.089
2022-07-25,0.089
2022-07-26,0.088
2022-07-27,0.088
2022-07-28,0.087
2022-07-29,0.086
2022-07-30,0.086
2022-07-31,0.085
2022-08-01,0.085
2022-08-02,0.084
2022-08-03,0.084
2022-08-04,0.083
2022-08-05,0.083
2022-08-06,0.082
2022-08-07,0.082
2022-08-08,0.081
2022-08-09,0.081
2022-08-10,0.08
2022-08-11,0.08
2022-08-12,0.079
2022-08-13,0.099
2022-08-14,0.119
2022-08-15,0.139
2022-08-16,0.159
2022-08-17,0.179
2022-08-18,0.199
2022-08-19,0.219
2022-08-20,0.239
2022-08-21,0.232
2022-08-22,0.225
2022-08-23,0.218
2022-08-24,0.211
2022-08-25,0.204
2022-08-26,0.197
2022-08-27,0.19
2022-08-28,0.183
2022-08-29,0.179
2022-08-30,0.175
2022-08-31,0.171
2022-09-01,0.167
2022-09-02,0.162
2022-09-03,0.158
2022-09-04,0.154
2022-09-05,0.15
2022-09-06,0.148
2022-09-07,0.146
2022-09-08,0.144
2022-09-09,0.141
2022-09-10,0.139
2022-09-11,0.137
2022-09-12,0.135
2022-09-13,0.133
2022-09-14,0.132
2022-09-15,0.132
2022-09-16,0.131
2022-09-17,0.13
2022-09-18,0.13
2022-09-19,0.129
2022-09-20,0.128
2022-09-21,0.128
2022-09-22,0.136
2022-09-23,0.145
2022-09-24,0.154
2022-09-25,0.163
2022-09-26,0.172
2022-09-27,0.181
2022-09-28,0.19
2022-09-29,0.198
2022-09-30,0.21
2022-10-01,0.222
2022-10-02,0.233
2022-10-03,0.245
2022-10-04,0.257
2022-10-05,0.268
2022-10-06,0.28
2022-10-07,0.291
2022-10-08,0.284
2022-10-09,0.276
2022-10-10,0.268
2022-10-11,0.26
2022-10-12,0.253
2022-10-13,0.245
2022-10-14,0.237
2022-10-15,0.229
2022-10-16,0.222
2022-10-17,0.214
2022-10-18,0.206
2022-10-19,0.198
2022-10-20,0.191
2022-10-21,0.183
2022-10-22,0.175
2022-10-23,0.167
2022-10-24,0.163
2022-10-25,0.159
2022-10-26,0.155
2022-10-27,0.15
2022-10-28,0.146
2022-10-29,0.142
2022-10-30,0.138
2022-10-31,0.133
2022-11-01,0.129
2022-11-02,0.125
2022-11-03,0.121
2022-11-04,0.116
2022-11-05,0.112
2022-11-06,0.108
2022-11-07,0.103
2022-11-08,0.099
2022-11-09,0.095
2022-11-10,0.091
2022-11-11,0.086
2022-11-12,0.082
2022-11-13,0.078
2022-11-14,0.074
2022-11-15,0.069
2022-11-16,0.065
2022-11-17,0.074
2022-11-18,0.083
2022-11-19,0.093
2022-11-20,0.102
2022-11-21,0.111
2022-11-22,0.12
2022-11-23,0.129
2022-11-24,0.138
2022-11-25,0.146
2022-11-26,0.153
2022-11-27,0.16
2022-11-28,0.167
2022-11-29,0.174
2022-11-30,0.182
2022-12-01,0.189
2022-12-02,0.196
2022-12-03,0.203
2022-12-04,0.211
2022-12-05,0.218
2022-12-06,0.225
2022-12-07,0.232
2022-12-08,0.239
2022-12-09,0.247
2022-12-10,0.254
2022-12-11,0.249
2022-12-12,0.244
2022-12-13,0.238
2022-12-14,0.233
2022-12-15,0.228
2022-12-16,0.223
2022-12-17,0.218
2022-12-18,0.213
2022-12-19,0.215
2022-12-20,0.217
2022-12-21,0.219
2022-12-22,0.22
2022-12-23,0.222
2022-12-24,0.224
2022-12-25,0.226
2022-12-26,0.228
2022-12-27,0.252
2022-12-28,0.276
2022-12-29,0.3
2022-12-30,0.325
2022-12-31,0.349
2023-01-01,0.373
2023-01-02,0.397
2023-01-03,0.421
2023-01-04,0.411
2023-01-05,0.401
2023-01-06,0.391
2023-01-07,0.381
2023-01-08,0.371
2023-01-09,0.361
2023-01-10,0.351
2023-01-11,0.341
2023-01-12,0.331
2023-01-13,0.321
2023-01-14,0.311
2023-01-15,0.301
2023-01-16,0.291
2023-01-17,0.281
2023-01-18,0.271
2023-01-19,0.261
2023-01-20,0.256
2023-01-21,0.252
2023-01-22,0.247
2023-01-23,0.242
2023-01-24,0.237
2023-01-25,0.232
2023-01-26,0.227
2023-01-27,0.222
2023-01-28,0.198
2023-01-29,0.173
2023-01-30,0.148
2023-01-31,0.124
2023-02-01,0.099
2023-02-02,0.074
2023-02-03,0.05
2023-02-04,0.025
2023-02-05,0.034
2023-02-06,0.043
2023-02-07,0.051
2023-02-08,0.06
2023-02-09,0.069
2023-02-10,0.078
2023-02-11,0.087
2023-02-12,0.096
2023-02-13,0.127
2023-02-14,0.157
2023-02-15,0.188
2023-02-16,0.219
2023-02-17,0.25
2023-02-18,0.281
2023-02-19,0.312
2023-02-20,0.343
2023-02-21,0.322
2023-02-22,0.301
2023-02-23,0.279
2023-02-24,0.258
2023-02-25,0.237
2023-02-26,0.216
2023-02-27,0.194
2023-02-28,0.173
2023-03-01,0.152
2023-03-02,0.131
2023-03-03,0.109
2023-03-04,0.088
2023-03-05,0.067
2023-03-06,0.046
2023-03-07,0.024
2023-03-08,0.003
2023-03-09,0.033
2023-03-10,0.063
2023-03-11,0.093
2023-03-12,0.123
2023-03-13,0.153
2023-03-14,0.183
2023-03-15,0.213
2023-03-16,0.243
2023-03-17,0.234
2023-03-18,0.226
2023-03-19,0.218
2023-03-20,0.209
2023-03-21,0.201
2023-03-22,0.192
2023-03-23,0.184
2023-03-24,0.175
2023-03-25,0.162
2023-03-26,0.149
2023-03-27,0.137
2023-03-28,0.124
2023-03-29,0.111
2023-03-30,0.098
2023-03-31,0.085
2023-04-01,0.072
2023-04-02,0.077
2023-04-03,0.083
2023-04-04,0.088
2023-04-05,0.093
2023-04-06,0.099
2023-04-07,0.104
2023-04-08,0.109
2023-04-09,0.115
2023-04-10,0.109
2023-04-11,0.104
2023-04-12,0.098
2023-04-13,0.093
2023-04-14,0.087
2023-04-15,0.082
2023-04-16,0.076
2023-04-17,0.071
2023-04-18,0.071
2023-04-19,0.071
2023-04-20,0.072
2023-04-21,0.072
2023-04-22,0.073
2023-04-23,0.073
2023-04-24,0.073
2023-04-25,0.074
2023-04-26,0.073
2023-04-27,0.072
2023-04-28,0.072
2023-04-29,0.071
2023-04-30,0.07
2023-05-01,0.07
2023-05-02,0.069
2023-05-03,0.068
2023-05-04,0.071
2023-05-05,0.074
2023-05-06,0.077
2023-05-07,0.08
2023-05-08,0.082
2023-05-09,0.085
2023-05-10,0.088
2023-05-11,0.091
2023-05-12,0.09
2023-05-13,0.089
2023-05-14,0.088
2023-05-15,0.087
2023-05-16,0.086
2023-05-17,0.085
2023-05-18,0.084
2023-05-19,0.083
2023-05-20,0.086
2023-05-21,0.088
2023-05-22,0.091
2023-05-23,0.093
2023-05-24,0.096
2023-05-25,0.098
2023-05-26,0.101
2023-05-27,0.103
2023-05-28,0.108
2023-05-29,0.112
2023-05-30,0.116
2023-05-31,0.121
2023-06-01,0.125
2023-06-02,0.13
2023-06-03,0.134
2023-06-04,0.138
2023-06-05,0.136
2023-06-06,0.134
2023-06-07,0.132
2023-06-08,0.13
2023-06-09,0.128
2023-06-10,0.126
2023-06-11,0.124
2023-06-12,0.122
2023-06-13,0.107
2023-06-14,0.093
2023-06-15,0.079
2023-06-16,0.065
2023-06-17,0.051
2023-06-18,0.037
2023-06-19,0.023
2023-06-20,0.009
2023-06-21,0.012
2023-06-22,0.015
2023-06-23,0.019
2023-06-24,0.022
2023-06-25,0.025
2023-06-26,0.028
2023-06-27,0.032
2023-06-28,0.035
2023-06-29,0.038
2023-06-30,0.041
2023-07-01,0.045
2023-07-02,0.048
2023-07-03,0.052
2023-07-04,0.055
2023-07-05,0.058
2023-07-06,0.062
2023-07-07,0.069
2023-07-08,0.076
2023-07-09,0.084
2023-07-10,0.091
2023-07-11,0.099
2023-07-12,0.106
2023-07-13,0.114
2023-07-14,0.121
2023-07-15,0.121
2023-07-16,0.12
2023-07-17,0.12
2023-07-18,0.12
2023-07-19,0.12
2023-07-20,0.119
2023-07-21,0.119
2023-07-22,0.119
2023-07-23,0.119
2023-07-24,0.118
2023-07-25,0.118
2023-07-26,0.118
2023-07-27,0.118
2023-07-28,0.117
2023-07-29,0.117
2023-07-30,0.117
2023-07-31,0.117
2023-08-01,0.116
2023-08-02,0.116
2023-08-03,0.116
2023-08-04,0.116
2023-08-05,0.115
2023-08-06,0.115
2023-08-07,0.115
2023-08-08,0.12
2023-08-09,0.125
2023-08-10,0.13
2023-08-11,0.136
2023-08-12,0.141
2023-08-13,0.146
2023-08-14,0.151
2023-08-15,0.156
2023-08-16,0.152
2023-08-17,0.148
2023-08-18,0.143
2023-08-19,0.139
2023-08-20,0.135
2023-08-21,0.131
2023-08-22,0.127
2023-08-23,0.122
2023-08-24,0.139
2023-08-25,0.155
2023-08-26,0.172
2023-08-27,0.188
2023-08-28,0.204
2023-08-29,0.221
2023-08-30,0.237
2023-08-31,0.254
2023-09-01,0.252
2023-09-02,0.25
2023-09-03,0.247
2023-09-04,0.245
2023-09-05,0.243
2023-09-06,0.241
2023-09-07,0.239
2023-09-08,0.237
2023-09-09,0.228
2023-09-10,0.219
2023-09-11,0.21
2023-09-12,0.201
2023-09-13,0.192
2023-09-14,0.183
2023-09-15,0.175
2023-09-16,0.166
2023-09-17,0.165
2023-09-18,0.165
2023-09-19,0.164
2023-09-20,0.164
2023-09-21,0.163
2023-09-22,0.163
2023-09-23,0.162
2023-09-24,0.162
2023-09-25,0.161
2023-09-26,0.161
2023-09-27,0.16
2023-09-28,0.16
2023-09-29,0.159
2023-09-30,0.159
2023-10-01,0.158
2023-10-02,0.158
2023-10-03,0.156
2023-10-04,0.154
2023-10-05,0.152
2023-10-06,0.15
2023-10-07,0.148
2023-10-08,0.146
2023-10-09,0.144
2023-10-10,0.142
2023-10-11,0.154
2023-10-12,0.166
2023-10-13,0.177
2023-10-14,0.189
2023-10-15,0.201
2023-10-16,0.213
2023-10-17,0.224
2023-10-18,0.236
2023-10-19,0.231
2023-10-20,0.226
2023-10-21,0.221
2023-10-22,0.216
2023-10-23,0.211
2023-10-24,0.206
2023-10-25,0.201
2023-10-26,0.196
2023-10-27,0.188
2023-10-28,0.181
2023-10-29,0.174
2023-10-30,0.167
2023-10-31,0.16
2023-11-01,0.153
2023-11-02,0.146
2023-11-03,0.139
2023-11-04,0.138
2023-11-05,0.136
2023-11-06,0.135
2023-11-07,0.134
2023-11-08,0.132
2023-11-09,0.131
2023-11-10,0.13
2023-11-11,0.128
2023-11-12,0.149
2023-11-13,0.169
2023-11-14,0.189
2023-11-15,0.21
2023-11-16,0.23
2023-11-17,0.25
2023-11-18,0.27
2023-11-19,0.291
2023-11-20,0.266
2023-11-21,0.242
2023-11-22,0.217
2023-11-23,0.193
2023-11-24,0.169
2023-11-25,0.144
2023-11-26,0.12
2023-11-27,0.095
2023-11-28,0.113
2023-11-29,0.13
2023-11-30,0.147
2023-12-01,0.165
2023-12-02,0.182
2023-12-03,0.199
2023-12-04,0.217
2023-12-05,0.234
2023-12-06,0.238
2023-12-07,0.243
2023-12-08,0.247
2023-12-09,0.251
2023-12-10,0.256
2023-12-11,0.26
2023-12-12,0.264
2023-12-13,0.269
2023-12-14,0.259
2023-12-15,0.25
2023-12-16,0.241
2023-12-17,0.232
2023-12-18,0.223
2023-12-19,0.214
2023-12-20,0.205
2023-12-21,0.196
2023-12-22,0.186
2023-12-23,0.177
2023-12-24,0.168
2023-12-25,0.159
2023-12-26,0.15
2023-12-27,0.141
2023-12-28,0.132
2023-12-29,0.123
2023-12-30,0.113
2023-12-31,0.104
2024-01-01,0.095
2024-01-02,0.086
2024-01-03,0.077
2024-01-04,0.068
2024-01-05,0.059
2024-01-06,0.05
2024-01-07,0.071
2024-01-08,0.092
2024-01-09,0.113
2024-01-10,0.134
2024-01-11,0.155
2024-01-12,0.177
2024-01-13,0.198
2024-01-14,0.219
2024-01-15,0.221
2024-01-16,0.224
2024-01-17,0.226
2024-01-18,0.228
2024-01-19,0.231
2024-01-20,0.233
2024-01-21,0.236
2024-01-22,0.238
2024-01-23,0.24
2024-01-24,0.243
2024-01-25,0.245
2024-01-26,0.248
2024-01-27,0.25
2024-01-28,0.252
2024-01-29,0.255
2024-01-30,0.257
2024-01-31,0.269
2024-02-01,0.281
2024-02-02,0.293
2024-02-03,0.305
2024-02-04,0.317
2024-02-05,0.329
2024-02-06,0.341
2024-02-07,0.353
2024-02-08,0.349
2024-02-09,0.345
2024-02-10,0.34
2024-02-11,0.336
2024-02-12,0.332
2024-02-13,0.327
2024-02-14,0.323
2024-02-15,0.319
2024-02-16,0.305
2024-02-17,0.29
2024-02-18,0.276
2024-02-19,0.262
2024-02-20,0.248
2024-02-21,0.234
2024-02-22,0.219
2024-02-23,0.205
2024-02-24,0.207
2024-02-25,0.209
2024-02-26,0.212
2024-02-27,0.214
2024-02-28,0.216
2024-02-29,0.218
2024-03-01,0.22
2024-03-02,0.222
2024-03-03,0.224
2024-03-04,0.226
2024-03-05,0.228
2024-03-06,0.23
2024-03-07,0.233
2024-03-08,0.235
2024-03-09,0.237
2024-03-10,0.239
2024-03-11,0.243
2024-03-12,0.248
2024-03-13,0.252
2024-03-14,0.257
2024-03-15,0.261
2024-03-16,0.265
2024-03-17,0.27
2024-03-18,0.274
2024-03-19,0.279
2024-03-20,0.283
2024-03-21,0.288
2024-03-22,0.292
2024-03-23,0.297
2024-03-24,0.301
2024-03-25,0.305
2024-03-26,0.31
2024-03-27,0.301
2024-03-28,0.293
2024-03-29,0.285
2024-03-30,0.276
2024-03-31,0.268
2024-04-01,0.259
2024-04-02,0.251
2024-04-03,0.243
2024-04-04,0.236
2024-04-05,0.229
2024-04-06,0.222
2024-04-07,0.215
2024-04-08,0.208
2024-04-09,0.201
2024-04-10,0.194
2024-04-11,0.187
2024-04-12,0.19
2024-04-13,0.192
2024-04-14,0.195
2024-04-15,0.198
2024-04-16,0.201
2024-04-17,0.204
2024-04-18,0.207
2024-04-19,0.21
2024-04-20,0.206
2024-04-21,0.203
2024-04-22,0.2
2024-04-23,0.197
2024-04-24,0.194
2024-04-25,0.19
2024-04-26,0.187
2024-04-27,0.184
2024-04-28,0.171
2024-04-29,0.158
2024-04-30,0.144
2024-05-01,0.131
2024-05-02,0.118
2024-05-03,0.105
2024-05-04,0.091
2024-05-05,0.078
2024-05-06,0.087
2024-05-07,0.096
2024-05-08,0.106
2024-05-09,0.115
2024-05-10,0.124
2024-05-11,0.133
2024-05-12,0.142
2024-05-13,0.151
2024-05-14,0.153
2024-05-15,0.155
2024-05-16,0.157
2024-05-17,0.158
2024-05-18,0.16
2024-05-19,0.162
2024-05-20,0.164
2024-05-21,0.165
2024-05-22,0.168
2024-05-23,0.17
2024-05-24,0.172
2024-05-25,0.174
2024-05-26,0.176
2024-05-27,0.178
2024-05-28,0.181
2024-05-29,0.183
2024-05-30,0.185
2024-05-31,0.188
2024-06-01,0.191
2024-06-02,0.194
2024-06-03,0.196
2024-06-04,0.199
2024-06-05,0.202
2024-06-06,0.204
2024-06-07,0.2
2024-06-08,0.196
2024-06-09,0.192
2024-06-10,0.188
2024-06-11,0.184
2024-06-12,0.18
2024-06-13,0.175
2024-06-14,0.171
2024-06-15,0.174
2024-06-16,0.177
2024-06-17,0.181
2024-06-18,0.184
2024-06-19,0.187
2024-06-20,0.19
2024-06-21,0.193
2024-06-22,0.196
2024-06-23,0.188
2024-06-24,0.179
2024-06-25,0.171
2024-06-26,0.163
2024-06-27,0.155
2024-06-28,0.147
2024-06-29,0.138
2024-06-30,0.13
