field_id,CROP_2023,.geo
CA_257924,47,"{""type"": ""Polygon"", ""coordinates"": [-119.133263326, 35.627553019, -119.133205292, 35.624034798, -119.130984655, 35.62403032, -119.13102929, 35.627588718, -119.133214255, 35.627584225, -119.133263326, 35.627553019]}"
CA_257756,47,"{""type"": ""Polygon"", ""coordinates"": [-119.252018073, 35.678034517, -119.251848632, 35.677994341, -119.249953474, 35.677994375, -119.249864363, 35.678021145, -119.249837586, 35.681530452, -119.251772823, 35.681517074, -119.252000251, 35.681490291, -119.252018073, 35.678034517]}"
CA_257744,47,"{""type"": ""Polygon"", ""coordinates"": [-119.139809245, 35.588000758, -119.139367801, 35.587978522, -119.139332131, 35.587777848, -119.138511619, 35.587786761, -119.13856965, 35.594872286, -119.139760176, 35.594867795, -119.139809245, 35.588000758]}"
CA_257648,47,"{""type"": ""Polygon"", ""coordinates"": [-119.118909406, 35.649344657, -119.118891568, 35.648541985, -119.115890643, 35.648550954, -119.115904044, 35.649366956, -119.118909406, 35.649344657]}"
CA_257473,47,"{""type"": ""Polygon"", ""coordinates"": [-119.243090926, 35.468960635, -119.24295721, 35.468907068, -119.234703372, 35.468898163, -119.234476006, 35.468933824, -119.23448044, 35.470391956, -119.234556258, 35.470499016, -119.235153758, 35.470614938, -119.240139033, 35.47060156, -119.242859051, 35.470614972, -119.243086492, 35.470543628, -119.243090926, 35.468960635]}"
CA_256638,47,"{""type"": ""Polygon"", ""coordinates"": [-119.209215135, 35.069416274, -119.209166089, 35.065871292, -119.2090413, 35.06568399, -119.207877398, 35.065697393, -119.207797132, 35.06563941, -119.207141696, 35.065666153, -119.207199612, 35.06946977, -119.207302229, 35.06953217, -119.209126, 35.069509874, -119.209215135, 35.069416274]}"
CA_255613,47,"{""type"": ""Polygon"", ""coordinates"": [-119.352196226, 35.753112377, -119.352165037, 35.750347695, -119.34778173, 35.750356691, -119.34773716, 35.750401252, -119.34772378, 35.751235114, -119.347750539, 35.753700988, -119.34773716, 35.753892698, -119.347897629, 35.753932864, -119.348120657, 35.753972955, -119.350898677, 35.753950664, -119.351228648, 35.753955145, -119.351411442, 35.753843637, -119.351398063, 35.753130221, -119.352196226, 35.753112377]}"
CA_255325,47,"{""type"": ""Polygon"", ""coordinates"": [-119.278487264, 35.41670887, -119.278246491, 35.416642024, -119.278130536, 35.416441362, -119.275468522, 35.416414541, -119.274246716, 35.416427924, -119.274161964, 35.416494816, -119.274161964, 35.417422366, -119.274126326, 35.419772247, -119.274295741, 35.419977423, -119.274326947, 35.41999525, -119.277448282, 35.419995215, -119.278335673, 35.420004134, -119.278442673, 35.41995958, -119.27845606, 35.418657475, -119.278487264, 35.41670887]}"
CA_255156,47,"{""type"": ""Polygon"", ""coordinates"": [-119.318409608, 35.427482052, -119.314534644, 35.427459779, -119.314530213, 35.4279057, -119.314053125, 35.427910093, -119.314026359, 35.428900063, -119.314035222, 35.430982499, -119.314044173, 35.430991368, -119.318360597, 35.431000325, -119.318400745, 35.430977974, -119.318409608, 35.427482052]}"
CA_254907,47,"{""type"": ""Polygon"", ""coordinates"": [-119.264771135, 35.067142067, -119.264757748, 35.065429829, -119.264619529, 35.065380741, -119.263816815, 35.065394116, -119.260472566, 35.065411998, -119.260419015, 35.065443163, -119.260432403, 35.067142081, -119.260512641, 35.067191161, -119.264730973, 35.067168861, -119.264771135, 35.067142067]}"
CA_254644,47,"{""type"": ""Polygon"", ""coordinates"": [-119.419301267, 35.71049228, -119.419270004, 35.710376392, -119.418828594, 35.710349628, -119.415827611, 35.710349621, -119.415809809, 35.711080884, -119.414962571, 35.71108538, -119.414962571, 35.71392577, -119.414953626, 35.717390552, -119.415038386, 35.717457403, -119.418520917, 35.717443997, -119.418739409, 35.717234477, -119.419243257, 35.717225565, -119.419301267, 35.717024891, -119.419301267, 35.71049228]}"
CA_254559,47,"{""type"": ""Polygon"", ""coordinates"": [-119.390446445, 35.706844758, -119.390004949, 35.706849233, -119.388346135, 35.706849246, -119.38829263, 35.706867033, -119.388283772, 35.710300513, -119.388314953, 35.7103184, -119.390410747, 35.710309435, -119.390441928, 35.710015168, -119.390446445, 35.706844758]}"
CA_254518,47,"{""type"": ""Polygon"", ""coordinates"": [-119.447362386, 35.342834915, -119.447349016, 35.341042383, -119.447273219, 35.340971009, -119.443937749, 35.340221903, -119.443371469, 35.34011493, -119.442979101, 35.340105986, -119.442493045, 35.340106003, -119.437770806, 35.340141632, -119.434711944, 35.340155047, -119.434644996, 35.340195134, -119.434667312, 35.340600927, -119.434952727, 35.340748091, -119.43682549, 35.341564112, -119.43900604, 35.342455914, -119.439322617, 35.342620916, -119.439674881, 35.342727912, -119.443304614, 35.342803707, -119.446876345, 35.342870611, -119.447362386, 35.342834915]}"
CA_254360,47,"{""type"": ""Polygon"", ""coordinates"": [-119.504550322, 35.619406225, -119.504073236, 35.619397303, -119.500550538, 35.619415138, -119.500523806, 35.619664829, -119.501090039, 35.619673825, -119.501085613, 35.620387275, -119.50018488, 35.620409499, -119.50010017, 35.626576431, -119.500131416, 35.626612112, -119.50444331, 35.626598753, -119.504496861, 35.626531895, -119.504550322, 35.619406225]}"
CA_253873,47,"{""type"": ""Polygon"", ""coordinates"": [-119.419448374, 35.64526454, -119.419287894, 35.64513968, -119.412278145, 35.645099614, -119.412224649, 35.645117403, -119.412215703, 35.645933411, -119.411092018, 35.645937908, -119.411034093, 35.645955736, -119.411020719, 35.646811881, -119.411074215, 35.646838615, -119.419408254, 35.646878776, -119.419439517, 35.646856476, -119.419448374, 35.64526454]}"
CA_253715,47,"{""type"": ""Polygon"", ""coordinates"": [-119.432040899, 35.530821699, -119.431924978, 35.530714696, -119.43000309, 35.530714688, -119.429918339, 35.53075043, -119.429900539, 35.53242703, -119.429967401, 35.532444838, -119.430190392, 35.532444803, -119.430283998, 35.532592033, -119.431389912, 35.532578611, -119.431367596, 35.532052456, -119.43120704, 35.531976677, -119.431224929, 35.531071407, -119.432036472, 35.531080351, -119.432040899, 35.530821699]}"
CA_253625,47,"{""type"": ""Polygon"", ""coordinates"": [-119.464561125, 35.608722205, -119.464338187, 35.608534939, -119.460347294, 35.608543824, -119.460275931, 35.608592948, -119.460275931, 35.615682889, -119.460320555, 35.615772053, -119.464463025, 35.615754239, -119.464547755, 35.615687358, -119.464561125, 35.608722205]}"
CA_253554,47,"{""type"": ""Polygon"", ""coordinates"": [-119.72515096, 35.510113707, -119.72505737, 35.510095839, -119.72301066, 35.510086919, -119.717637405, 35.510069093, -119.716339796, 35.510078005, -119.716344304, 35.511875019, -119.724843324, 35.511897266, -119.725146542, 35.511875001, -119.72515096, 35.510113707]}"
CA_253072,47,"{""type"": ""Polygon"", ""coordinates"": [-119.752110752, 35.584781266, -119.752043864, 35.584741197, -119.751151968, 35.584736708, -119.743272742, 35.584750121, -119.743197014, 35.584776841, -119.743192507, 35.586457914, -119.743384258, 35.586493614, -119.75203494, 35.586466839, -119.752106245, 35.586435675, -119.752110752, 35.584781266]}"
CA_252621,47,"{""type"": ""Polygon"", ""coordinates"": [-119.636374769, 35.511277487, -119.636361327, 35.508512835, -119.636361327, 35.504793939, -119.636347974, 35.499567893, -119.636200824, 35.499367246, -119.635536436, 35.499362754, -119.632071717, 35.499398435, -119.631960202, 35.499389529, -119.631982576, 35.51368539, -119.634412727, 35.513703212, -119.636374769, 35.51370323, -119.636374769, 35.511277487]}"
CA_252577,47,"{""type"": ""Polygon"", ""coordinates"": [-119.66326316, 35.594239058, -119.663258651, 35.592602594, -119.662964406, 35.592535671, -119.65455449, 35.592598136, -119.654451923, 35.592624859, -119.654442993, 35.594274787, -119.654576772, 35.59434164, -119.658518661, 35.594319334, -119.663102599, 35.594283633, -119.66326316, 35.594239058]}"
CA_252567,47,"{""type"": ""Polygon"", ""coordinates"": [-119.540026946, 35.633876019, -119.535576741, 35.633884962, -119.535536654, 35.636524749, -119.53553214, 35.637358605, -119.535603555, 35.637443286, -119.539745986, 35.637434402, -119.539991284, 35.637385337, -119.540026946, 35.633876019]}"
CA_251400,47,"{""type"": ""Polygon"", ""coordinates"": [-119.277693578, 35.531022379, -119.275785097, 35.531022358, -119.275419408, 35.531040231, -119.275397157, 35.532743603, -119.277657941, 35.532730194, -119.277671238, 35.531695718, -119.277693578, 35.531022379]}"
CA_250502,47,"{""type"": ""Polygon"", ""coordinates"": [-119.508550173, 35.677321008, -119.508501138, 35.677294246, -119.507315002, 35.677298714, -119.505705236, 35.677285358, -119.50401526, 35.677289815, -119.501277337, 35.677272005, -119.499926237, 35.677289811, -119.499890565, 35.680286377, -119.499926237, 35.680415663, -119.500911681, 35.680411231, -119.502637365, 35.680420083, -119.5081979, 35.68044686, -119.508273665, 35.67995191, -119.508518929, 35.679871675, -119.508550173, 35.677321008]}"
CA_250290,69,"{""type"": ""Polygon"", ""coordinates"": [-118.539676682, 35.399960528, -118.539400204, 35.399737547, -118.538874058, 35.399759802, -118.537665616, 35.399273805, -118.537442668, 35.399282696, -118.537259891, 35.399438796, -118.53687189, 35.399639443, -118.536274388, 35.400138893, -118.536011265, 35.400415333, -118.53562335, 35.400611494, -118.535480654, 35.400740848, -118.535355773, 35.400977179, -118.535172994, 35.401137658, -118.535048112, 35.401360688, -118.534298999, 35.401949254, -118.534058231, 35.402230173, -118.533540975, 35.402457613, -118.5325689, 35.403394009, -118.532550996, 35.40407182, -118.533197592, 35.404214472, -118.533197592, 35.404869996, -118.532470739, 35.404869955, -118.532479647, 35.405231138, -118.534860879, 35.405235599, -118.538098152, 35.403211156, -118.538321099, 35.403086331, -118.538383539, 35.402769714, -118.538365724, 35.402176657, -118.53631456, 35.402158845, -118.536310017, 35.401980504, -118.536528513, 35.401855595, -118.537741417, 35.401418607, -118.538557407, 35.400638258, -118.539663321, 35.400112101, -118.539676682, 35.399960528]}"
CA_250212,69,"{""type"": ""Polygon"", ""coordinates"": [-119.296586819, 35.363462733, -119.296564482, 35.3619333, -119.293563481, 35.361888673, -119.292359553, 35.361919921, -119.292332784, 35.361937726, -119.292248042, 35.365366814, -119.29227038, 35.366615299, -119.292203455, 35.369014314, -119.292306014, 35.369072276, -119.292453159, 35.36912134, -119.296207797, 35.369125796, -119.296484263, 35.369076764, -119.296586819, 35.363462733]}"
CA_249946,61,"{""type"": ""Polygon"", ""coordinates"": [-118.98528353, 35.093642529, -118.985238941, 35.090342844, -118.984931261, 35.090311608, -118.981016189, 35.090280368, -118.97871979, 35.090275933, -118.978710819, 35.090530107, -118.979263759, 35.092113113, -118.979477829, 35.092509914, -118.979696339, 35.092759674, -118.980173419, 35.093085176, -118.980918127, 35.093446352, -118.981190108, 35.093624697, -118.981533503, 35.093990322, -118.981649418, 35.094298036, -118.981671713, 35.09498475, -118.982416325, 35.095274596, -118.982786453, 35.095310254, -118.983513294, 35.095341438, -118.984958085, 35.095328088, -118.985002674, 35.095087275, -118.985279088, 35.095051634, -118.98528353, 35.093642529]}"
CA_249856,69,"{""type"": ""Polygon"", ""coordinates"": [-118.814517867, 35.157737629, -118.81308199, 35.157724264, -118.812257075, 35.157670811, -118.810901474, 35.157688648, -118.809207067, 35.157693051, -118.808943946, 35.157933887, -118.808136883, 35.159548069, -118.807089011, 35.161536816, -118.807124669, 35.161661654, -118.808047693, 35.161670573, -118.8144197, 35.161684, -118.814508886, 35.161666135, -118.814517867, 35.157737629]}"
CA_249783,69,"{""type"": ""Polygon"", ""coordinates"": [-119.260896187, 35.108406611, -119.260784652, 35.108299631, -119.256566385, 35.108317418, -119.256495011, 35.108379848, -119.256503966, 35.109788944, -119.256459368, 35.115474323, -119.256544042, 35.115567954, -119.260771264, 35.115554603, -119.260856023, 35.115518897, -119.260896187, 35.108406611]}"
CA_249694,69,"{""type"": ""Polygon"", ""coordinates"": [-118.962805278, 35.052832823, -118.962800747, 35.048342549, -118.962747268, 35.04832028, -118.958395176, 35.048199822, -118.958346138, 35.048507529, -118.958056261, 35.048525353, -118.958132128, 35.04875722, -118.958060791, 35.049024764, -118.958074117, 35.050077129, -118.958056261, 35.051379183, -118.958127597, 35.051530844, -118.958453187, 35.05164669, -118.958573562, 35.051834016, -118.95859586, 35.052783774, -118.962742827, 35.052895264, -118.962805278, 35.052832823]}"
CA_249601,69,"{""type"": ""Polygon"", ""coordinates"": [-119.4428631, 35.543895827, -119.442854245, 35.543418698, -119.442782873, 35.54336075, -119.441739474, 35.54335176, -119.439135328, 35.543369657, -119.439001524, 35.543387517, -119.438916867, 35.546812086, -119.438992668, 35.54692357, -119.4427873, 35.546945829, -119.442805188, 35.546865579, -119.4428631, 35.543895827]}"
CA_249468,69,"{""type"": ""Polygon"", ""coordinates"": [-119.510298159, 35.518982795, -119.505794457, 35.518951614, -119.505914834, 35.519129935, -119.506048576, 35.519977172, -119.506182406, 35.520226898, -119.506400853, 35.520454359, -119.506900326, 35.520757545, -119.507297123, 35.521207926, -119.507542387, 35.521444226, -119.508113195, 35.522492106, -119.5083227, 35.522920179, -119.508572478, 35.523187764, -119.508924749, 35.523339327, -119.510124237, 35.524195538, -119.51024461, 35.52423115, -119.510298159, 35.518982795]}"
CA_249462,69,"{""type"": ""Polygon"", ""coordinates"": [-119.402561753, 35.572576762, -119.402530574, 35.57249648, -119.398325664, 35.572487594, -119.398272163, 35.572545508, -119.39828102, 35.575368155, -119.398245412, 35.579635509, -119.398294396, 35.579648927, -119.400269847, 35.57963551, -119.401723473, 35.57960874, -119.401924097, 35.579550816, -119.402053418, 35.579408133, -119.402490449, 35.57924314, -119.40251277, 35.577932158, -119.402530574, 35.574146353, -119.402561753, 35.572576762]}"
CA_249254,47,"{""type"": ""Polygon"", ""coordinates"": [-119.731028091, 35.314113875, -119.730840831, 35.313971153, -119.730559895, 35.313855269, -119.730399322, 35.313627829, -119.730533118, 35.313578802, -119.7307605, 35.313734854, -119.730956775, 35.313748204, -119.730996896, 35.313623359, -119.731005821, 35.31268253, -119.730805128, 35.312544263, -119.730287885, 35.312562072, -119.729257811, 35.312887664, -119.728860926, 35.31286533, -119.728811879, 35.312972339, -119.728437352, 35.313288926, -119.72721558, 35.31418966, -119.726738445, 35.314515163, -119.726658201, 35.314760424, -119.72666262, 35.316116002, -119.72684096, 35.316619894, -119.727255702, 35.316740302, -119.727487596, 35.317190655, -119.727572259, 35.317244153, -119.728339257, 35.317511714, -119.728575568, 35.317467153, -119.730510848, 35.318158247, -119.730849756, 35.318220694, -119.731028091, 35.318015619, -119.731028091, 35.314113875]}"
CA_248737,47,"{""type"": ""Polygon"", ""coordinates"": [-119.048121223, 35.187096381, -119.048036522, 35.187060687, -119.044295307, 35.187051832, -119.043688884, 35.187056236, -119.043733456, 35.190333721, -119.044500407, 35.190347089, -119.048094499, 35.190315829, -119.048121223, 35.187096381]}"
CA_248689,47,"{""type"": ""Polygon"", ""coordinates"": [-119.225245671, 35.122635639, -119.225223323, 35.119300204, -119.225156457, 35.119260054, -119.221076327, 35.119282376, -119.220947025, 35.119371553, -119.220759812, 35.119295719, -119.219029658, 35.11930019, -119.216501302, 35.119322521, -119.216487999, 35.119429553, -119.21653252, 35.122729304, -119.216572695, 35.122929932, -119.220835549, 35.122876391, -119.224697173, 35.122863056, -119.224817514, 35.122657891, -119.225245671, 35.122635639]}"
CA_248688,61,"{""type"": ""Polygon"", ""coordinates"": [-118.976628459, 35.132882665, -118.976539277, 35.129342105, -118.967897574, 35.129489218, -118.967915341, 35.132989665, -118.976628459, 35.132882665]}"
CA_247968,61,"{""type"": ""Polygon"", ""coordinates"": [-118.869079398, 35.212508806, -118.869074953, 35.212071772, -118.867924464, 35.211451981, -118.867665886, 35.211331603, -118.867260105, 35.211019473, -118.867148638, 35.210948079, -118.865971379, 35.209757576, -118.865784087, 35.209539012, -118.865596795, 35.209489995, -118.865275811, 35.209093151, -118.865133052, 35.209061941, -118.864678286, 35.209097603, -118.864571261, 35.20905742, -118.863220111, 35.209048555, -118.860602668, 35.209070856, -118.860410925, 35.209124329, -118.860295008, 35.209329439, -118.860312786, 35.210742995, -118.860812189, 35.210751896, -118.860812189, 35.211162124, -118.860317231, 35.211193362, -118.860330654, 35.212571264, -118.868985709, 35.212522222, -118.869079398, 35.212508806]}"
CA_247823,69,"{""type"": ""Polygon"", ""coordinates"": [-119.376391329, 35.412700133, -119.376382381, 35.411438214, -119.376324442, 35.411362391, -119.373599882, 35.41134905, -119.372351337, 35.411366866, -119.372168568, 35.411420416, -119.372146242, 35.412954343, -119.372369233, 35.41304793, -119.375633252, 35.413047944, -119.375882991, 35.413105885, -119.375976633, 35.413030142, -119.376061326, 35.412717973, -119.376391329, 35.412700133]}"
CA_247548,61,"{""type"": ""Polygon"", ""coordinates"": [-119.629048476, 36.791329294, -119.629039544, 36.790878995, -119.62855792, 36.790709546, -119.628031811, 36.790785277, -119.628031811, 36.791320427, -119.629048476, 36.791329294]}"
CA_247537,47,"{""type"": ""Polygon"", ""coordinates"": [-119.639157237, 36.727515121, -119.639081453, 36.727385788, -119.638501706, 36.727372482, -119.638260911, 36.727421473, -119.637984478, 36.727345729, -119.637806113, 36.727234227, -119.6370258, 36.727180734, -119.637012358, 36.727443843, -119.639157237, 36.727515121]}"
CA_246992,47,"{""type"": ""Polygon"", ""coordinates"": [-119.537605629, 36.706856167, -119.537534303, 36.706807044, -119.536901136, 36.70680259, -119.536901136, 36.706976485, -119.536794059, 36.707475967, -119.536869898, 36.707524992, -119.537382715, 36.707538365, -119.537605629, 36.706856167]}"
CA_246801,47,"{""type"": ""Polygon"", ""coordinates"": [-119.815737668, 36.692395268, -119.815701988, 36.692346217, -119.814636246, 36.692341735, -119.814636246, 36.692881284, -119.815719828, 36.692885742, -119.815737668, 36.692395268]}"
CA_246614,47,"{""type"": ""Polygon"", ""coordinates"": [-119.70053226, 36.560084789, -119.700523333, 36.559242069, -119.70025586, 36.559228683, -119.700251352, 36.560084853, -119.70053226, 36.560084789]}"
CA_246587,47,"{""type"": ""Polygon"", ""coordinates"": [-120.073616367, 36.76400393, -120.073585161, 36.763103236, -120.07242129, 36.763986172, -120.073616367, 36.76400393]}"
CA_246341,47,"{""type"": ""Polygon"", ""coordinates"": [-119.782856207, 36.629370344, -119.782628822, 36.629414921, -119.781915391, 36.629405961, -119.781919808, 36.62998565, -119.782811596, 36.630008022, -119.782856207, 36.629370344]}"
CA_245292,47,"{""type"": ""Polygon"", ""coordinates"": [-119.032505404, 36.012712346, -119.032407375, 36.012698965, -119.032318136, 36.0127614, -119.031631483, 36.012761355, -119.031506637, 36.012837145, -119.031359414, 36.013122591, -119.031395109, 36.013193891, -119.03244751, 36.013193935, -119.032496525, 36.01317605, -119.032505404, 36.012712346]}"
CA_244479,47,"{""type"": ""Polygon"", ""coordinates"": [-122.290726017, 38.154694995, -122.290596669, 38.154266964, -122.290511965, 38.153709555, -122.290284501, 38.153459881, -122.290275589, 38.153245825, -122.290168649, 38.152982745, -122.289918862, 38.152840027, -122.289299107, 38.153045117, -122.289143022, 38.152924735, -122.287524355, 38.152840057, -122.286003783, 38.152603694, -122.285491037, 38.152625997, -122.285348357, 38.152675074, -122.285334946, 38.152866818, -122.285767484, 38.153482179, -122.28644523, 38.153972679, -122.286694939, 38.154316013, -122.286824292, 38.154587998, -122.286703851, 38.155172124, -122.286418494, 38.155515519, -122.285981546, 38.155827631, -122.285705013, 38.155970346, -122.285299297, 38.156099652, -122.285076322, 38.156090712, -122.284978202, 38.15595695, -122.285227914, 38.155720625, -122.285611393, 38.155528872, -122.285754073, 38.155114179, -122.285718424, 38.1547084, -122.285526685, 38.154315999, -122.285120882, 38.153972648, -122.284790961, 38.153852262, -122.284255799, 38.154543416, -122.283863402, 38.154650458, -122.28345768, 38.154637083, -122.283078606, 38.154793164, -122.281602705, 38.155114152, -122.280960577, 38.155172156, -122.280461132, 38.155158789, -122.279997422, 38.155078497, -122.27975661, 38.154900122, -122.279471235, 38.154565742, -122.27925716, 38.154516697, -122.278664167, 38.154480986, -122.277888245, 38.15430262, -122.275475901, 38.154151018, -122.275226166, 38.154150977, -122.274784672, 38.154329359, -122.273250764, 38.155435264, -122.27300111, 38.155506571, -122.271226346, 38.155591271, -122.264711584, 38.155448641, -122.264693756, 38.155568999, -122.264693756, 38.158494207, -122.264586704, 38.158993605, -122.26382868, 38.158993636, -122.263579004, 38.159265594, -122.262482068, 38.159573262, -122.262352771, 38.159693631, -122.262303701, 38.16013514, -122.26161256, 38.16030011, -122.261353878, 38.160429461, -122.260854514, 38.160799554, -122.260404133, 38.160906537, -122.260274834, 38.160991287, -122.260314905, 38.161156286, -122.260627074, 38.161133963, -122.261077454, 38.16099129, -122.261639302, 38.160692524, -122.263507606, 38.160585537, -122.264684842, 38.160536414, -122.264961343, 38.160549843, -122.265692618, 38.160812879, -122.266062667, 38.161026939, -122.266089495, 38.161611065, -122.264765067, 38.162097131, -122.264760653, 38.162592099, -122.264947929, 38.162743715, -122.265777342, 38.162346863, -122.266348079, 38.16203919, -122.266611162, 38.161860772, -122.266990208, 38.162083787, -122.267587679, 38.162859643, -122.268622254, 38.165771423, -122.268858591, 38.165726863, -122.268666822, 38.165285381, -122.268680235, 38.165178338, -122.270882968, 38.165093672, -122.271427024, 38.165120382, -122.271547396, 38.165214029, -122.271583049, 38.165450419, -122.27144035, 38.166177186, -122.271275412, 38.166261953, -122.270428129, 38.166226287, -122.270526262, 38.166703355, -122.270428129, 38.166890671, -122.269242043, 38.166868387, -122.269072601, 38.16713143, -122.269157322, 38.168273008, -122.26901462, 38.169044416, -122.268885331, 38.169557219, -122.26880061, 38.170105708, -122.268885331, 38.170712082, -122.269206389, 38.171376513, -122.26928661, 38.171639599, -122.269607666, 38.172125683, -122.270071422, 38.172580501, -122.270454955, 38.173137869, -122.270713528, 38.17380225, -122.270856228, 38.174444419, -122.271168366, 38.17631274, -122.271275412, 38.17654014, -122.271275412, 38.176968209, -122.27144035, 38.177445392, -122.271538483, 38.177980483, -122.271953164, 38.180584597, -122.272965371, 38.180562309, -122.273010023, 38.180727276, -122.273116981, 38.180968068, -122.278030935, 38.180932357, -122.278222687, 38.180704974, -122.278824681, 38.178506628, -122.278824681, 38.178105295, -122.278717643, 38.177784281, -122.278739968, 38.175024026, -122.27870873, 38.169262897, -122.278650755, 38.168977514, -122.278699818, 38.168741208, -122.27900302, 38.168692162, -122.283221288, 38.168380041, -122.283355059, 38.168197203, -122.283323909, 38.16804559, -122.284050732, 38.16796087, -122.28417109, 38.166712327, -122.284162177, 38.166525008, -122.284050732, 38.166449208, -122.283600362, 38.166533962, -122.283600362, 38.166239615, -122.283867902, 38.166150476, -122.283943699, 38.166038985, -122.283943699, 38.165352292, -122.283885726, 38.164438175, -122.283916962, 38.164353461, -122.283783192, 38.163733648, -122.283515652, 38.163202946, -122.283114341, 38.162792767, -122.282650556, 38.16248955, -122.281888074, 38.162297761, -122.28116565, 38.162239803, -122.280202497, 38.162373622, -122.279261659, 38.162708024, -122.278204862, 38.16329659, -122.277281832, 38.1638585, -122.276826934, 38.163992299, -122.276225016, 38.164001186, -122.275511552, 38.163952082, -122.275007669, 38.16397438, -122.274579587, 38.164143874, -122.274218394, 38.164344523, -122.274035547, 38.164603147, -122.27392409, 38.164906385, -122.273821547, 38.165459277, -122.273848286, 38.165954259, -122.273754656, 38.166609721, -122.273522743, 38.167069046, -122.273201699, 38.167430212, -122.272831588, 38.167791449, -122.272515041, 38.168295264, -122.272622086, 38.168589569, -122.272974284, 38.169008777, -122.272965371, 38.169530453, -122.272902979, 38.169936231, -122.272688891, 38.170292943, -122.272653238, 38.170600622, -122.272880653, 38.171706505, -122.273116981, 38.172112313, -122.27274687, 38.171920528, -122.272581933, 38.171327435, -122.272461476, 38.170721051, -122.272474889, 38.170435683, -122.272666651, 38.170056655, -122.272782609, 38.169579508, -122.272795935, 38.169102365, -122.27259526, 38.168910615, -122.272283126, 38.168531658, -122.27223856, 38.16835324, -122.272510541, 38.167697786, -122.272952045, 38.16716265, -122.273322155, 38.166868362, -122.273558482, 38.166342178, -122.273607547, 38.166128152, -122.273522743, 38.165677767, -122.273500504, 38.165142677, -122.273687765, 38.164536284, -122.274249632, 38.163938722, -122.274677716, 38.163711324, -122.275221666, 38.163595379, -122.276033259, 38.163689002, -122.276532638, 38.163689071, -122.277054427, 38.16354633, -122.277687579, 38.163225302, -122.278829094, 38.162547483, -122.279386522, 38.162262131, -122.279770022, 38.162119397, -122.280670706, 38.161927671, -122.281196887, 38.161918765, -122.281682916, 38.161954459, -122.282753091, 38.162168492, -122.283301585, 38.162462791, -122.283823341, 38.162855184, -122.284255799, 38.163475027, -122.284469864, 38.163974439, -122.28459922, 38.164701268, -122.284527836, 38.165722391, -122.284634868, 38.165963185, -122.284621457, 38.16669893, -122.284728489, 38.166948622, -122.284741901, 38.167568432, -122.284848933, 38.168081265, -122.285004938, 38.168281903, -122.285406329, 38.168446873, -122.285705013, 38.16842459, -122.286467554, 38.168197166, -122.286761822, 38.168032216, -122.287145296, 38.167733422, -122.287265737, 38.167568423, -122.287230089, 38.166868387, -122.287074, 38.166614222, -122.286810881, 38.166391247, -122.286654878, 38.166150441, -122.286525525, 38.16471459, -122.286583496, 38.164380154, -122.286833204, 38.16354631, -122.287096323, 38.162988943, -122.287239001, 38.162761526, -122.287252325, 38.162355746, -122.287417326, 38.161762702, -122.287452973, 38.161312356, -122.287221177, 38.161133952, -122.287292472, 38.16100017, -122.287234502, 38.1608486, -122.287051677, 38.160915506, -122.286315963, 38.160688037, -122.286195521, 38.160545363, -122.286079578, 38.160237729, -122.286467554, 38.160322385, -122.287020442, 38.16063008, -122.287270149, 38.160723734, -122.287421825, 38.160545373, -122.287649208, 38.160598905, -122.287890002, 38.160487422, -122.287765149, 38.160371438, -122.287907826, 38.160144016, -122.288269059, 38.159800716, -122.28865694, 38.159381561, -122.288737233, 38.159145203, -122.28888882, 38.158971281, -122.289334755, 38.158668056, -122.289526487, 38.158467405, -122.289638013, 38.158248888, -122.289820833, 38.157481919, -122.289999154, 38.157196571, -122.289918862, 38.1569558, -122.289847568, 38.156541083, -122.289918862, 38.156362708, -122.290132916, 38.156126391, -122.290476318, 38.15559131, -122.290618991, 38.155007176, -122.290726017, 38.154694995]}"
CA_244387,61,"{""type"": ""Polygon"", ""coordinates"": [-122.534500623, 38.152608163, -122.534344556, 38.152090933, -122.534308819, 38.151725304, -122.534019041, 38.151176803, -122.533684548, 38.150837913, -122.533434908, 38.150383046, -122.53322532, 38.150079875, -122.532913182, 38.14978109, -122.532239785, 38.149317389, -122.531869721, 38.149121164, -122.530478453, 38.148452258, -122.528877656, 38.147622883, -122.528476331, 38.147605063, -122.521894685, 38.151176777, -122.519549225, 38.152518958, -122.518724313, 38.15298272, -122.518666297, 38.153187864, -122.518880318, 38.153326102, -122.519116698, 38.153357322, -122.519397625, 38.152804326, -122.51951357, 38.152648306, -122.520128947, 38.152287086, -122.520806653, 38.152024068, -122.521185734, 38.15191699, -122.521983864, 38.151805503, -122.522670622, 38.151609333, -122.523214587, 38.15152908, -122.524262537, 38.151613794, -122.52575187, 38.15162716, -122.52647417, 38.151546923, -122.527285726, 38.151488962, -122.528110656, 38.151471077, -122.52903822, 38.151542429, -122.530019211, 38.151814442, -122.531093852, 38.152028441, -122.532030281, 38.152046272, -122.532342422, 38.152010614, -122.532904204, 38.151845642, -122.533202963, 38.151725244, -122.53340366, 38.151564703, -122.533417039, 38.151453246, -122.533020134, 38.150516847, -122.532948832, 38.150084324, -122.532217514, 38.149526923, -122.528730472, 38.147747762, -122.528855384, 38.147752208, -122.531365856, 38.149018571, -122.532137234, 38.149428802, -122.532663453, 38.149785556, -122.533091522, 38.150142292, -122.533162823, 38.150284961, -122.533082631, 38.150507887, -122.533448201, 38.151297184, -122.533827237, 38.151582597, -122.533711308, 38.151845643, -122.534076962, 38.152715171, -122.534255301, 38.152804357, -122.534500623, 38.152608163]}"
CA_244113,47,"{""type"": ""Polygon"", ""coordinates"": [-119.897780659, 36.226267616, -119.888559218, 36.226254237, -119.881821534, 36.226254241, -119.879279777, 36.226325541, -119.879163868, 36.22644152, -119.87912379, 36.233295143, -119.879065792, 36.239872297, -119.879034541, 36.240746265, -119.879208448, 36.240866678, -119.881335485, 36.239145459, -119.886146817, 36.235390879, -119.890329496, 36.23212235, -119.896054963, 36.227641026, -119.897780659, 36.226267616]}"
CA_253515,47,"{""type"": ""Polygon"", ""coordinates"": [-119.707336897, 35.490756727, -119.707319043, 35.488295307, -119.707287843, 35.488255159, -119.703158694, 35.488264077, -119.698530184, 35.488286339, -119.698503401, 35.488290815, -119.698525676, 35.491889352, -119.698565806, 35.49189378, -119.700032849, 35.491875914, -119.700411871, 35.491884871, -119.706284558, 35.491867007, -119.706333613, 35.491822444, -119.706333613, 35.490783439, -119.707319043, 35.490783498, -119.707336897, 35.490756727]}"
CA_254124,69,"{""type"": ""Polygon"", ""coordinates"": [-119.368775211, 35.449509977, -119.368690424, 35.449304891, -119.368387249, 35.449313802, -119.368257899, 35.449425319, -119.368222283, 35.455476308, -119.368703802, 35.455806248, -119.368757314, 35.455783993, -119.368775211, 35.449509977]}"
CA_255872,47,"{""type"": ""Polygon"", ""coordinates"": [-119.289639467, 35.714130941, -119.289545859, 35.714121979, -119.287539313, 35.714126421, -119.287539313, 35.71764915, -119.289612785, 35.717644708, -119.289639467, 35.717617946, -119.289639467, 35.714130941]}"
CA_246756,69,"{""type"": ""Polygon"", ""coordinates"": [-119.615399134, 36.678567571, -119.615390201, 36.677822946, -119.615011215, 36.677845186, -119.615002282, 36.678902054, -119.615234184, 36.678848527, -119.615332269, 36.678808361, -119.615399134, 36.678567571]}"
CA_254945,47,"{""type"": ""Polygon"", ""coordinates"": [-119.326632201, 35.532721336, -119.326601007, 35.532658894, -119.325205304, 35.532654444, -119.322342518, 35.5326723, -119.322257793, 35.532707945, -119.322199833, 35.535066781, -119.322231118, 35.535147073, -119.322944538, 35.535173785, -119.322940107, 35.536168149, -119.323056026, 35.536235044, -119.324598862, 35.536230656, -119.324643439, 35.536217285, -119.32465239, 35.535240674, -119.325160727, 35.535240659, -119.325133964, 35.536203897, -119.325156208, 35.536226171, -119.326525235, 35.536221715, -119.326565292, 35.536194955, -119.326632201, 35.532721336]}"
CA_252538,47,"{""type"": ""Polygon"", ""coordinates"": [-119.761113599, 35.695309093, -119.761104764, 35.693645785, -119.760377881, 35.693627957, -119.756609906, 35.693663622, -119.756556451, 35.69370821, -119.756551945, 35.695380426, -119.756614413, 35.695402657, -119.76108241, 35.695353656, -119.761113599, 35.695309093]}"
CA_255440,61,"{""type"": ""Polygon"", ""coordinates"": [-119.294276951, 35.68516906, -119.294227933, 35.685124438, -119.285412269, 35.685146773, -119.285403404, 35.686841175, -119.285523785, 35.686908098, -119.290616048, 35.686899178, -119.29416553, 35.686885827, -119.294276951, 35.686850107, -119.294276951, 35.68516906]}"
CA_252301,47,"{""type"": ""Polygon"", ""coordinates"": [-119.903497165, 35.737804266, -119.903452592, 35.731057671, -119.903399105, 35.730977427, -119.902128212, 35.730990757, -119.901963248, 35.731155763, -119.901802697, 35.730981861, -119.899015757, 35.730986368, -119.899006842, 35.731013093, -119.899033675, 35.73806293, -119.899087163, 35.73812085, -119.902369081, 35.738120871, -119.903350031, 35.738111985, -119.903497165, 35.737804266]}"
CA_251195,61,"{""type"": ""Polygon"", ""coordinates"": [-119.172561373, 35.256221385, -119.164829307, 35.256176769, -119.163973092, 35.25621245, -119.163821473, 35.256248113, -119.163839394, 35.258812085, -119.164361055, 35.258847755, -119.164361055, 35.259405172, -119.164432384, 35.2597842, -119.166670894, 35.259810937, -119.171147814, 35.259784172, -119.171442077, 35.259766338, -119.172432029, 35.257706263, -119.172552413, 35.257434275, -119.172561373, 35.256221385]}"
CA_254149,47,"{""type"": ""Polygon"", ""coordinates"": [-119.429454645, 35.565147868, -119.421040323, 35.565188016, -119.420705904, 35.565330737, -119.420683586, 35.568750839, -119.429378839, 35.568697357, -119.4294279, 35.568670604, -119.429454645, 35.565147868]}"
CA_245547,47,"{""type"": ""Polygon"", ""coordinates"": [-118.960762946, 35.96395654, -118.960722881, 35.963390229, -118.959501023, 35.963403559, -118.959737418, 35.963778169, -118.960143135, 35.96378706, -118.960178847, 35.963515059, -118.960285806, 35.963461561, -118.960664871, 35.96348386, -118.960691611, 35.963956493, -118.960762946, 35.96395654]}"
CA_247535,47,"{""type"": ""Polygon"", ""coordinates"": [-119.793794386, 36.707716726, -119.793776543, 36.707186082, -119.793678494, 36.707056787, -119.793063081, 36.707061257, -119.793040821, 36.707721198, -119.793794386, 36.707716726]}"
CA_256271,47,"{""type"": ""Polygon"", ""coordinates"": [-118.914878824, 35.091060755, -118.914874381, 35.090895723, -118.91168614, 35.090909128, -118.911695026, 35.092723959, -118.911779714, 35.092777468, -118.914464102, 35.092759622, -118.914602372, 35.092010543, -118.914722781, 35.091484319, -118.914878824, 35.091060755]}"
CA_247278,69,"{""type"": ""Polygon"", ""coordinates"": [-119.654946898, 36.725298959, -119.654460853, 36.725272213, -119.654429641, 36.725789506, -119.654946898, 36.725807283, -119.654946898, 36.725298959]}"
CA_249733,69,"{""type"": ""Polygon"", ""coordinates"": [-118.816671569, 35.140311516, -118.816074037, 35.140302582, -118.816056254, 35.140913461, -118.815730723, 35.140913461, -118.815663856, 35.141047241, -118.815637091, 35.144891017, -118.815619218, 35.146161855, -118.815641537, 35.146291163, -118.81659581, 35.146300065, -118.816671569, 35.140311516]}"
CA_255586,47,"{""type"": ""Polygon"", ""coordinates"": [-119.320719453, 35.710385248, -119.320715022, 35.708641724, -119.320273492, 35.708641787, -119.320282443, 35.708392052, -119.320715022, 35.708392009, -119.320706071, 35.706831372, -119.316403009, 35.706862579, -119.316394146, 35.710425368, -119.320652541, 35.710425393, -119.320719453, 35.710385248]}"
CA_257714,47,"{""type"": ""Polygon"", ""coordinates"": [-119.087245348, 35.448685126, -119.085113955, 35.44868065, -119.08497566, 35.45583748, -119.08711602, 35.455841957, -119.087080426, 35.45565469, -119.087245348, 35.448685126]}"
CA_253663,47,"{""type"": ""Polygon"", ""coordinates"": [-119.443215443, 35.554330084, -119.443197556, 35.554187437, -119.438872236, 35.554205265, -119.438836549, 35.554258746, -119.438787491, 35.557701231, -119.441877703, 35.55769227, -119.443170814, 35.557674462, -119.443215443, 35.554330084]}"
CA_244429,47,"{""type"": ""Polygon"", ""coordinates"": [-122.059245118, 38.13934233, -122.059035546, 38.13815178, -122.058540619, 38.137068173, -122.056997728, 38.135088389, -122.056030137, 38.134241147, -122.055731334, 38.134232241, -122.053631108, 38.134250086, -122.05287758, 38.134241092, -122.051249976, 38.135106167, -122.049831938, 38.136345814, -122.048793003, 38.136907672, -122.048520976, 38.136916563, -122.04711192, 38.137184167, -122.046460934, 38.137505181, -122.045965949, 38.137469517, -122.045167795, 38.137630027, -122.044253604, 38.137839661, -122.043473302, 38.137830678, -122.042559184, 38.137973404, -122.042215856, 38.138196358, -122.041658413, 38.138017996, -122.040686349, 38.137549808, -122.040374236, 38.137581009, -122.039620616, 38.138044722, -122.039277279, 38.138093824, -122.039040958, 38.138058103, -122.038595025, 38.137866414, -122.037605156, 38.137656778, -122.036833738, 38.137362451, -122.036329864, 38.137380335, -122.035460263, 38.137902043, -122.034778072, 38.138874118, -122.034336632, 38.139150582, -122.033302058, 38.138999012, -122.032722367, 38.138932141, -122.031598707, 38.13894992, -122.026466291, 38.138446092, -122.026189785, 38.138673498, -122.025810845, 38.138655604, -122.023518789, 38.13916844, -122.022631479, 38.139253181, -122.022297023, 38.139199634, -122.021623683, 38.138874172, -122.019955973, 38.137977853, -122.019385231, 38.138067072, -122.01917567, 38.138379161, -122.018908079, 38.138209754, -122.018738676, 38.138209706, -122.01618807, 38.138923161, -122.015207018, 38.139806119, -122.015055479, 38.139672322, -122.014863691, 38.13967232, -122.01455159, 38.139881856, -122.013133595, 38.140626563, -122.01216145, 38.14081384, -122.01211244, 38.14087181, -122.012848207, 38.141397973, -122.012941804, 38.141598619, -122.012816979, 38.141701227, -122.011934092, 38.141121527, -122.011046687, 38.141897447, -122.005883115, 38.142633162, -122.001981387, 38.142539476, -121.998699476, 38.141255275, -121.995653883, 38.141540687, -121.991819116, 38.139311107, -121.991850263, 38.139297738, -121.981910915, 38.130294831, -121.982062586, 38.125554788, -121.981803929, 38.125385338, -121.981710305, 38.122228277, -121.981763841, 38.114077035, -121.980778315, 38.113051498, -121.980653454, 38.112659094, -121.986561797, 38.111053829, -121.987596293, 38.111089475, -121.988773504, 38.110518746, -121.988238433, 38.109163153, -121.988773504, 38.107375018, -121.989522616, 38.106483233, -121.98973666, 38.106162162, -121.991734351, 38.105444222, -121.994383045, 38.104646046, -121.995390832, 38.104454344, -121.99639861, 38.103673986, -121.997620406, 38.103406445, -121.998989326, 38.1030274, -121.99951992, 38.102724221, -122.000148717, 38.102171243, -122.001464079, 38.101636175, -122.002262293, 38.101390915, -122.00298468, 38.100953958, -122.003577715, 38.100895936, -122.005138366, 38.101083257, -122.00679277, 38.099906011, -122.007689057, 38.099620632, -122.009401283, 38.098479138, -122.009651027, 38.098095659, -122.00987839, 38.097984188, -122.010391235, 38.097961857, -122.011398961, 38.097676514, -122.011706646, 38.097413421, -122.01166657, 38.096365518, -122.011474776, 38.095643172, -122.01246471, 38.094653206, -122.01233095, 38.094421326, -122.010770228, 38.093663285, -122.009343336, 38.093128207, -122.006449416, 38.09175927, -122.005504018, 38.091527431, -122.004848532, 38.091469441, -122.00450526, 38.091317793, -122.004077143, 38.09093433, -122.003412714, 38.090439413, -122.00211516, 38.089748203, -122.00146859, 38.089364708, -122.000117486, 38.088834075, -121.998975966, 38.088348064, -121.996804373, 38.087367049, -121.996055224, 38.087005872, -121.99388366, 38.086501991, -121.993036452, 38.086149744, -121.992666333, 38.086073885, -121.992380892, 38.086470763, -121.990855892, 38.086586733, -121.989647468, 38.086452965, -121.987623103, 38.086301301, -121.986735674, 38.086167579, -121.985754705, 38.085873283, -121.985050165, 38.085570014, -121.98388185, 38.084758515, -121.982891918, 38.083483226, -121.982080374, 38.082323789, -121.981826228, 38.081686181, -121.981710305, 38.08116888, -121.981607744, 38.080941466, -121.981282186, 38.080798789, -121.981005739, 38.080798795, -121.979494116, 38.081275899, -121.978209902, 38.081637139, -121.977130804, 38.081998276, -121.976564524, 38.082163306, -121.976564524, 38.081574684, -121.976595676, 38.080977196, -121.97650656, 38.080263732, -121.976029394, 38.079135579, -121.975882226, 38.078270482, -121.975614703, 38.077525799, -121.975137619, 38.076932776, -121.974624783, 38.075858124, -121.974455312, 38.075358709, -121.973875655, 38.074796878, -121.97378645, 38.074507051, -121.973594764, 38.074364332, -121.97234172, 38.07415026, -121.972114279, 38.074435676, -121.97241305, 38.07529631, -121.971833383, 38.075893764, -121.9712492, 38.076054297, -121.970763159, 38.07612568, -121.970014092, 38.074747777, -121.969545836, 38.074868231, -121.968877031, 38.07493506, -121.968484616, 38.07530517, -121.968257166, 38.075626241, -121.968007501, 38.075826873, -121.967490206, 38.075831375, -121.96732081, 38.075933898, -121.966843691, 38.076847994, -121.96681245, 38.077160162, -121.966397724, 38.07746788, -121.965599595, 38.077771047, -121.965407808, 38.077887032, -121.965015379, 38.078515746, -121.964792436, 38.078662883, -121.963989783, 38.078752075, -121.963757985, 38.07880559, -121.963691075, 38.079037489, -121.963873927, 38.079175642, -121.965505958, 38.080027379, -121.965336473, 38.080468855, -121.964689946, 38.081124278, -121.964480366, 38.081137661, -121.963753472, 38.08093702, -121.962982054, 38.08085233, -121.959013446, 38.080794341, -121.958398125, 38.080379658, -121.957113924, 38.080508961, -121.955414941, 38.080937074, -121.954487502, 38.081365079, -121.954045997, 38.081922485, -121.953216621, 38.08350546, -121.952859907, 38.084348229, -121.952373872, 38.085061664, -121.951816491, 38.085418398, -121.951205556, 38.085748425, -121.946309449, 38.087046024, -121.946193575, 38.087491873, -121.945453367, 38.088602207, -121.94483797, 38.089016915, -121.94387928, 38.089159642, -121.943197039, 38.089146265, -121.942510366, 38.088829632, -121.942238335, 38.088744939, -121.941917261, 38.088958985, -121.941703211, 38.088111739, -121.939594109, 38.087518663, -121.93628099, 38.088348026, -121.931010332, 38.091313333, -121.929654713, 38.092972132, -121.924682812, 38.094037882, -121.915951926, 38.093208444, -121.915604121, 38.093119326, -121.916375524, 38.092209672, -121.913936447, 38.090189656, -121.912835011, 38.087812939, -121.912299917, 38.085222217, -121.912148323, 38.084825355, -121.911555227, 38.08444189, -121.911310035, 38.083679356, -121.910757048, 38.083376152, -121.90984295, 38.083340479, -121.909499641, 38.082823199, -121.908607761, 38.081967121, -121.907198728, 38.080825544, -121.905905594, 38.079893563, -121.905771791, 38.079590357, -121.905771791, 38.079171218, -121.905856536, 38.079046359, -121.906311344, 38.078921532, -121.90662792, 38.078796637, -121.907729331, 38.078257089, -121.907711532, 38.077994013, -121.907448444, 38.077753205, -121.907082813, 38.077525807, -121.906792894, 38.077146775, -121.906610121, 38.076798999, -121.906507576, 38.076335206, -121.906574434, 38.075791217, -121.906547691, 38.075443426, -121.90669035, 38.075180374, -121.906877638, 38.075051035, -121.907435073, 38.07496632, -121.908014733, 38.074997528, -121.908402676, 38.074957353, -121.908799561, 38.074622902, -121.909080444, 38.074212711, -121.909182986, 38.073726662, -121.910342371, 38.07141689, -121.910877474, 38.070788151, -121.911176238, 38.069379051, -121.911211923, 38.068522919, -121.911104868, 38.067439329, -121.911006756, 38.066953295, -121.910971071, 38.066275517, -121.910511854, 38.065040303, -121.909379213, 38.06319872, -121.908630075, 38.062271234, -121.908393733, 38.062021539, -121.908251076, 38.061669256, -121.906418404, 38.059733973, -121.906132998, 38.059497699, -121.904897854, 38.059118634, -121.904286919, 38.059056228, -121.903618065, 38.058958119, -121.90290909, 38.058922419, -121.90191018, 38.058833252, -121.90100504, 38.058672712, -121.899912506, 38.058427491, -121.899404181, 38.058266955, -121.898191364, 38.057736289, -121.897303995, 38.057219057, -121.894454622, 38.055011791, -121.894053257, 38.054806745, -121.893455722, 38.054753184, -121.893067813, 38.054655128, -121.892265158, 38.054614957, -121.890361184, 38.054387535, -121.890022243, 38.05432955, -121.888911971, 38.054476733, -121.888434859, 38.054597119, -121.887074809, 38.05510995, -121.885259936, 38.05588134, -121.884430563, 38.055957169, -121.88375273, 38.055885834, -121.883119532, 38.055867963, -121.882294659, 38.055957166, -121.881527707, 38.056269258, -121.880510973, 38.056773201, -121.880109644, 38.057281503, -121.879717259, 38.05755348, -121.879494316, 38.057816608, -121.87899493, 38.057905798, -121.87870954, 38.057994932, -121.878018384, 38.058521153, -121.877625992, 38.058735191, -121.87641311, 38.059091864, -121.87555249, 38.05960024, -121.87501739, 38.060139811, -121.874134437, 38.060576774, -121.873461145, 38.06101376, -121.872310666, 38.061584514, -121.871142457, 38.061887732, -121.870718772, 38.062039369, -121.869693253, 38.062708235, -121.869220575, 38.062855388, -121.868970859, 38.063087246, -121.868475855, 38.063684751, -121.868208331, 38.064193106, -121.867673282, 38.064710374, -121.866879563, 38.065325684, -121.866656594, 38.065597727, -121.866299861, 38.06622196, -121.866366743, 38.066601045, -121.866317667, 38.066944395, -121.866183903, 38.067501773, -121.866174956, 38.06826425, -121.865858351, 38.0691873, -121.865773662, 38.069606438, -121.865376796, 38.070110326, -121.865278731, 38.070529499, -121.865622091, 38.070765824, -121.86593861, 38.070823816, -121.866745712, 38.070805936, -121.869220575, 38.070930792, -121.873086628, 38.071358867, -121.875646117, 38.071568485, -121.877880118, 38.072348804, -121.878174455, 38.072527165, -121.879186608, 38.072870556, -121.879824257, 38.073289722, -121.880649236, 38.073566123, -121.881184309, 38.073298604, -121.881260128, 38.073659782, -121.88115756, 38.073793582, -121.881781824, 38.074564995, -121.883476298, 38.076223796, -121.884751631, 38.077561514, -121.885612179, 38.078783262, -121.885924299, 38.07970636, -121.886040236, 38.080531234, -121.885933244, 38.080972708, -121.885630069, 38.081561279, -121.884127297, 38.083465376, -121.883146281, 38.084959151, -121.882878793, 38.085721617, -121.882860902, 38.086207727, -121.883057176, 38.087108401, -121.883400481, 38.088004689, -121.88427893, 38.089239851, -121.88439044, 38.089355839, -121.884849679, 38.089364768, -121.885010256, 38.089498483, -121.885086072, 38.089815093, -121.885616695, 38.090662296, -121.885754865, 38.090702441, -121.886231989, 38.091937679, -121.887342374, 38.093560749, -121.890338866, 38.094934167, -121.892960827, 38.09556735, -121.893634088, 38.09563423, -121.894035455, 38.095745703, -121.895520291, 38.096280823, -121.895997459, 38.096543858, -121.89643442, 38.097136983, -121.896568235, 38.097573933, -121.89647011, 38.098109009, -121.896242685, 38.099076636, -121.895596099, 38.100008647, -121.894378813, 38.101038649, -121.892835953, 38.102162359, -121.890860606, 38.10342427, -121.88980375, 38.104525655, -121.889772574, 38.105854488, -121.890285372, 38.107834312, -121.891105844, 38.110117363, -121.891618636, 38.112003556, -121.891654327, 38.112766099, -121.891502704, 38.114135008, -121.890401305, 38.117104786, -121.889638751, 38.11824632, -121.88896095, 38.120092429, -121.888934203, 38.120703327, -121.889487126, 38.122834762, -121.889750256, 38.123708704, -121.890762476, 38.125006308, -121.892305278, 38.125800051, -121.893500357, 38.12608991, -121.894035455, 38.126089892, -121.895043207, 38.126031894, -121.897156809, 38.12523373, -121.89883342, 38.124092234, -121.900621499, 38.121595109, -121.901058529, 38.120703316, -121.901896808, 38.119882857, -121.902735167, 38.119352167, -121.903114185, 38.119066793, -121.903609121, 38.118834962, -121.904656988, 38.118625332, -121.906676978, 38.118455924, -121.908523105, 38.118397927, -121.909548698, 38.118473726, -121.911127182, 38.119066805, -121.912727958, 38.119900685, -121.913602006, 38.12064529, -121.914137094, 38.121407805, -121.915011044, 38.123481338, -121.916058976, 38.126660629, -121.916571739, 38.127173432, -121.917066701, 38.128145564, -121.916915113, 38.128698442, -121.916553941, 38.129171122, -121.91661185, 38.129688423, -121.91661185, 38.130049589, -121.915697801, 38.13461567, -121.91541242, 38.13516862, -121.914908507, 38.13547633, -121.912701216, 38.138174091, -121.912598678, 38.13826768, -121.911894189, 38.138285509, -121.911225294, 38.138343523, -121.911055812, 38.138446035, -121.910485112, 38.138900882, -121.910097089, 38.139315571, -121.909798409, 38.139801595, -121.909597667, 38.140341181, -121.909513012, 38.140858428, -121.909642296, 38.142271948, -121.909695781, 38.14275357, -121.909981177, 38.144225077, -121.910369113, 38.145455765, -121.91075262, 38.14602654, -121.911323406, 38.146655261, -121.91205464, 38.147181432, -121.912982177, 38.147596162, -121.914966504, 38.148394296, -121.91647806, 38.149165779, -121.917106812, 38.149522473, -121.917650825, 38.14995052, -121.918908312, 38.150980574, -121.921788915, 38.153607014, -121.923519064, 38.155163186, -121.924816593, 38.15620219, -121.926243544, 38.15723222, -121.927929088, 38.158387149, -121.929070567, 38.159501941, -121.930127393, 38.160746065, -121.93113959, 38.162070398, -121.932312373, 38.163787103, -121.933213089, 38.165227409, -121.933841833, 38.165985481, -121.934452777, 38.166342211, -121.935224136, 38.166596377, -121.935924222, 38.166756908, -121.936824995, 38.166828214, -121.93706579, 38.166810427, -121.937377938, 38.166306505, -121.937761351, 38.166279767, -121.938091378, 38.166030077, -121.938367847, 38.166052338, -121.938644315, 38.166462584, -121.938693358, 38.166591882, -121.939531698, 38.166614159, -121.940481485, 38.166489354, -121.941738886, 38.166507208, -121.942135737, 38.166583019, -121.943255021, 38.166297584, -121.943660807, 38.166177202, -121.944133427, 38.166391244, -121.944516903, 38.166770266, -121.945466734, 38.167269694, -121.94649233, 38.167960871, -121.94732167, 38.168817023, -121.947727441, 38.169343174, -121.948106478, 38.170292993, -121.948347336, 38.171697541, -121.94877541, 38.172718701, -121.949181176, 38.173338516, -121.949774242, 38.173886985, -121.95075076, 38.174337379, -121.951820918, 38.174431019, -121.954558843, 38.173481233, -121.955365905, 38.17141221, -121.957381406, 38.170087823, -121.960025724, 38.170132407, -121.961332195, 38.170538216, -121.9631203, 38.171844735, -121.963548404, 38.172031973, -121.964257334, 38.172705373, -121.963619739, 38.173490144, -121.966081146, 38.18157452, -121.967204872, 38.182702604, -121.967463477, 38.182912217, -121.969701951, 38.183955605, -121.970861305, 38.18392443, -121.972145518, 38.184151871, -121.973001652, 38.184321323, -121.973420866, 38.184628947, -121.974022826, 38.184950019, -121.975075142, 38.185369185, -121.975935765, 38.185444995, -121.976542224, 38.185329035, -121.976885584, 38.185387003, -121.976885584, 38.185712494, -121.979864193, 38.185663485, -121.979788442, 38.184303455, -121.981852953, 38.184178604, -121.982530789, 38.184562053, -121.982994478, 38.184196439, -121.984688956, 38.183197626, -121.984528438, 38.182912221, -121.985130424, 38.182559953, -121.987779105, 38.181917851, -121.988630778, 38.182189836, -121.989495894, 38.182368182, -121.991725414, 38.181266819, -121.992764372, 38.180642513, -121.994935959, 38.178560176, -121.996304912, 38.176566919, -121.997731801, 38.1746049, -121.999725095, 38.172312949, -122.000772913, 38.173115614, -122.000585698, 38.173253811, -121.998815382, 38.175001752, -121.997299321, 38.177012812, -121.997210135, 38.177226883, -121.997330553, 38.177592521, -121.997477692, 38.177770882, -121.997580238, 38.178114244, -121.997513349, 38.17836396, -121.997566878, 38.178542314, -121.998026165, 38.178622569, -121.998632588, 38.178604713, -122.000915623, 38.178350561, -122.001593428, 38.178252425, -122.002632379, 38.178127639, -122.003872063, 38.177815439, -122.005829591, 38.177253616, -122.006378022, 38.177084164, -122.007051368, 38.176950362, -122.007238659, 38.176843383, -122.007488321, 38.176593699, -122.007715776, 38.176459876, -122.008059125, 38.176558025, -122.00834895, 38.176540184, -122.0094771, 38.176107641, -122.009824954, 38.175875763, -122.011207253, 38.175157853, -122.012165961, 38.174645008, -122.012879435, 38.174355204, -122.013481351, 38.173869159, -122.014288499, 38.173427708, -122.017204763, 38.171336347, -122.017405394, 38.17085038, -122.017284998, 38.170453457, -122.017311714, 38.170012055, -122.017659544, 38.169766812, -122.019099859, 38.169120196, -122.019889097, 38.169004316, -122.02029937, 38.168745674, -122.021267019, 38.168424548, -122.021440841, 38.168678788, -122.022809809, 38.168326479, -122.02476292, 38.167978694, -122.027741612, 38.167987571, -122.028704771, 38.167969767, -122.030755955, 38.168759057, -122.033939767, 38.169615151, -122.034782495, 38.169673159, -122.036089027, 38.169271824, -122.035442484, 38.168139231, -122.035625303, 38.167951924, -122.036196046, 38.168219481, -122.036677633, 38.169209373, -122.037859258, 38.168674317, -122.038216042, 38.16835321, -122.038425567, 38.168090142, -122.039758852, 38.166484867, -122.040815652, 38.165147196, -122.040994039, 38.164861759, -122.041101053, 38.164585336, -122.042037471, 38.163519571, -122.042394241, 38.162748154, -122.042420951, 38.162226445, -122.04264391, 38.16190091, -122.042911442, 38.161851894, -122.043397508, 38.161691328, -122.045711779, 38.15872162, -122.0476069, 38.156349322, -122.048748431, 38.154360585, -122.048748431, 38.154097464, -122.048529907, 38.153722946, -122.048806357, 38.153544612, -122.049234471, 38.153477706, -122.049586708, 38.153562427, -122.051058252, 38.151479999, -122.052306751, 38.149763299, -122.054951027, 38.147168091, -122.056074705, 38.14589279, -122.056743583, 38.144862701, -122.056979952, 38.144175977, -122.057113658, 38.144046694, -122.05737231, 38.143636489, -122.057532808, 38.143168256, -122.057358957, 38.142931891, -122.057037874, 38.142833854, -122.057046805, 38.142655439, -122.05737231, 38.14184833, -122.05785389, 38.141339989, -122.058464836, 38.140987715, -122.059120259, 38.139645574, -122.059245118, 38.13934233]}"
CA_251053,61,"{""type"": ""Polygon"", ""coordinates"": [-118.877618598, 35.031937531, -118.877600733, 35.0309654, -118.877524915, 35.030943142, -118.873297724, 35.030894045, -118.873235238, 35.031063563, -118.873244215, 35.03193748, -118.873204038, 35.034447986, -118.873369011, 35.034488125, -118.877480295, 35.03454606, -118.877596289, 35.034470305, -118.877609621, 35.034278559, -118.877618598, 35.031937531]}"
CA_247395,47,"{""type"": ""Polygon"", ""coordinates"": [-119.440276861, 36.624536691, -119.440267917, 36.624095246, -119.439826483, 36.624095243, -119.439826483, 36.624853288, -119.439884485, 36.624880012, -119.440214432, 36.62487113, -119.440276861, 36.624536691]}"
CA_246679,69,"{""type"": ""Polygon"", ""coordinates"": [-119.488644707, 36.764882416, -119.488091793, 36.764873476, -119.488091793, 36.765885715, -119.488301415, 36.765885687, -119.488617973, 36.765872293, -119.488644707, 36.764882416]}"
CA_244845,47,"{""type"": ""Polygon"", ""coordinates"": [-118.899071341, 34.990677408, -118.898665553, 34.990695243, -118.898389073, 34.991083234, -118.898429154, 34.991261582, -118.899053477, 34.991274933, -118.899049034, 34.991069849, -118.899071341, 34.990677408]}"
CA_253884,47,"{""type"": ""Polygon"", ""coordinates"": [-119.474339948, 35.539574955, -119.474255223, 35.53949917, -119.470179611, 35.539516939, -119.470050262, 35.539628428, -119.470019098, 35.541144561, -119.470063631, 35.541193626, -119.473180533, 35.541202506, -119.474259649, 35.541180259, -119.474295328, 35.541122268, -119.474339948, 35.539574955]}"
CA_249456,61,"{""type"": ""Polygon"", ""coordinates"": [-119.383369846, 35.350647296, -119.383351951, 35.349817924, -119.383356469, 35.34762849, -119.379873896, 35.347619542, -119.377363437, 35.347646286, -119.377358918, 35.347623993, -119.374527446, 35.347637362, -119.374469418, 35.347646347, -119.374456041, 35.349091083, -119.374861882, 35.350143371, -119.375093727, 35.350504572, -119.375454917, 35.350629469, -119.376663303, 35.350700794, -119.376908612, 35.35074092, -119.379098031, 35.350950486, -119.381238339, 35.351102101, -119.381443509, 35.351195727, -119.381537147, 35.35120023, -119.382781184, 35.350732018, -119.383329716, 35.350691857, -119.383369846, 35.350647296]}"
CA_257449,47,"{""type"": ""Polygon"", ""coordinates"": [-119.1005112, 35.470641721, -119.099940414, 35.470637238, -119.099953816, 35.470463318, -119.098696321, 35.470463319, -119.098544726, 35.477629133, -119.100368481, 35.477633579, -119.1005112, 35.470641721]}"
CA_250182,47,"{""type"": ""Polygon"", ""coordinates"": [-119.332482592, 35.366682186, -119.33246921, 35.365901852, -119.332290823, 35.365834982, -119.330587401, 35.365826115, -119.32683284, 35.365830523, -119.323533174, 35.36578594, -119.323506409, 35.365839415, -119.323497459, 35.365857325, -119.323488508, 35.368069036, -119.323461832, 35.369290808, -119.323497459, 35.369313122, -119.328130512, 35.369339852, -119.332210535, 35.369353207, -119.332304204, 35.369313058, -119.332304204, 35.368220641, -119.332446879, 35.368113619, -119.332482592, 35.366682186]}"
CA_244653,47,"{""type"": ""Polygon"", ""coordinates"": [-121.350613689, 41.090959574, -121.350591442, 41.090495796, -121.34532965, 41.090518113, -121.341312089, 41.090567152, -121.341169299, 41.089773435, -121.339679973, 41.089465758, -121.338395808, 41.089951801, -121.337561938, 41.087254022, -121.335956601, 41.088203833, -121.334980131, 41.089073358, -121.334387052, 41.089238371, -121.33361119, 41.088903897, -121.33293342, 41.089166987, -121.332375973, 41.089809082, -121.331912244, 41.090772244, -121.331221101, 41.091713167, -121.329923474, 41.093416553, -121.329330449, 41.093724197, -121.328246864, 41.094424269, -121.328340474, 41.094736399, -121.328581345, 41.095200162, -121.329094124, 41.097072986, -121.329437512, 41.097594715, -121.329771842, 41.097755227, -121.329718332, 41.097541176, -121.330017129, 41.096493282, -121.331296931, 41.096413026, -121.336077074, 41.096234663, -121.336357953, 41.09948984, -121.339327771, 41.099284724, -121.339470408, 41.099061771, -121.339818195, 41.097674978, -121.339831589, 41.097434166, -121.341454738, 41.097278134, -121.344518184, 41.097398498, -121.345829154, 41.097460935, -121.345829085, 41.095066369, -121.349882444, 41.09500839, -121.350577988, 41.095008405, -121.350613689, 41.090959574]}"
CA_255916,47,"{""type"": ""Polygon"", ""coordinates"": [-119.303248706, 35.663359598, -119.294357259, 35.663381879, -119.294343875, 35.665085227, -119.294508835, 35.665143218, -119.303235322, 35.665125397, -119.303248706, 35.663359598]}"
CA_246965,47,"{""type"": ""Polygon"", ""coordinates"": [-119.932557133, 36.777015657, -119.932494744, 36.776926416, -119.932071087, 36.776953183, -119.9320845, 36.777385762, -119.932231602, 36.777532904, -119.932490244, 36.777332247, -119.932557133, 36.777015657]}"
CA_255974,47,"{""type"": ""Polygon"", ""coordinates"": [-119.294878908, 35.590814524, -119.294624776, 35.590787718, -119.286700998, 35.590814433, -119.286700998, 35.590805577, -119.275004783, 35.590850111, -119.274911077, 35.590894749, -119.274572248, 35.591452087, -119.274202124, 35.591804392, -119.273996982, 35.591889131, -119.272855485, 35.592250309, -119.272445196, 35.592491097, -119.272418422, 35.592593643, -119.272882169, 35.592629352, -119.279281035, 35.592602562, -119.294798689, 35.592544637, -119.29485666, 35.59210317, -119.294878908, 35.590814524]}"
CA_250608,69,"{""type"": ""Polygon"", ""coordinates"": [-119.067268631, 35.781967186, -119.062921008, 35.781993955, -119.062912042, 35.783608209, -119.062987857, 35.783617056, -119.067268631, 35.78360367, -119.067268631, 35.781967186]}"
CA_244437,47,"{""type"": ""Polygon"", ""coordinates"": [-121.684680638, 38.359532765, -121.684609297, 38.358092472, -121.684408672, 38.357994376, -121.677042194, 38.357936404, -121.670786121, 38.357905156, -121.666175351, 38.357865049, -121.666117399, 38.363131229, -121.666135237, 38.365204738, -121.666460762, 38.365971661, -121.666188752, 38.368999436, -121.666603467, 38.369084175, -121.667637985, 38.369151059, -121.669109476, 38.369369525, -121.669582131, 38.36933387, -121.670340184, 38.369008309, -121.670687972, 38.368981582, -121.671718015, 38.369102001, -121.672337882, 38.369226855, -121.674429166, 38.369761966, -121.674785902, 38.369770867, -121.675227385, 38.369695041, -121.676021073, 38.369378443, -121.676765772, 38.369124233, -121.677278505, 38.36909751, -121.679481325, 38.369110913, -121.679677522, 38.36904851, -121.679829171, 38.368847816, -121.680181454, 38.368125402, -121.680484665, 38.367960421, -121.680805711, 38.367955957, -121.681313988, 38.368049609, -121.682192463, 38.368357288, -121.68274989, 38.368370657, -121.683414241, 38.36844647, -121.684622695, 38.368330574, -121.684466615, 38.36058956, -121.684649405, 38.36006337, -121.684680638, 38.359532765]}"
CA_251752,47,"{""type"": ""Polygon"", ""coordinates"": [-119.118619566, 35.295523866, -119.118583891, 35.292763735, -119.118543778, 35.29262103, -119.115297551, 35.292670096, -119.115163809, 35.292621006, -119.114753533, 35.292598753, -119.114708982, 35.292710162, -119.114749096, 35.296009909, -119.114771371, 35.296050076, -119.117888308, 35.296072353, -119.118097924, 35.295880621, -119.118619566, 35.295523866]}"
CA_244148,69,"{""type"": ""Polygon"", ""coordinates"": [-120.558699647, 37.639035635, -120.558641683, 37.636618847, -120.558512405, 37.63657867, -120.557406507, 37.636382533, -120.557076546, 37.636351255, -120.556523592, 37.636382532, -120.555640758, 37.636774877, -120.554887113, 37.637260979, -120.554209346, 37.637653342, -120.553772401, 37.637858482, -120.552876111, 37.638201825, -120.551676626, 37.638558524, -120.550940874, 37.638732461, -120.55076697, 37.638745804, -120.549973245, 37.638915257, -120.549295452, 37.639031179, -120.548425919, 37.639142656, -120.547074792, 37.639151591, -120.546156233, 37.639120346, -120.545094936, 37.639057968, -120.543971267, 37.639026725, -120.543971267, 37.639245238, -120.543712592, 37.639245279, -120.543708201, 37.639026765, -120.543302401, 37.638977677, -120.539663764, 37.638812694, -120.53892803, 37.638794856, -120.538464242, 37.638750258, -120.537666048, 37.6387458, -120.537661656, 37.638834993, -120.537278149, 37.6389911, -120.537278149, 37.638750296, -120.537055212, 37.638692311, -120.536707366, 37.638678959, -120.535320627, 37.638692307, -120.533621683, 37.638589727, -120.533412091, 37.638745789, -120.532979555, 37.639758033, -120.533001867, 37.639842783, -120.534607181, 37.640698908, -120.534856826, 37.641149285, -120.535739716, 37.643066665, -120.535904769, 37.643111279, -120.539431871, 37.643075632, -120.53958796, 37.643035451, -120.540488736, 37.643062236, -120.541835364, 37.643057766, -120.542267871, 37.643080048, -120.54327122, 37.643080039, -120.543489666, 37.643048834, -120.544163011, 37.643075631, -120.544412725, 37.643039927, -120.544586638, 37.643120203, -120.544599989, 37.643575007, -120.544822913, 37.644631836, -120.544822913, 37.644984143, -120.544907673, 37.645073259, -120.544907673, 37.645398787, -120.544992433, 37.645510253, -120.544987953, 37.6458001, -120.545411578, 37.646513555, -120.545603319, 37.646674077, -120.54566129, 37.646411014, -120.54566129, 37.645505775, -120.545866382, 37.644863686, -120.546307833, 37.644248337, -120.546834042, 37.643780153, -120.546811732, 37.643619587, -120.547155072, 37.643441267, -120.547739159, 37.643030989, -120.547739159, 37.642870473, -120.547957685, 37.642897214, -120.548153903, 37.642754536, -120.548595346, 37.642540538, -120.549183906, 37.642531593, -120.549384601, 37.642473646, -120.549790381, 37.642255143, -120.550245169, 37.642107997, -120.550668864, 37.641907319, -120.551186096, 37.641162614, -120.551435796, 37.640863915, -120.55182374, 37.640645405, -120.552425723, 37.640591891, -120.552956386, 37.640324301, -120.553571713, 37.640137066, -120.553638551, 37.640065686, -120.553634159, 37.63963319, -120.553705476, 37.639387915, -120.553955172, 37.639276432, -120.554227175, 37.638772555, -120.554597282, 37.638393516, -120.554878242, 37.638197346, -120.555194772, 37.638103738, -120.555551526, 37.638121543, -120.556331867, 37.638411375, -120.557192476, 37.638835032, -120.557509088, 37.639062422, -120.557883664, 37.639267505, -120.558173487, 37.639361203, -120.558391996, 37.639361147, -120.558646162, 37.639209575, -120.558699647, 37.639035635]}"
CA_251118,47,"{""type"": ""Polygon"", ""coordinates"": [-119.137187273, 35.2352012, -119.137169438, 35.234572474, -119.137165001, 35.233493361, -119.136866234, 35.232820004, -119.136607663, 35.232432076, -119.136384674, 35.232177922, -119.135974455, 35.231798892, -119.135318972, 35.231366321, -119.134783811, 35.231116637, -119.134355752, 35.230973966, -119.133838512, 35.230853562, -119.133232091, 35.230782209, -119.132848573, 35.23076881, -119.132237711, 35.230813427, -119.131417249, 35.230978393, -119.130922272, 35.231152277, -119.130396058, 35.231410954, -119.129972512, 35.23168296, -119.129446295, 35.232142248, -119.129178749, 35.232449879, -119.128920165, 35.232837811, -119.128670454, 35.233364009, -119.128541073, 35.233858991, -119.128496526, 35.234425246, -119.128545598, 35.234924705, -119.128750674, 35.235597999, -119.128960274, 35.236003801, -119.129276894, 35.236436366, -119.129709404, 35.236877783, -119.130289041, 35.237292527, -119.130605657, 35.237466383, -119.131082798, 35.237675969, -119.131439522, 35.237791936, -119.13195677, 35.237912323, -119.132335765, 35.237965802, -119.133022496, 35.237992554, -119.133633355, 35.237943535, -119.134083777, 35.237863213, -119.134734829, 35.237667034, -119.135399188, 35.237354934, -119.135938784, 35.236998173, -119.136201881, 35.236770751, -119.136576429, 35.236369476, -119.13677262, 35.236097468, -119.137026754, 35.23563819, -119.137187273, 35.2352012]}"
CA_252549,47,"{""type"": ""Polygon"", ""coordinates"": [-119.769741979, 35.691563416, -119.769710792, 35.689877902, -119.769670683, 35.68982438, -119.766321914, 35.689877866, -119.766286221, 35.689998233, -119.767169097, 35.690582409, -119.767704227, 35.690961425, -119.768364103, 35.69134494, -119.768515709, 35.691460841, -119.768752041, 35.691630334, -119.769706287, 35.69161247, -119.769741979, 35.691563416]}"
CA_248230,69,"{""type"": ""Polygon"", ""coordinates"": [-120.041680272, 35.657834738, -120.041394857, 35.656550592, -120.040083899, 35.654089126, -120.038500909, 35.65090091, -120.038335934, 35.65087411, -120.032623856, 35.650874098, -120.03253021, 35.650945449, -120.032494498, 35.651016807, -120.032503492, 35.658146923, -120.032623856, 35.658240531, -120.041225477, 35.658276206, -120.041501898, 35.658253937, -120.041617845, 35.658169184, -120.041680272, 35.657834738]}"
CA_257626,61,"{""type"": ""Polygon"", ""coordinates"": [-119.10760116, 35.613337397, -119.10534935, 35.613368624, -119.105344824, 35.616824415, -119.107565482, 35.616793175, -119.10760116, 35.613337397]}"
CA_245730,47,"{""type"": ""Polygon"", ""coordinates"": [-119.246577968, 36.581020329, -119.244446525, 36.581006948, -119.244446525, 36.581180842, -119.246577968, 36.581198671, -119.246577968, 36.581020329]}"
CA_252463,69,"{""type"": ""Polygon"", ""coordinates"": [-120.083390703, 35.665740739, -120.081330646, 35.665718445, -120.081330646, 35.667439694, -120.081740879, 35.667448557, -120.0819995, 35.667221179, -120.083029483, 35.666226835, -120.083386207, 35.665892391, -120.083390703, 35.665740739]}"
CA_248786,61,"{""type"": ""Polygon"", ""coordinates"": [-119.146002983, 35.267315567, -119.142622918, 35.267315649, -119.137419134, 35.267342351, -119.137267577, 35.26740036, -119.137245305, 35.270833823, -119.137445932, 35.270842771, -119.145989585, 35.270798137, -119.146002983, 35.267315567]}"
CA_245140,61,"{""type"": ""Polygon"", ""coordinates"": [-119.35177712, 36.570478946, -119.351768171, 36.570264952, -119.351670084, 36.5698369, -119.351563048, 36.569792261, -119.351558617, 36.569573807, -119.351661135, 36.569243781, -119.351567478, 36.569217031, -119.351398063, 36.569770002, -119.351353494, 36.570108863, -119.351469391, 36.570724244, -119.351625515, 36.57077769, -119.35177712, 36.570478946]}"
CA_246072,61,"{""type"": ""Polygon"", ""coordinates"": [-119.139153778, 36.332728637, -119.138150475, 36.332688509, -119.138128203, 36.333286038, -119.139015533, 36.333294924, -119.13914038, 36.333174539, -119.139153778, 36.332728637]}"
CA_253303,61,"{""type"": ""Polygon"", ""coordinates"": [-119.725409636, 35.552033655, -119.725387365, 35.550401597, -119.725351662, 35.550370412, -119.724705104, 35.550374873, -119.721592642, 35.550388297, -119.716567201, 35.550428388, -119.716536002, 35.550464083, -119.71654051, 35.552078255, -119.716607326, 35.552113918, -119.725226787, 35.552056003, -119.725409636, 35.552033655]}"
CA_245297,47,"{""type"": ""Polygon"", ""coordinates"": [-119.037468423, 36.10172041, -119.036210946, 36.099959091, -119.036019242, 36.100025942, -119.036367043, 36.100498617, -119.036656862, 36.100784, -119.036723723, 36.100779553, -119.037423849, 36.101729379, -119.037468423, 36.10172041]}"
CA_251920,69,"{""type"": ""Polygon"", ""coordinates"": [-119.172507879, 35.18033193, -119.172253716, 35.180184785, -119.165738925, 35.180171419, -119.164182732, 35.180175869, -119.163866098, 35.180291786, -119.163821473, 35.18036762, -119.163834869, 35.186877926, -119.163915159, 35.186971518, -119.164267458, 35.187025019, -119.167986287, 35.1870295, -119.171995028, 35.187065214, -119.172485523, 35.18685558, -119.172498919, 35.186525651, -119.172507879, 35.184255917, -119.172494483, 35.182864714, -119.172507879, 35.18033193]}"
CA_256155,47,"{""type"": ""Polygon"", ""coordinates"": [-119.207948795, 35.604918604, -119.207373538, 35.604833923, -119.20684289, 35.60462432, -119.206361377, 35.604111484, -119.206267717, 35.604102586, -119.206272152, 35.605667708, -119.207948795, 35.605658818, -119.207948795, 35.604918604]}"
CA_252196,47,"{""type"": ""Polygon"", ""coordinates"": [-119.672636128, 35.570467605, -119.67184248, 35.569700653, -119.671115577, 35.568906925, -119.67058945, 35.568875662, -119.670348621, 35.568969376, -119.670134579, 35.568898018, -119.669751143, 35.568871253, -119.66788275, 35.568889111, -119.665144876, 35.568897994, -119.663494983, 35.568906917, -119.663312141, 35.568964874, -119.6633033, 35.570561207, -119.663383492, 35.57071284, -119.672582641, 35.570645964, -119.672636128, 35.570467605]}"
CA_251384,47,"{""type"": ""Polygon"", ""coordinates"": [-118.90963496, 35.245095896, -118.909585906, 35.24164902, -118.909541296, 35.241555355, -118.905349719, 35.241586624, -118.90529622, 35.241657948, -118.905287334, 35.241800657, -118.905251609, 35.245118228, -118.906531391, 35.245118222, -118.90963496, 35.245095896]}"
