field_id,mae,rmse,corr,bias,skill_score
CA_100310,4.0,6.3377177806105145,0.9729091287825825,-0.8333333333333334,0.9380190529259851
CA_100588,6.333333333333333,10.464224768228174,0.9305612231339426,5.666666666666667,0.8023540029331027
CA_100873,4.5,7.691987172809551,0.971536974627603,0.5,0.9393766899103458
CA_101679,4.083333333333333,8.098353742170895,0.9581016809161932,1.5833333333333333,0.905999920372656
CA_101797,7.583333333333333,12.711543310445563,0.8996871007159037,2.25,0.7695781342840167
CA_102128,4.166666666666667,6.695769808866889,0.9196773329473648,1.1666666666666667,0.8373639661426844
CA_102689,4.333333333333333,7.681145747868608,0.9550220524560653,0.0,0.9041289114072603
CA_103875,12.0,19.395016542057053,0.7136767368610109,12.0,0.1280103026400512
CA_104862,8.25,13.853399101544236,0.9593823323161894,8.083333333333334,0.865659452837893
CA_105521,5.833333333333333,8.803408430829505,0.9442997189114004,5.833333333333333,0.8006537698944323
CA_105749,8.916666666666666,18.0208212909401,0.8114252852655116,8.916666666666666,0.4489795918367345
CA_105986,11.5,18.596594670351163,0.6565276195035121,11.166666666666666,0.29945982444294406
CA_106984,8.083333333333334,13.967223537028874,0.9474177858899997,-5.583333333333333,0.5768512381755737
CA_107192,3.75,6.474308199851677,0.9603529681667763,-0.5833333333333334,0.8853713656304005
CA_107269,5.5,10.024968827881711,0.9417443953754431,-1.0,0.823132577238952
CA_107963,6.583333333333333,11.989578808281799,0.8925475803498221,6.583333333333333,0.7242242975713087
CA_108094,9.416666666666666,15.4137384606504,0.9030586253164286,6.25,0.7809787201352079
CA_109738,7.916666666666667,13.59840676942217,0.9648015040889779,7.916666666666667,0.8875487761617595
CA_110176,4.75,8.170067319184096,0.9508706348328925,4.75,0.8612846896511913
CA_110718,5.916666666666667,10.750968948580091,0.9588392502838111,5.583333333333333,0.8810905038150487
CA_110883,9.416666666666666,21.215167530173627,0.9157386158992787,2.75,0.8359538731004039
CA_110959,6.333333333333333,11.247221879201993,0.9529429929041648,2.0,0.8883330881271149
CA_11216,3.9166666666666665,9.305016568138573,0.95990352664711,-2.4166666666666665,0.9152303832582047
CA_112646,6.083333333333333,11.814539065631521,0.8897651584843923,5.416666666666667,0.7168096707384082
CA_113117,4.75,8.180260794538684,0.9751323378252655,3.9166666666666665,0.9356454488990403
CA_113720,5.166666666666667,7.874007874011811,0.9903181115330068,0.0,0.9807208518412148
CA_115464,5.916666666666667,10.120111988840176,0.8817569650191813,5.916666666666667,0.4919563195425265
CA_115801,7.583333333333333,13.580009818356784,0.97835089143183,-7.583333333333333,0.9370502062295548
CA_116294,4.5,8.708233651742088,0.9464187576804138,-0.6666666666666666,0.8612804878048781
CA_116825,12.666666666666666,29.473151624260794,0.9214107963393324,-9.0,0.6938162574442097
CA_11733,5.166666666666667,7.947746011710909,0.9719220850809132,4.5,0.912305734449115
CA_117389,23.916666666666668,48.45186614913128,0.8516836717925903,-23.583333333333332,0.4846045481988328
CA_117618,8.25,14.459714151162649,0.9742334555487092,7.25,0.9313081073681568
CA_117699,22.833333333333332,38.58756276314948,0.8737109579732119,17.833333333333332,0.6662702884429808
CA_118357,11.0,22.457367016935297,0.942221726553231,0.5,0.8716427829111553
CA_118917,9.083333333333334,17.93274472392147,0.965056571753908,-5.916666666666667,0.9233865564153088
CA_11941,3.25,7.041543391425869,0.9305437570352493,-2.4166666666666665,0.8486390231493258
CA_119568,17.5,41.59927883990298,0.7341821864995528,-15.833333333333334,0.24433231037954406
CA_119712,12.583333333333334,20.958291915134687,0.9693644114552825,12.583333333333334,0.8997317810877132
CA_119945,6.166666666666667,8.990735972840785,0.9901133993171211,0.8333333333333334,0.9801291604570294
CA_120258,14.166666666666666,33.59315406448165,0.8406244176173452,12.166666666666666,0.6673626292648178
CA_120425,26.5,53.51323823753022,0.747508827709153,-24.5,-1.3313564640234272
CA_12062,5.833333333333333,11.590225767142474,0.9608561486736316,4.833333333333333,0.8982275044588601
CA_121410,2.1666666666666665,3.559026084010437,0.9727782842233315,1.3333333333333333,0.9380497911218286
CA_121623,7.25,11.59382019295912,0.9832983916163043,4.083333333333333,0.9507251468240937
CA_122175,8.166666666666666,17.146428199482248,0.9685278836090188,-7.0,0.8898357789117328
CA_122403,2.75,4.112987559751022,0.9922544326106492,0.9166666666666666,0.9837170129140932
CA_12291,6.916666666666667,10.927793311857004,0.9352076204563942,-1.25,0.8624859055250342
CA_123169,5.833333333333333,13.0,0.9556739213191662,-4.166666666666667,0.8895379713223579
CA_125759,4.5,7.637626158259733,0.972625545236451,-2.8333333333333335,0.9329887038100708
CA_126031,4.666666666666667,8.640987597877148,0.9738824546525953,-3.8333333333333335,0.9340364051313198
CA_12627,1.4166666666666667,2.179449471770337,0.9920438355337324,-0.08333333333333333,0.9829123885183242
CA_126375,11.0,24.48128536930472,0.7785470378834176,10.833333333333334,0.5519352075383537
CA_127382,19.25,34.20891696619465,0.34587111602717724,-19.25,-0.9787234042553192
CA_128033,3.4166666666666665,5.204164998665331,0.9895717493941342,-0.5833333333333334,0.9787734308666971
CA_128901,5.166666666666667,11.269427669584644,0.9704769945892538,5.0,0.924333449183258
CA_129661,36.5,63.459961130358934,0.5705142197835464,-36.5,-1.339600109735826
CA_129664,9.833333333333334,17.430815624443202,0.8973993495772171,9.833333333333334,0.7206825886273533
CA_130000,5.416666666666667,9.133272505880171,0.9906129937657269,-1.25,0.9809082413076233
CA_130291,2.0,3.1885210782848317,0.9982536949081007,0.5,0.9964142957912062
CA_130897,9.083333333333334,13.338540649811232,0.983010168648953,2.25,0.9653366418214364
CA_131232,3.75,7.932002689527196,0.9365556093540083,1.25,0.8718111974192453
CA_132535,7.666666666666667,12.192894105447921,0.9755353127114162,-0.8333333333333334,0.9510193995941163
CA_132720,8.333333333333334,15.30795000427338,0.9283331731384691,7.333333333333333,0.8266079512463325
CA_133674,5.583333333333333,10.781929326423912,0.9340115518332468,3.4166666666666665,0.8588485277749671
CA_133883,7.416666666666667,13.573871960498227,0.8653949424512172,-0.25,0.7482254697286013
CA_134009,6.583333333333333,10.973452814254347,0.9490470628702742,-2.5833333333333335,0.8910975035327366
CA_134482,6.833333333333333,11.210114480533491,0.8865903466360066,-2.5,0.7059999025198616
CA_134803,4.666666666666667,8.154753215150045,0.9410373815689075,1.5,0.880138186551845
CA_135342,4.166666666666667,7.291547618075786,0.950561074218099,-1.5,0.893830344884969
CA_136233,5.833333333333333,9.891073416638527,0.9180312950593893,-2.0,0.7721678660952535
CA_136312,5.75,9.945685831890462,0.9104537370598945,-1.25,0.8212259651588936
CA_137260,3.3333333333333335,5.244044240850758,0.9902541459877235,0.0,0.9805821434175428
CA_137908,7.833333333333333,12.402956636759372,0.987513224849416,-7.833333333333333,0.9355109170305677
CA_138089,7.333333333333333,12.503332889007368,0.935747293339163,-4.5,0.8564615266903006
CA_139701,11.083333333333334,22.621892051727237,0.950952731565261,10.416666666666666,0.798594655756254
CA_140561,8.083333333333334,13.238202294873727,0.9836892613729722,2.5833333333333335,0.9648731600375822
CA_140665,8.166666666666666,16.015617378046965,0.9695360404547427,-0.6666666666666666,0.9294267355279524
CA_141887,2.0,3.2145502536643185,0.9909672900837614,-0.5,0.9814287853826569
CA_142793,4.666666666666667,9.282600210429546,0.9939531664614528,-4.666666666666667,0.9838457692788402
CA_143092,2.4166666666666665,3.774917217635375,0.9985268323269444,-1.4166666666666667,0.9963723342756071
CA_143271,5.916666666666667,9.420721840708387,0.9936167755226308,5.416666666666667,0.9809285896557745
CA_144104,30.25,57.32873043538758,0.644555952421328,-30.083333333333332,-1.1159680772583993
CA_14419,3.4166666666666665,6.461423991660043,0.6816458279601857,2.5833333333333335,0.36802270577105023
CA_145027,1.5,2.5495097567963922,0.99778793061389,-0.8333333333333334,0.9943318072814475
CA_145664,2.5,4.301162633521313,0.9877461846044091,0.0,0.9689694936576161
CA_146308,5.333333333333333,8.784455968736292,0.9901576988237109,2.8333333333333335,0.9781145676386304
CA_147819,31.416666666666668,56.27832620112293,0.5548411458381417,-31.416666666666668,-1.7531329228540393
CA_149265,7.5,13.613718571108091,0.9320387154688091,7.5,0.772997524815637
CA_149305,7.0,12.376052143824648,0.9004486714358243,7.0,0.7269857774146831
CA_149799,12.333333333333334,34.86402156952063,0.8183201617163258,-12.333333333333334,0.5396269292680618
CA_150220,2.1666666666666665,3.582364210034113,0.9944010322822712,-0.16666666666666666,0.9888092239124116
CA_150456,7.083333333333333,13.77497731395591,0.9678230321969961,0.25,0.9361176833659088
CA_150636,17.083333333333332,32.922889707112084,0.895279535699637,16.75,0.6097236530210136
CA_150688,4.666666666666667,8.878813734578134,0.9903862099639342,3.8333333333333335,0.9765766211899869
CA_151019,4.333333333333333,6.7700320038633,0.9892374961534015,-1.3333333333333333,0.9775290080078444
CA_151516,5.75,8.703447592764606,0.9914572109437592,0.75,0.9827248712442274
CA_152508,8.666666666666666,16.69331203406522,0.9223931235292517,7.166666666666667,0.8210807918673088
CA_152516,6.916666666666667,13.671747023210555,0.954330032315448,-0.08333333333333333,0.9073918608331842
CA_152680,5.583333333333333,9.438396756511846,0.9688486516494453,4.083333333333333,0.9246917928848186
CA_15309,5.0,7.989576542804589,0.9581214078265522,0.0,0.8955680023631262
CA_153170,37.416666666666664,68.17563103240532,0.26333060266240316,36.916666666666664,-0.06302214033861708
CA_153285,1.4166666666666667,2.4664414311581235,0.9993882863658243,-0.08333333333333333,0.9986643816819033
CA_153430,3.1666666666666665,5.400617248673217,0.9662437500595692,1.8333333333333333,0.9147433164849887
CA_154042,8.416666666666666,14.857657958103626,0.9832304469384807,4.416666666666667,0.9396321870513434
CA_154135,5.583333333333333,11.139269874337964,0.9588274329057216,2.0833333333333335,0.9163498810883691
CA_154810,4.583333333333333,8.025999418556339,0.9778537027782236,0.25,0.9553482461334065
CA_155363,3.6666666666666665,7.494442385305705,0.994904387639682,3.5,0.98528638608683
CA_155560,2.9166666666666665,5.123475382979799,0.9820656827813193,0.5833333333333334,0.9515558517455273
CA_155889,7.666666666666667,15.38939028465174,0.9622922652432382,7.0,0.9067919134387017
CA_156542,6.75,12.162099599438687,0.9213848507966927,6.25,0.7312540217267876
CA_157076,6.666666666666667,9.983319421247959,0.8884378716278211,0.3333333333333333,0.770573566084788
CA_157772,4.333333333333333,6.390096504226938,0.9548123455837958,1.6666666666666667,0.9058235633288487
CA_158327,23.416666666666668,39.36898102144208,0.6229655801441897,23.416666666666668,0.16712193811293719
CA_159621,5.0,8.020806277010642,0.9620629935639812,1.8333333333333333,0.9194098406291321
CA_160028,4.416666666666667,8.077747210701755,0.9532192464732775,2.25,0.8979061858246499
CA_160120,5.583333333333333,8.60716755578357,0.9407247621437415,-0.25,0.8843000303674461
CA_160350,4.5,7.831560082980487,0.9250674267923951,4.0,0.813276955602537
CA_160405,4.416666666666667,7.466592261534039,0.970926885923043,-1.0833333333333333,0.9323080036426187
CA_16061,4.916666666666667,10.19395245558202,0.9507280530623067,3.25,0.8811107138600882
CA_161125,4.5,7.393691004272944,0.9725708267919405,3.0,0.9339702564188594
CA_163993,3.5833333333333335,5.678908345800274,0.9806835425731223,-1.4166666666666667,0.9462076634388176
CA_165275,3.9166666666666665,7.708220719898118,0.9780477415474265,-1.0833333333333333,0.9556674749735746
CA_165479,8.416666666666666,14.773286702694158,0.93885968404182,4.416666666666667,0.8700527595388916
CA_165541,8.916666666666666,15.321553446044563,0.9330866364422726,8.916666666666666,0.7700361231861874
CA_16602,9.0,15.7797338380595,0.8628784379090803,5.833333333333333,0.7057607090103397
CA_166317,6.25,10.835897132525146,0.9583848547921916,1.0833333333333333,0.9177194246004711
CA_166718,4.75,6.970174555442162,0.9847899915132275,-1.0833333333333333,0.9346979922152838
CA_166979,7.583333333333333,11.265729744080792,0.9590540609504409,-4.083333333333333,0.801918387254105
CA_167092,5.583333333333333,8.817596044274199,0.9543421031824278,1.9166666666666667,0.9066229639452549
CA_167160,7.333333333333333,11.633285577743433,0.8851543452495741,1.0,0.7771348192536852
CA_168467,5.666666666666667,8.925618559330589,0.9767489248162323,3.0,0.9484086830992566
CA_16847,6.583333333333333,11.146748404803978,0.9586570141461158,-3.75,0.8727643808534998
CA_169006,5.833333333333333,9.617692030835672,0.9675485722272462,4.5,0.9193294411201822
CA_169486,4.666666666666667,7.427426651719064,0.9468138974016839,1.3333333333333333,0.871562302953873
CA_170091,2.4166666666666665,4.406434688800762,0.9908896807886711,-1.75,0.9694803139292458
CA_17091,5.416666666666667,9.733961166965893,0.8280452175819829,1.9166666666666667,0.65399538457637
CA_171395,2.1666666666666665,4.396968652757639,0.9868385176244969,1.3333333333333333,0.9606713002203764
CA_171957,7.916666666666667,11.67975456363132,0.9485063604722451,-4.083333333333333,0.8057837757674626
CA_172607,2.0833333333333335,3.427827300200522,0.9969999026527676,0.75,0.9890570430733411
CA_173176,4.333333333333333,7.371114795831994,0.9814565692496113,1.5,0.9551825862809681
CA_17368,4.166666666666667,7.626707459098367,0.8818988283207985,1.1666666666666667,0.7705708337898542
CA_174086,5.0,8.573214099741124,0.8867015633598246,-1.0,0.7760284408329101
CA_174849,5.583333333333333,8.568352622684635,0.9849622363729806,-1.4166666666666667,0.9675244288667647
CA_176041,7.75,13.194064322009854,0.8941343613063854,2.4166666666666665,0.7868149811205225
CA_176246,5.583333333333333,9.482439911049617,0.9534452036777123,-3.5833333333333335,0.8319859858560955
CA_176261,5.083333333333333,8.241156876717412,0.9412732033175757,0.25,0.8853673402409864
CA_17644,4.083333333333333,6.800735254367722,0.9403426344842442,3.4166666666666665,0.8425531914893617
CA_177425,6.0,9.780933834080807,0.9584833807684545,0.0,0.9023885609823498
CA_177775,3.8333333333333335,6.928203230275509,0.9404834317942179,-2.0,0.8500650759219089
CA_178248,7.5,11.224972160321824,0.813780844191129,-1.0,0.6113110539845759
CA_178552,4.666666666666667,7.404953297174354,0.980330876525676,3.1666666666666665,0.9524540708492151
CA_178583,4.583333333333333,8.51958527942137,0.969190688548315,4.583333333333333,0.9130398608904013
CA_179090,3.4166666666666665,5.909032633745278,0.9656363128295143,1.25,0.9294810659186535
CA_179935,5.25,8.5,0.9201147704309471,2.0833333333333335,0.8275313308136065
CA_180087,7.333333333333333,11.839200423452027,0.9477739004868853,-0.6666666666666666,0.8950215324442965
CA_180321,5.416666666666667,8.450838222724812,0.9634766395027784,2.5833333333333335,0.9145882646069515
CA_180684,3.25,5.9651767227244274,0.9820745062805719,-1.0833333333333333,0.9621465086729115
CA_180936,4.0,6.3508529610858835,0.9798198978978483,1.6666666666666667,0.9568713938826884
CA_181084,2.0,3.696845502136472,0.9944474261469176,0.16666666666666666,0.9880761960157045
CA_18177,5.833333333333333,10.107752800037536,0.9369130873972293,5.5,0.8347634664630037
CA_181926,4.416666666666667,6.563789555838405,0.9575329828569983,1.0833333333333333,0.9120798140694972
CA_182086,7.5,11.172883841396246,0.9710087952836959,7.5,0.8904323339205061
CA_183602,4.166666666666667,8.573214099741124,0.9847132937240404,1.1666666666666667,0.9685059051427858
CA_183828,7.833333333333333,12.069244660154448,0.9719777960172614,1.5,0.942582474734756
CA_184177,3.0833333333333335,5.634713834792322,0.9960583392080656,3.0833333333333335,0.9886826080499035
CA_18461,7.416666666666667,11.390785749894517,0.7937839437053634,6.916666666666667,0.39030837004405283
CA_18496,3.75,6.264982043070834,0.88084423738257,1.75,0.7606301880399796
CA_185399,4.416666666666667,8.210765291169068,0.9648748821556257,1.5833333333333333,0.9239596143151431
CA_186283,4.75,7.566372975210778,0.9907081746084965,3.0833333333333335,0.9777374509867461
CA_186870,5.666666666666667,8.897565210026093,0.961357545315865,3.1666666666666665,0.9129425420777714
CA_186949,4.583333333333333,7.477744758058185,0.981547869989151,-3.0833333333333335,0.9163975787276899
CA_187438,8.333333333333334,13.30413469565007,0.9473599497182555,5.5,0.8640023477309714
CA_188163,4.083333333333333,7.205322107072429,0.9949966969533218,-3.5833333333333335,0.984259329442381
CA_188282,3.0833333333333335,5.439056290693573,0.9958701532822264,-0.9166666666666666,0.9914207689891007
CA_189979,11.083333333333334,19.259196937221102,0.9279315226170063,11.083333333333334,0.8052256358829428
CA_192791,9.75,16.99754884289693,0.9472822729946424,3.5833333333333335,0.8909027974448535
CA_192944,16.333333333333332,29.816103031751148,0.8525839638197211,16.333333333333332,0.6506189821182943
CA_194654,30.5,57.677262995626506,0.5765813758277634,28.0,0.2711992563506106
CA_195055,10.416666666666666,16.04940289647354,0.9846179786489399,9.75,0.9413532764658914
CA_195552,5.833333333333333,9.966610925150702,0.9940344567135815,2.1666666666666665,0.9815876056163981
CA_196039,5.5,10.198039027185569,0.9935282616606399,4.666666666666667,0.9818012132524498
CA_196217,42.666666666666664,74.5072703387618,0.5614248123727948,-41.5,-0.05992606696402536
CA_196350,37.583333333333336,71.58619513099808,0.5485349581995793,37.583333333333336,0.18837857189207874
CA_197206,8.833333333333334,20.153577019146418,0.9386628555880312,-7.0,0.864647455775764
CA_197548,5.5,11.561430130683084,0.9053815912255636,4.0,0.7876902713434811
CA_197684,4.916666666666667,9.013878188659973,0.9794797989447822,-1.5833333333333333,0.9427920417373616
CA_198018,4.166666666666667,6.819090848492928,0.9943026529888137,-2.1666666666666665,0.9849182395603405
CA_198392,7.083333333333333,11.658330355015107,0.9774008486529169,5.916666666666667,0.939175267343533
CA_199389,2.4166666666666665,4.010403138505321,0.9888569767415109,-1.5833333333333333,0.973773610544911
CA_199621,3.8333333333333335,7.314369419163897,0.9917329236337729,2.5,0.9788634436893497
CA_199886,3.5,5.8594652770823155,0.9968526623620334,1.8333333333333333,0.9919306268943197
CA_199904,5.5,8.95358401237553,0.9925161600809107,-1.6666666666666667,0.9844503263087709
CA_20111,3.3333333333333335,5.5677643628300215,0.9719424666864322,-1.1666666666666667,0.9315326922192059
CA_201209,5.416666666666667,8.411301920630361,0.9939342812071218,0.5833333333333334,0.982773925526141
CA_202362,12.833333333333334,22.700954458641895,0.6008277427157517,8.5,0.18777636705923528
CA_203481,2.9166666666666665,4.8218253804964775,0.9969218074867653,0.5833333333333334,0.9924007363205309
CA_203822,6.833333333333333,12.288205727444508,0.963286860612931,3.3333333333333335,0.9225494840550389
CA_203945,9.5,16.345233759927286,0.9188834604072199,-4.666666666666667,0.34544712127398935
CA_204345,4.25,7.477744758058185,0.9824782769027871,0.75,0.9645192561910637
CA_204773,7.75,14.818344486930156,0.9494396661822905,7.75,0.8657079636621549
CA_205074,4.083333333333333,6.525590650150631,0.9950630688460668,-1.75,0.9893483230383335
CA_205669,4.333333333333333,8.366600265340756,0.977488275127246,-2.6666666666666665,0.933237958989032
CA_206014,11.75,24.97832393629858,0.879444958654766,9.75,0.7352678584582927
CA_206280,4.5,8.897565210026093,0.9471511622830364,1.5,0.8939929328621908
CA_206394,37.083333333333336,70.68415664065039,0.3671805262341938,37.083333333333336,0.03709949409780755
CA_207283,3.5,6.60807586719967,0.9963270733420351,-1.6666666666666667,0.9883757043347088
CA_207336,10.166666666666666,17.09775813764288,0.9816815383728172,6.833333333333333,0.9241632392760054
CA_209424,4.75,6.849574196011505,0.9953692463170133,1.5833333333333333,0.990164392655614
CA_209730,4.0,6.879922480183431,0.9938987625381734,2.5,0.9852090715958188
CA_210797,11.666666666666666,21.342445970413046,0.8774341069021079,11.666666666666666,0.7011318278746788
CA_210817,5.5,7.989576542804589,0.9754137029404533,2.0,0.9460294160819658
CA_210979,3.9166666666666665,5.993051532121734,0.9923534829736999,-1.0833333333333333,0.9807592148926355
CA_211137,3.8333333333333335,5.901977069875258,0.9968087940917333,2.0,0.9927829311141134
CA_211378,4.75,9.22406273468114,0.9919763224200444,-1.5833333333333333,0.983486112402803
CA_213142,4.583333333333333,7.632168761236874,0.9955179614654904,3.25,0.9881765233227522
CA_213630,11.25,22.250468159868756,0.8887656170418954,3.4166666666666665,0.7790690107192995
CA_213840,5.416666666666667,9.656603957913983,0.95059526833806,5.416666666666667,0.8033046229565828
CA_21410,5.166666666666667,7.799572637865061,0.683882077463372,-0.16666666666666666,0.43672839506172834
CA_214463,4.166666666666667,7.505553499465135,0.9799952475659232,1.5,0.9572960480945888
CA_214741,5.416666666666667,9.069178573608527,0.9380320179202011,-4.083333333333333,0.8519518506018675
CA_214914,5.75,10.95825411885184,0.920824533432911,-5.416666666666667,0.7295293510393694
CA_215978,3.25,8.80814017448254,0.9889042761621489,-2.75,0.9687936447637456
CA_216205,9.083333333333334,14.795832746644125,0.9826693011875085,-6.416666666666667,0.9255633398740499
CA_216236,11.666666666666666,21.428174599500228,0.9153368024737859,-0.16666666666666666,0.8373699783799472
CA_21636,2.4166666666666665,3.9895697345286076,0.9874849640618324,-0.08333333333333333,0.9749675080001311
CA_216615,7.333333333333333,13.102162671355696,0.9714505610268485,-4.0,0.9345380590216723
CA_21795,4.416666666666667,7.342796923970229,0.973604906907917,0.9166666666666666,0.9407092891834927
CA_218007,9.833333333333334,16.502525059315417,0.961089822225638,9.833333333333334,0.8680733105471379
CA_218312,2.9166666666666665,4.5,0.9864892111208288,0.4166666666666667,0.9689377476671354
CA_218326,4.083333333333333,6.726812023536855,0.9729719469097696,0.4166666666666667,0.9452197598950802
CA_218428,5.083333333333333,9.793705461502642,0.8765907545321039,-1.4166666666666667,0.6891709424790711
CA_218496,6.166666666666667,10.214368964029708,0.9766837089169592,-0.8333333333333334,0.9536158861885004
CA_218504,3.6666666666666665,7.337120234351713,0.9765452991872197,0.3333333333333333,0.9531756817975899
CA_218705,5.0,8.831760866327848,0.8533781018444341,3.1666666666666665,0.6957664075408325
CA_219484,4.083333333333333,8.5,0.9773707565349046,3.75,0.9447946513849093
CA_221043,3.8333333333333335,7.831560082980487,0.9766334515154087,-1.6666666666666667,0.9369012152517308
CA_222239,5.833333333333333,9.0,0.9709092265277651,-1.1666666666666667,0.9308738554538181
CA_223390,8.25,13.206690223771687,0.8518538276380765,6.916666666666667,0.6436233611442193
CA_223445,5.166666666666667,8.495096624916439,0.9583224879754012,-4.666666666666667,0.8826611264170543
CA_223674,15.333333333333334,29.171904291629644,0.7203465737200044,12.666666666666666,0.46550821731393277
CA_224158,13.833333333333334,24.89310480166479,0.8323713809010687,1.6666666666666667,0.5829559316330394
CA_224522,10.75,19.315365213563354,0.9159620389264972,3.5833333333333335,0.7962939791379918
CA_225250,8.25,14.062361110425233,0.9280606317880685,-7.416666666666667,0.7190053285968028
CA_225292,3.75,5.909032633745278,0.952814621458269,0.9166666666666666,0.8982268642215205
CA_225626,5.416666666666667,9.447221813845593,0.9738109792758802,1.25,0.9474097716670759
CA_226101,12.583333333333334,30.66621376477159,0.8930347854779076,12.083333333333334,0.7635213008947843
CA_226270,16.333333333333332,28.293108701590217,0.9445924717101416,-16.333333333333332,0.7452620041015486
CA_226383,8.916666666666666,15.305227865013967,0.8910225601064481,8.916666666666666,0.7010449070750578
CA_227224,6.75,12.893796958227627,0.9577232033254411,5.916666666666667,0.8833248044447694
CA_227400,9.083333333333334,17.168284713389397,0.9361513550935682,7.416666666666667,0.850713825959418
CA_227632,7.0,12.396235987858034,0.9679365418630884,-0.8333333333333334,0.9332923344065406
CA_228703,6.416666666666667,10.626225419530053,0.9819472346949699,-0.08333333333333333,0.9405727818955308
CA_228776,7.833333333333333,12.851718432438,0.9782480485922017,-5.166666666666667,0.8477171010929487
CA_229866,15.916666666666666,35.453020557727754,0.8659185181192902,13.75,0.6972769375122304
CA_229991,5.916666666666667,9.733961166965893,0.9322720737889753,-5.083333333333333,0.7929841597378163
CA_230025,4.25,9.482439911049617,0.9538620265969388,-2.25,0.9048976114228633
CA_231117,2.8333333333333335,5.307227776030219,0.9661017979932353,1.6666666666666667,0.9223033159013849
CA_231410,4.083333333333333,8.210765291169068,0.9712102999487472,0.25,0.9248490478402229
CA_231654,5.333333333333333,13.14660919527668,0.942330938745774,-3.8333333333333335,0.8215658158875825
CA_232673,7.666666666666667,14.679918255903198,0.8352854971335008,6.333333333333333,0.6456684821703833
CA_233234,8.25,14.180385514270524,0.9004376551229314,8.25,0.7104197293810567
CA_235415,1.9166666666666667,3.640054944640259,0.9909570983308212,0.75,0.9808102345415778
CA_235534,4.583333333333333,8.371578903249572,0.9603317981652282,-2.9166666666666665,0.8947313521576318
CA_237235,1.75,2.8722813232690143,0.9986488085150412,1.5833333333333333,0.9960507944950469
CA_23925,6.583333333333333,10.161200716450788,0.9764336805542708,6.583333333333333,0.92234409276089
CA_239486,2.8333333333333335,4.69041575982343,0.9966370725080655,-0.6666666666666666,0.9909123245860633
CA_240061,6.0,9.68676072448026,0.9687455708063223,1.5,0.9364619580551115
CA_240493,10.666666666666666,17.029386365926403,0.796642692304147,10.666666666666666,0.4565896314803246
CA_241505,6.916666666666667,10.820505225419621,0.982680017945591,-2.4166666666666665,0.9603418224414477
CA_241534,5.333333333333333,9.504384952922168,0.9878583706189258,-4.166666666666667,0.9606290633058512
CA_242010,8.0,13.753787357185171,0.944922465020578,6.5,0.8658683106497804
CA_243548,3.9166666666666665,6.652067347825035,0.9934307515396967,-2.9166666666666665,0.9837469295929846
CA_244021,34.0,63.00793600809346,0.7305461269456492,-34.0,0.2511425813102648
CA_245311,5.583333333333333,8.827041784576908,0.9666654789513007,1.75,0.9316969829790342
CA_245360,2.9166666666666665,4.699290726623895,0.9856191852123419,0.9166666666666666,0.9578495307777954
CA_245541,1.9166666666666667,3.547299442298794,0.9963593103231085,1.4166666666666667,0.9884265321112637
CA_246113,7.333333333333333,13.083067937860243,0.7710409500706245,6.333333333333333,0.5165921393269004
CA_246529,5.166666666666667,9.03696114115064,0.9466390704588346,-1.0,0.8933855526544822
CA_2468,17.5,29.32859810264832,0.6059556022020404,17.5,0.25916887963826885
CA_249018,14.083333333333334,25.727741188582154,0.8349114066316009,2.25,0.6891122758836634
CA_249272,4.25,7.1004694680469305,0.6981415015324259,0.75,0.45613903663195743
CA_249396,15.5,27.09243436828813,0.7115312530181783,0.6666666666666666,0.46838346242832696
CA_250091,2.9166666666666665,5.057996968497839,0.886253470961434,0.75,0.7680246835841571
CA_250892,3.0833333333333335,5.678908345800274,0.9974418801933947,-0.25,0.9935593389585101
CA_251273,2.8333333333333335,4.43471156521669,0.9926249750643243,0.16666666666666666,0.9852546079350203
CA_25134,4.416666666666667,7.477744758058185,0.9878028395204809,-1.9166666666666667,0.9423328964613369
CA_251494,4.083333333333333,6.224949798994366,0.9889682727368162,-3.5833333333333335,0.9659165872608664
CA_251657,7.416666666666667,12.257650672131263,0.9812672599268625,2.0833333333333335,0.9467770026272029
CA_251751,4.75,7.388053419767167,0.860200867469675,2.0833333333333335,0.717550668391548
CA_253114,3.8333333333333335,6.27162924074226,0.7549797585398447,-3.8333333333333335,0.2897805642633229
CA_253591,4.333333333333333,7.516648189186454,0.9950793484422858,3.1666666666666665,0.9843399930707933
CA_254138,3.9166666666666665,7.297259759663212,0.9951992328892402,-3.9166666666666665,0.984472106289526
CA_256200,4.833333333333333,7.582875444051551,0.9928934263485498,2.0,0.9844239983295302
CA_25646,3.0,6.683312551921141,0.979971284642098,2.1666666666666665,0.9535085436724781
CA_256986,1.5833333333333333,3.905124837953327,0.9982612604880793,-1.25,0.9953093360446339
CA_257116,5.416666666666667,9.187854301558481,0.9939296880193292,-3.0833333333333335,0.9787964416535845
CA_25726,6.416666666666667,12.230426539304888,0.9449336457942504,4.083333333333333,0.8752757656296142
CA_257302,12.916666666666666,24.66272491027705,0.9472194062158439,-12.583333333333334,0.8605277740622552
CA_25763,4.75,7.58836829188814,0.9719096761865534,-1.5833333333333333,0.916603807742208
CA_258127,7.666666666666667,14.719601443879744,0.8797228815171192,5.5,0.7322072304047791
CA_258472,8.166666666666666,18.52925614624973,0.9376135294085245,7.166666666666667,0.8403595784252945
CA_258631,4.333333333333333,9.363047936792093,0.970096065468516,3.3333333333333335,0.9220509780675756
CA_259153,6.916666666666667,11.557825631723873,0.7114644269346276,4.916666666666667,0.45457638652602916
CA_259701,2.75,4.368447474027052,0.9954506238411914,0.08333333333333333,0.9886018615300384
CA_259742,5.25,8.674675786448736,0.9923820154493005,-2.4166666666666665,0.9830000329456726
CA_260826,20.083333333333332,38.73306081372863,0.7063840414299007,-0.9166666666666666,0.4986319109384464
CA_261291,3.0,5.901977069875258,0.9948730319562267,-0.5,0.9895909206930256
CA_262871,3.3333333333333335,5.6421036266035856,0.9970652792882895,1.6666666666666667,0.9920513127298642
CA_262885,3.5833333333333335,5.454356057317857,0.9946685245041434,-0.4166666666666667,0.9798949695186338
CA_263796,6.083333333333333,10.641898326896381,0.9374514764000911,4.583333333333333,0.8387709099537312
CA_264465,15.0,30.903074280724887,0.9190000652336303,10.666666666666666,0.8067323259579062
CA_264899,3.6666666666666665,7.2571803523590805,0.9959645617304425,-2.6666666666666665,0.9890797878161304
CA_265694,25.75,45.48534562545025,0.710832484233241,25.75,0.32837678205902787
CA_266040,3.1666666666666665,6.95221787153807,0.9297548187445105,-2.6666666666666665,0.8353013559241818
CA_267269,15.833333333333334,31.47220996371243,0.8081550388024149,15.666666666666666,0.5762906718712404
CA_268366,2.5833333333333335,5.515130702591432,0.9949192001761077,-0.5833333333333334,0.9782967400514337
CA_268680,5.25,9.569918146637061,0.9870493689584877,-1.25,0.9733378080314091
CA_26875,10.833333333333334,19.744197459844585,0.8549346628369863,-9.333333333333334,0.10262804527143687
CA_269189,4.083333333333333,6.677075208003377,0.9955482362804203,-2.9166666666666665,0.9857697942826491
CA_269369,11.333333333333334,20.828666143882888,0.9611501215232632,-10.5,0.8369520110870127
CA_269493,3.1666666666666665,4.949747468305833,0.992434911157575,-2.1666666666666665,0.9796472889011959
CA_269527,3.6666666666666665,5.94418483337567,0.9892695123161181,-0.6666666666666666,0.9747016706443914
CA_269957,3.1666666666666665,5.307227776030219,0.9968005433571524,1.6666666666666667,0.991159141983395
CA_270478,4.25,8.54887906882144,0.9141600990878396,-2.4166666666666665,0.6571651952959572
CA_271915,15.333333333333334,27.061657993059725,0.9366669984311482,-13.166666666666666,0.8450759885117417
CA_272200,11.333333333333334,32.53715824509981,0.8742830300844505,9.666666666666666,0.7346921727508144
CA_273256,5.916666666666667,10.781929326423912,0.8881873297372164,5.083333333333333,0.7383230163196398
CA_273411,4.25,6.87386354243376,0.9775197534069949,1.75,0.9450869617852387
CA_274062,4.333333333333333,8.306623862918075,0.9927039507155819,0.8333333333333334,0.982236048164338
CA_274108,5.583333333333333,9.543758868146938,0.9638795099126477,-2.9166666666666665,0.9074650242343429
CA_274127,6.333333333333333,11.113055385446435,0.9864421969597232,2.8333333333333335,0.971149353683227
CA_274575,22.5,40.110264687899196,0.7166400438296405,-6.0,-0.16622619568992847
CA_274791,2.8333333333333335,4.725815626252608,0.9914045309726246,1.6666666666666667,0.9727614594979165
CA_275122,6.333333333333333,13.410195126594294,0.9796984982701797,1.1666666666666667,0.9588146324473136
CA_275163,14.25,33.25281942933561,0.8822257941996495,-8.416666666666666,0.6337868793641155
CA_275841,3.5,5.446711546122731,0.9900406523115342,2.3333333333333335,0.9748402485349981
CA_276203,2.5833333333333335,4.112987559751022,0.9973517869646144,0.08333333333333333,0.99087189172175
CA_27730,14.666666666666666,24.37895267096873,0.7584012228563667,-14.333333333333334,0.32570672213292984
CA_278176,3.4166666666666665,5.678908345800274,0.9871253927991386,-1.4166666666666667,0.9708503853975746
CA_278205,2.5,3.851406669430448,0.989937405084526,0.3333333333333333,0.9791477522331234
CA_278287,6.083333333333333,12.439855304624729,0.9829843598871704,1.9166666666666667,0.9642139646475596
CA_279069,2.8333333333333335,4.949747468305833,0.9934651024183286,-0.6666666666666666,0.9737617135207497
CA_279297,5.25,8.401388774085707,0.9829610253490493,0.08333333333333333,0.9661204517273103
CA_279979,2.9166666666666665,4.425306015783918,0.9940337877523163,0.75,0.9867422016407701
CA_280097,6.083333333333333,10.364201207361168,0.9834722714134848,4.416666666666667,0.9595776929911671
CA_281208,4.083333333333333,7.205322107072429,0.9943866699585913,-3.5833333333333335,0.9846391873316443
CA_28177,8.916666666666666,16.054594358002323,0.886879659950835,-3.5833333333333335,0.7658193106320152
CA_282438,1.5,2.6770630673681683,0.9964048521318704,-1.3333333333333333,0.988469144906647
CA_282524,3.3333333333333335,7.820912137766711,0.9888238580569539,-2.6666666666666665,0.9736879839403498
CA_28297,4.0,6.3508529610858835,0.963350184735169,-1.3333333333333333,0.924937965260546
CA_283420,1.5,2.857738033247041,0.9832796099747719,0.5,0.9625668449197861
CA_285142,10.166666666666666,17.95364401266031,0.8183610317626354,-10.0,0.19732996697044647
CA_285559,2.9166666666666665,4.73462423711393,0.9965141510352629,-2.75,0.9851230528159277
CA_286468,4.416666666666667,6.714412359494562,0.9950582571852631,3.4166666666666665,0.984710063519653
CA_286837,4.916666666666667,11.339459128782702,0.978488020332739,4.083333333333333,0.9461820845286573
CA_287245,6.75,13.357270180192758,0.9842907080773533,-4.75,0.9542457005169886
CA_289337,6.916666666666667,11.750886491381548,0.7547949378849579,5.083333333333333,0.474690901405474
CA_289545,4.25,6.934214687571574,0.9377795865028931,-0.4166666666666667,0.8717516531145233
CA_289998,5.25,9.97914491994847,0.9481049462587156,-3.75,0.8317612276502886
CA_291054,8.75,13.060755465643377,0.9822978328496135,-2.0833333333333335,0.9554273271638541
CA_292155,3.8333333333333335,6.0553007081949835,0.969579582602124,-3.0,0.9218148433335308
CA_292890,5.416666666666667,8.616843969807043,0.9917621915046031,0.25,0.9811499051501026
CA_293035,5.75,9.29605651158956,0.9316713738081545,0.4166666666666667,0.8677801861532577
CA_293119,5.083333333333333,10.46024218967547,0.9844868115553289,3.0833333333333335,0.9581113415217738
CA_293386,3.4166666666666665,6.435578192102607,0.9300894978612144,-3.25,0.8250615980288631
CA_293711,5.583333333333333,8.779711460710615,0.9842325574546853,-1.25,0.9676501789440553
CA_293865,2.4166666666666665,4.031128874149275,0.9300516126723117,1.9166666666666667,0.7740658491841266
CA_294569,3.6666666666666665,5.507570547286102,0.9903227258511406,-1.3333333333333333,0.9792192963676586
CA_296394,2.6666666666666665,4.453463071962462,0.9650213922588671,-1.8333333333333333,0.9182224258389646
CA_297193,44.666666666666664,85.17922281871326,0.01770187360413544,44.666666666666664,-0.024957031525910667
CA_297554,9.416666666666666,15.402921800749363,0.9452719190084276,9.416666666666666,0.794633196277862
CA_297569,16.25,29.81750045415164,0.9371749595716165,16.25,0.8262538202228893
CA_299586,3.0,5.338539126015656,0.9976515485664469,-1.3333333333333333,0.9947114492484691
CA_29966,8.083333333333334,14.430869689661812,0.9777383453529569,6.583333333333333,0.9431102679630069
CA_301044,5.25,9.242113755341181,0.9907267840672599,-0.4166666666666667,0.981166743224621
CA_302451,5.333333333333333,8.717797887081348,0.8930368909986249,0.8333333333333334,0.7862792196379401
CA_302754,2.9166666666666665,6.563789555838405,0.9647319335440047,-2.5833333333333335,0.8860480493718316
CA_304101,4.833333333333333,7.884584115009914,0.9929258201569627,-3.6666666666666665,0.972362437366281
CA_304900,2.4166666666666665,4.907477288111819,0.9947271198692098,1.5833333333333333,0.9786626633524476
CA_304949,6.25,11.884864324004713,0.983078023874297,3.4166666666666665,0.9582458322812679
CA_305219,13.083333333333334,24.26760529320243,0.9492865002525599,13.083333333333334,0.8446121625558628
CA_306194,6.416666666666667,9.691061173404421,0.9824413433480675,6.416666666666667,0.9396155649320206
CA_306530,5.75,14.145081595145832,0.985995320083424,-4.75,0.9572682023931705
CA_307107,7.333333333333333,11.881357947081076,0.9871018263740148,-2.5,0.967542089262448
CA_308326,7.666666666666667,16.537835408541227,0.9696184788867788,2.5,0.934990591264732
CA_308483,9.916666666666666,22.81629534638201,0.8841677296378733,3.9166666666666665,0.7619533013880024
CA_308694,3.0833333333333335,5.236092690801669,0.9916744735839194,-0.9166666666666666,0.9650362655755997
CA_311324,10.416666666666666,20.377683872314833,0.9079965906923109,9.416666666666666,0.7540807639634306
CA_311666,6.0,8.698658900466592,0.993160229595632,-0.3333333333333333,0.9851537559117237
CA_311929,4.25,8.361618663073955,0.9874311777430418,3.4166666666666665,0.9697319528121505
CA_311936,7.416666666666667,16.033818426480117,0.8951541420086666,7.416666666666667,0.7223493058732646
CA_31256,5.416666666666667,11.250925887825113,0.9452259592787842,0.25,0.8868844829191102
CA_312570,11.333333333333334,23.18764038591824,0.7941796896618998,9.833333333333334,0.5623092056169866
CA_312714,2.5,4.83045891539648,0.9943530190082976,1.5,0.9871476603769255
CA_314026,3.1666666666666665,5.163977794943222,0.9881788339446729,0.8333333333333334,0.9702526203258268
CA_314177,5.916666666666667,10.087120500916008,0.992270292229489,5.416666666666667,0.9784937082500965
CA_315165,10.416666666666666,15.1354991108101,0.9420373378426381,10.416666666666666,0.8052978256250443
CA_315261,32.5,57.214508649467575,0.3583456554006106,-32.5,-0.8334441838484965
CA_315262,6.75,9.945685831890462,0.9876292276800073,-2.25,0.957078932698537
CA_315375,6.666666666666667,10.124228365658293,0.988830874671395,-2.6666666666666665,0.9495488105004102
CA_315416,3.4166666666666665,6.103277807866851,0.9974252647012511,3.25,0.9924629470382923
CA_315480,38.5,71.38393843622434,0.5194782757567872,-36.833333333333336,-0.2459519669637038
CA_315646,9.833333333333334,17.354154161660162,0.9734831588380292,-9.166666666666666,0.9280918848024301
CA_317164,4.0,6.695769808866889,0.8508491337709441,-0.16666666666666666,0.6351511726476406
CA_317355,3.4166666666666665,7.1004694680469305,0.9964314995990454,3.4166666666666665,0.9870570931942773
CA_31830,7.0,11.14300976696452,0.9812571013749593,-1.3333333333333333,0.9615089026808145
CA_318645,3.0,5.582711408148075,0.962091513920492,-2.1666666666666665,0.9121911134589423
CA_320038,2.75,4.55521678957215,0.9936661454557821,-2.0833333333333335,0.97350594076964
CA_320339,3.1666666666666665,5.01663898109747,0.9943567208716305,-2.1666666666666665,0.9769029272862851
CA_322353,21.75,36.668560557149405,0.835565032877851,21.75,0.5207283384654992
CA_322633,13.083333333333334,19.83893478323202,0.9622948794731994,4.916666666666667,0.8781381427871094
CA_323029,6.75,13.919410907075054,0.6518896340865615,-6.583333333333333,-1.675489067894131
CA_324613,6.5,14.023789311975086,0.07371629603007887,-5.166666666666667,-4.720056554231466
CA_32480,5.583333333333333,8.958236433584458,0.993044974409562,2.25,0.98317396944931
CA_325880,6.416666666666667,9.962429422585638,0.7154549184997335,2.9166666666666665,0.4583285957930642
CA_326564,3.0833333333333335,6.525590650150631,0.9124258189814813,-1.0833333333333333,0.8285426686053015
CA_326575,4.25,6.677075208003377,0.8444312565903598,0.25,0.694358486074744
CA_327150,12.0,21.61789382278795,0.7764241905972014,11.0,0.4220294584961568
CA_327198,5.083333333333333,8.99536917900909,0.9773444866491663,-4.25,0.940719184354586
CA_32722,7.416666666666667,15.16849805792694,0.9496930889531415,7.083333333333333,0.858488269287444
CA_327307,8.416666666666666,13.65955099310857,0.901623469007181,8.416666666666666,0.5743952858432734
CA_328830,4.083333333333333,6.701989754294367,0.9916174718059508,-1.25,0.9712589538045894
CA_328974,5.25,9.535023160258536,0.9756767998436746,1.75,0.9392936135879922
CA_329212,7.833333333333333,12.701705922171767,0.8905644185470941,7.666666666666667,0.6969436074042188
CA_330488,8.0,12.315302134607444,0.9557381629275445,1.1666666666666667,0.8849793816061808
CA_330672,7.5,12.267844146385297,0.8546861655042516,7.5,0.6263899184581172
CA_33134,5.5,9.530652303663864,0.9853034970569019,0.0,0.9705014083998819
CA_332205,4.666666666666667,7.011894655987543,0.9861891866120571,4.666666666666667,0.9126357354392892
CA_333756,4.75,7.621242243449117,0.9948279494394977,-2.4166666666666665,0.9836323822085326
CA_336306,4.333333333333333,7.571877794400365,0.9833584916244578,-3.1666666666666665,0.9393458520673543
CA_338036,9.166666666666666,16.041612554021285,0.9474108717247425,9.166666666666666,0.8362932725441341
CA_33823,7.5,12.793227374930325,0.9805956002911804,1.0,0.9612523284279474
CA_339336,2.6666666666666665,4.546060565661952,0.9913950012160617,0.5,0.9813267073262556
CA_339570,7.416666666666667,15.46770829825802,0.9863800298962843,-5.75,0.94358826573051
CA_339856,4.333333333333333,6.570134448142341,0.9933513667482314,4.333333333333333,0.9767560129232978
CA_340098,6.833333333333333,13.0,0.9295411415220732,6.833333333333333,0.8156754627806223
CA_340477,6.25,10.251016209787853,0.989165710044563,6.25,0.9620265553126937
CA_340795,1.6666666666666667,2.581988897471611,0.9457562211100515,0.5,0.8850023957834212
CA_341013,10.75,15.840349322747484,0.8248402367716374,10.75,0.5102804244995325
CA_342669,3.6666666666666665,6.258327785172862,0.9797894763386801,-0.8333333333333334,0.955092681062488
CA_342781,3.0833333333333335,5.545268253204709,0.9367487153059724,-1.0833333333333333,0.8567592922071621
CA_343221,26.666666666666668,56.07584150059632,0.505276519942698,25.333333333333332,0.18405181035306073
CA_343274,3.5,6.570134448142341,0.8586218716641016,0.0,0.7362861142929872
CA_343648,17.166666666666668,38.07011076071796,0.744097080849654,9.166666666666666,0.49848008977683156
CA_343666,5.791666666666667,9.760677913615085,0.8117723613076856,4.708333333333333,0.5631343889565571
CA_343782,29.583333333333332,62.08394854281311,0.2877339495105223,28.25,0.032088965309179596
CA_343914,4.583333333333333,8.261355820929152,0.9567862041146279,0.9166666666666666,0.912621359223301
CA_34492,11.666666666666666,29.447693741049854,0.9217145217875629,4.0,0.8054477496833338
CA_344925,9.166666666666666,16.65332799572906,0.8747066071129114,-6.333333333333333,0.7039672656111012
CA_344981,32.416666666666664,60.952850630630884,0.683542932070287,32.416666666666664,0.38550563501288726
CA_346051,5.166666666666667,9.504384952922168,0.9851597147800989,5.166666666666667,0.954612542262883
CA_37042,10.166666666666666,18.87237840513661,0.9418698412779479,2.5,0.8825283612651427
CA_40117,4.833333333333333,7.626707459098367,0.9888629663418632,-1.3333333333333333,0.9677572090122758
CA_40791,20.416666666666668,32.998737349581525,0.907672889060436,-0.5833333333333334,0.6199280596465033
CA_43699,3.6666666666666665,6.363961030678928,0.9771571149814341,3.3333333333333335,0.9298321602598809
CA_44219,5.666666666666667,10.583005244258363,0.9810737299522037,1.6666666666666667,0.9612557294819684
CA_45990,9.583333333333334,17.904841058588968,0.9552021663985579,-8.416666666666666,0.8823658319679337
CA_46605,2.4166666666666665,3.905124837953327,0.9982703664416172,0.08333333333333333,0.9956346547978046
CA_47884,31.333333333333332,55.82860676511042,0.1907080572579925,-31.333333333333332,-1.2083991438482546
CA_48511,8.25,15.440746959479217,0.9687612407205931,4.75,0.9256427638575144
CA_48799,5.5,9.772410142846033,0.9885324005350058,1.3333333333333333,0.9730669800235018
CA_49268,11.083333333333334,19.585283590832514,0.9568900390399001,9.25,0.8858545718306541
CA_49460,4.583333333333333,8.301606270274847,0.991165298872114,-3.25,0.9608627237556642
CA_50200,3.75,7.088723439378913,0.9932158686665556,-1.4166666666666667,0.9856153722290806
CA_50989,2.5,3.958114029012639,0.9249940033866101,1.5,0.8145804224541794
CA_51152,3.0,4.915960401250875,0.9971020238456074,2.8333333333333335,0.9904721227453428
CA_51452,7.25,14.326548781894402,0.841208284013629,7.25,0.6259349727260071
CA_52501,11.75,20.92645853140628,0.9631406358922976,11.75,0.8790046375799393
CA_5256,6.0,13.533908033774527,0.8968212312037035,-5.166666666666667,0.7781665264928511
CA_53071,9.166666666666666,17.014699527173555,0.9642867820710759,-6.0,0.9098479950002054
CA_53305,1.6666666666666667,2.48327740429189,0.9958537107266642,-1.0,0.9881971396671806
CA_54305,8.25,12.365947867699695,0.9845778961598575,0.25,0.9593295470286743
CA_54616,15.083333333333334,27.183021661814323,0.9142918658291123,15.083333333333334,0.7559250185801976
CA_54688,27.083333333333332,47.30662391955979,0.6983887501752163,10.583333333333334,0.29364265235803144
CA_54790,9.083333333333334,13.991068579633222,0.9767465238840123,-4.916666666666667,0.9094343987353973
CA_55252,4.166666666666667,8.144527815247077,0.9812723224716785,2.1666666666666665,0.9601772678570684
CA_55369,7.333333333333333,17.131841699011815,0.9302960448779422,6.166666666666667,0.8288962300816167
CA_57810,3.0,5.01663898109747,0.9813844667731003,1.5,0.9558603217909212
CA_5907,3.75,7.170541588099651,0.9821978836608981,-2.4166666666666665,0.9483325308267214
CA_59450,4.583333333333333,7.076957915187382,0.9857579259385211,-1.25,0.9683067025259716
CA_60903,5.0,8.04155872120988,0.9897155407390688,0.6666666666666666,0.9791509940891994
CA_60928,20.416666666666668,38.59943868331076,0.5767858355010206,-19.916666666666668,-1.6460946460946455
CA_62356,5.583333333333333,9.305016568138573,0.9885747709750774,-3.25,0.9687554035259182
CA_63548,4.25,7.182153808805081,0.9817784442703374,-3.0833333333333335,0.924741641337386
CA_64204,20.916666666666668,45.48717768045555,0.7976906362543509,-11.083333333333334,0.27870376422569376
CA_66272,6.333333333333333,11.853269591129697,0.9923399484776815,6.166666666666667,0.9767021684532713
CA_66675,4.333333333333333,7.211102550927978,0.9670845983110948,1.6666666666666667,0.9311334289813487
CA_66850,3.8333333333333335,8.175165645620481,0.9658062213870391,3.8333333333333335,0.9066790784268094
CA_67187,2.75,4.681523968396046,0.9958474383699903,-0.25,0.9909349157975464
CA_67740,15.333333333333334,26.463811768778385,0.934047563181397,-14.333333333333334,0.6516560912171381
CA_68010,6.833333333333333,14.702607478493965,0.9873825093421719,-4.5,0.9575176600320993
CA_68947,34.333333333333336,63.36008207065392,0.45188692094543886,34.333333333333336,0.12893951722267427
CA_69128,10.0,18.257418583505537,0.9466894123212811,-5.5,0.8866973213358386
CA_69317,11.666666666666666,22.88740556142905,0.9167136086575471,-5.5,0.7341987589458439
CA_70028,26.333333333333332,43.41658669218482,0.5152160807509735,26.333333333333332,0.12093890875174884
CA_7030,16.583333333333332,27.768387301630128,0.7449653670893399,-4.25,0.5438819900015198
CA_70844,7.833333333333333,14.685593847940458,0.9788320273047908,-7.5,0.9147541523588363
CA_71587,26.583333333333332,50.029158164680986,0.7306837959342768,26.583333333333332,0.39033796813153365
CA_71718,11.25,20.491868305907754,0.96029339884289,11.25,0.8432057917500752
CA_71776,7.75,12.776932339180638,0.9132568117128943,7.75,0.759779276517474
CA_72096,13.833333333333334,29.288791940490366,0.8869211962064781,-1.0,0.7162780442092498
CA_72468,14.25,23.942639787625758,0.7011349247751818,12.75,0.38062831546328324
CA_72535,16.75,30.054117854297438,0.7458637261196516,15.083333333333334,0.47652222208806716
CA_72592,46.666666666666664,80.20390680426152,0.12006002101256863,46.166666666666664,-0.017017931410050924
CA_74707,6.416666666666667,11.04158805003459,0.9394965955523336,6.083333333333333,0.8276187109697184
CA_74902,1.8333333333333333,3.3166247903554,0.9959179842002516,-0.5,0.9915733923479593
CA_75872,19.833333333333332,30.08044769170388,0.9597995230680824,19.833333333333332,0.7685877022699703
CA_76432,22.5,41.6913260363192,0.8601383477922553,-22.166666666666668,0.5590391374435136
CA_77101,37.333333333333336,69.68500556073738,0.601525563991212,-33.333333333333336,0.047718656033468365
CA_77158,17.583333333333332,31.547583108694713,0.5646968811207383,0.08333333333333333,-0.6439657249045045
CA_77257,7.416666666666667,13.6106575888162,0.9854509722281455,-7.416666666666667,0.9530524859690712
CA_77693,4.5,7.6702889993359005,0.8954815448750965,-2.3333333333333335,0.10811664385724806
CA_80450,17.916666666666668,32.70448491160399,0.9246602811099981,-17.916666666666668,0.8048334203443609
CA_81102,20.5,34.7970305246487,0.9121414355410187,3.5,0.830565626667159
CA_81739,4.666666666666667,8.103497187428813,0.6028088580063568,-2.0,-0.053475935828877
CA_81905,19.5,34.763486591537394,0.6475343351220547,-13.666666666666666,0.16463133640552996
CA_81937,7.25,18.87017046381228,0.9444058589377115,3.75,0.8689813064052903
CA_86773,5.583333333333333,11.368817000902073,0.7253726884057738,-2.75,0.4930820350800741
CA_87308,5.666666666666667,9.46924847422786,0.9276123728668132,3.5,0.8347137060126217
CA_88706,4.166666666666667,7.593857166596345,0.9712995369515441,-0.8333333333333334,0.9354718388660948
CA_89335,9.5,15.258877197662132,0.7968756999842769,2.0,0.6309561809996588
CA_89459,6.0,9.695359714832659,0.9496944305763834,-5.166666666666667,0.8568891144379599
CA_89481,7.25,13.979151142564653,0.9208084041304467,5.916666666666667,0.8204303545447584
CA_90023,4.333333333333333,7.604823031033223,0.9339609654717113,-1.3333333333333333,0.8610401962256595
CA_90393,7.25,11.686887238838807,0.936022526336345,3.5833333333333335,0.8625701368848393
CA_90562,7.0,11.254628677422755,0.9727400728389874,-3.8333333333333335,0.9244128945634471
CA_90738,11.833333333333334,22.105806175452337,0.8897700078968301,11.833333333333334,0.7167229586927905
CA_91730,2.9166666666666665,4.716990566028302,0.9811527207715411,-0.75,0.9598355312641027
CA_92436,40.0,78.56525949807586,0.6611117845556836,-38.166666666666664,0.2630235733954196
CA_92455,10.75,19.885086539079147,0.44172891959108523,10.75,0.009480734104549082
CA_92493,15.833333333333334,26.42915057280502,-0.23202428190570912,15.833333333333334,-0.35696940262263244
CA_92898,4.916666666666667,8.200609733428363,0.9736423418206963,0.75,0.9441664168261802
CA_94012,5.833333333333333,9.41629792788369,0.940257694025044,-3.3333333333333335,0.841075429424944
CA_94118,29.5,54.549671554159396,0.42353148010366126,28.333333333333332,0.003893800372410272
CA_96321,5.25,8.626509529738357,0.9694970695811174,-5.25,0.9034698951464706
CA_97508,8.083333333333334,14.056433876817168,0.7099089350622272,8.083333333333334,0.3915832691814216
CA_97925,3.4166666666666665,5.634713834792322,0.9763370082807078,1.0833333333333333,0.9511397518514956
CA_9796,2.25,4.232808366400098,0.9911772705617304,-1.0833333333333333,0.9769084123190935
CA_98479,3.5,6.506407098647712,0.9744957509823983,1.3333333333333333,0.9416628387689481
CA_98963,3.8333333333333335,8.553751613570894,0.9803573840142199,-3.5,0.9417433855851373
CA_99201,7.416666666666667,11.198958284888228,0.9668788207719562,2.25,0.9199198311487913
CA_99220,7.666666666666667,11.438239957848994,0.9515156658488748,4.0,0.8670618120237087
CA_99657,1.5833333333333333,2.7838821814150108,0.9861150465435762,-0.9166666666666666,0.9690103298900367
